id,portal,tanggal_terbit,url,judul,clean_text,label,confidence
3e4d57823a21,Tribunnews,2026-06-06,https://www.tribunnews.com/nasional/7838716/kejagungkpk-tangkap-pejabat-dpr-negara-sedang-bersih-bersih,"Kejagung–KPK Tangkap Pejabat, DPR: Negara Sedang Bersih-bersih - Tribunnews.com","Kejagung–KPK Tangkap Pejabat, DPR: Negara Sedang Bersih-bersih - Tribunnews.com. Kasus Korupsi di BGN Kejagung–KPK Tangkap Pejabat, DPR: Negara Sedang Bersih-bersih DPR menilai penangkapan pejabat oleh Kejagung dan KPK sebagai tanda bersih-bersih hukum, bukan pelemahan negara. Ringkasan Berita: TRIBUNNEWS.COM, JAKARTA – Wakil Ketua Komisi III DPR RI Ahmad Sahroni menilai penangkapan sejumlah pejabat oleh Kejaksaan Agung (Kejagung) dan Komisi Pemberantasan Korupsi (KPK) menunjukkan bahwa proses penegakan hukum di Indonesia sedang berjalan dan tidak tebang pilih.",negatif,0.4263
0e825e5552f5,Antara,2026-06-03,https://www.antaranews.com/berita/5593188/kemenag-publikasi-ilmiah-ptki-harus-beri-dampak-nyata,Kemenag: Publikasi ilmiah PTKI harus beri dampak nyata,"Kemenag: Publikasi ilmiah PTKI harus beri dampak nyata. Jakarta (ANTARA) - Sekretaris Jenderal Kementerian Agama Kamaruddin Amin menegaskan publikasi ilmiah dan penelitian Perguruan Tinggi Keagamaan Islam (PTKI) harus berorientasi pada dampak nyata bagi masyarakat dan negara, bukan sekadar mengejar pengakuan akademik atau indeksasi internasional. “Penelitian harus benar-benar impactful, responsif terhadap realitas dan kebutuhan masyarakat.",netral,0.4341
dec91eb6d83b,Suara,2026-06-04,https://www.suara.com/entertainment/2026/06/04/170014/eksperimen-gila-lagu-mbg-kawin-dengan-manufaktur-replika-baptis-milik-deadsquad,Eksperimen Gila! Lagu MBG 'Kawin' dengan Manufaktur Replika Baptis Milik DeadSquad,"Eksperimen Gila! Lagu MBG 'Kawin' dengan Manufaktur Replika Baptis Milik DeadSquad. - Akun @musiknyadimas berkolaborasi dengan Stevi Item menggabungkan vokal lagu parodi ""MBG"" dengan instrumen cadas ""Manufaktur Replika Baptis"" milik DeadSquad. - Hasil penyuntingan yang sangat sinkron membuat Stevi Item terheran-heran dan memicu reaksi kocak serta apresiasi tinggi dari netizen di media sosial.",positif,0.4402
e26e94de0117,Antara,2026-06-04,https://www.antaranews.com/berita/5594357/kejagung-ungkap-sudah-pelajari-kasus-korupsi-mbg-sejak-lama,Kejagung ungkap sudah pelajari kasus korupsi MBG sejak lama,"Kejagung ungkap sudah pelajari kasus korupsi MBG sejak lama. Jakarta (ANTARA) - Kejaksaan Agung (Kejagung) mengungkapkan bahwa sudah mempelajari kasus dugaan korupsi tata kelola program Makan Bergizi Gratis (MBG) pada Badan Gizi Nasional (BGN) tahun 2025–2026 sejak lama. Direktur Penyidikan (Dirdik) Jaksa Agung Muda Bidang Tindak Pidana Khusus (Jampidsus) Kejagung Syarief Sulaeman Nahdi mengatakan Kejaksaan memang memberi atensi pada program-program untuk rakyat, salah satunya Makan Bergizi Gratis (MBG).",negatif,0.4406
29ab21dae247,Antara,2026-06-03,https://www.antaranews.com/berita/5592425/kampanye-pencegahan-merokok-perlu-dimasifkan-dalam-kurikulum,Kampanye pencegahan merokok perlu dimasifkan dalam kurikulum,"Kampanye pencegahan merokok perlu dimasifkan dalam kurikulum. Jakarta (ANTARA) - Wakil Menteri Kesehatan Benjamin Paulus Octavianus mengatakan, kampanye pencegahan merokok perlu digalakkan melalui dunia pendidikan, seperti melalui edukasi tentang dampak merokok dalam kurikulum di SD dan SMP, guna mencegah adiksi dan kesakitan di masa depan. ""Datanya sangat jelas, jadi saya pikir umur 15-19 tahun itulah yang terpenting menurut saya.",netral,0.4472
e60678180777,Antara,2026-05-28,https://www.antaranews.com/berita/5585064/indonesia-ingin-belajar-dari-china-soal-pengentasan-kemiskinan,Indonesia ingin belajar dari China soal pengentasan kemiskinan,"Indonesia ingin belajar dari China soal pengentasan kemiskinan. Beijing (ANTARA) - Wakil Menteri Desa dan Pembangunan Daerah Tertinggal Ahmad Riza Patria mengatakan pemerintah Indonesia ingin belajar dari China dalam pelaksanaan program-program pengentasan kemiskinan. ""Yang penting untuk dipelajari bukan hanya program, tapi prosedural, sistematika, teknik mengatasi masalah, problem solving dan juga antisipasi semua, manajemen lainnya.",netral,0.4578
ab4e71c5b726,Tribunnews,2026-06-06,https://www.tribunnews.com/nasional/7838760/tii-undang-bgn-bahas-kajian-potensi-korupsi-mbg-sejak-tahun-lalu-tapi-tak-pernah-datang,"TII Undang BGN Bahas Kajian Potensi Korupsi MBG sejak Tahun Lalu, tapi Tak Pernah Datang - Tribunnews.com","TII Undang BGN Bahas Kajian Potensi Korupsi MBG sejak Tahun Lalu, tapi Tak Pernah Datang - Tribunnews.com. Kasus Korupsi di BGN TII Undang BGN Bahas Kajian Potensi Korupsi MBG sejak Tahun Lalu, tapi Tak Pernah Datang BGN berulang kali diundang oleh TII untuk bahas kajian pencegahan korupsi dalam program MBG tapi tidak pernah datang. Ringkasan Berita: - TII berulang kali mengundang BGN untuk membahas soal pencegahan korupsi dalam implementasi program MBG.",negatif,0.4612
accf5a59482f,Detik,2026-06-04,https://www.detik.com/bali/nusra/d-8517166/kepala-bgn-ditangkap-satgas-mbg-ntb-minta-tak-percaya-jual-beli-sppg,"Kepala BGN Ditangkap, Satgas MBG NTB Minta Tak Percaya Jual-Beli SPPG","Kepala BGN Ditangkap, Satgas MBG NTB Minta Tak Percaya Jual-Beli SPPG. Pergantian sekaligus penahanan Kepala Badan Gizi Nasional (BGN) Dadan Hindayana dipastikan tidak akan mengganggu pelaksanaan Program Makan Bergizi Gratis (MBG) di Nusa Tenggara Barat (NTB). Ketua Satuan Tugas (Satgas) MBG NTB, Fathul Gani, pun meminta masyarakat tidak mudah percaya terhadap pihak-pihak yang mengaku dapat memperjualbelikan lokasi atau titik pembangunan SPPG.",negatif,0.4663
e9e49b5cf7ed,Liputan6,2026-04-05,https://www.liputan6.com/disabilitas/read/6310290/cerita-susanto-koki-mbg-yang-tetap-bekerja-meski-kaki-tak-bisa-ditekuk,"Cerita Susanto, Koki MBG yang Tetap Bekerja Meski Kaki Tak Bisa Ditekuk","Cerita Susanto, Koki MBG yang Tetap Bekerja Meski Kaki Tak Bisa Ditekuk. Liputan6.com, Jakarta - Kecelakaan yang dialaminya tak membuat Susanto, 37 tahun, larut dalam kesedihan. Meski kaki kanannya belum bisa ditekuk sejak peristiwa nahas pada 2005, ia tetap memilih melanjutkan hidup dengan penuh semangat.",positif,0.4674
58e0e123b11e,Antara,2026-05-25,https://www.antaranews.com/berita/5581732/satgas-kualitas-mbg-tetap-sesuai-standar-meski-anggaran-dikurangi,Satgas: Kualitas MBG tetap sesuai standar meski anggaran dikurangi,"Satgas: Kualitas MBG tetap sesuai standar meski anggaran dikurangi. Mataram (ANTARA) - Satuan Tugas Makan Bergizi Gratis (MBG) Kota Mataram, Provinsi Nusa Tenggara Barat memastikan kualitas MBG bagi siswa maupun ibu hamil, ibu menyusui, dan balita tetap sesuai standar meskipun anggaran berkurang. ""Pengurangan anggaran kami tegaskan tidak akan mengorbankan kualitas atau kandungan gizi makanan yang disajikan,"" kata Ketua Satgas MBG Kota Mataram H Lalu Martawang di Mataram, Senin.",netral,0.4784
6548cf184e94,Antara,2026-05-25,https://www.antaranews.com/berita/5581401/tak-ada-kompromi-standar-mbg-bgn-masih-tangguhkan-operasi-1152-sppg,"Tak ada kompromi standar MBG, BGN masih tangguhkan operasi 1.152 SPPG","Tak ada kompromi standar MBG, BGN masih tangguhkan operasi 1.152 SPPG. Tidak ada kompromi terhadap standar kualitas Program MBG. Seluruh SPPG wajib memenuhi ketentuan yang telah ditetapkan agar layanan yang diberikan benar-benar aman, sehat, dan berkualitas bagi masyarakat Jakarta (ANTARA) - Badan Gizi Nasional (BGN) masih menangguhkan atau suspend 1.152 Satuan Pelayanan Pemenuhan Gizi (SPPG) sebagai langkah tegas bahwa tidak ada kompromi untuk penyalahgunaan standar Program Makan Bergizi Gratis (MBG).",netral,0.4858
c3b4f0a078cd,Kumparan,2026-06-03,https://kumparan.com/kumparanoto/dicopot-dari-kepala-bgn-intip-isi-garasi-dadan-hindayana-yang-senilai-rp-1-4-m-27WZux4woe5,"Dicopot dari Kepala BGN, Intip Isi Garasi Dadan Hindayana yang Senilai Rp 1,4 M","Dicopot dari Kepala BGN, Intip Isi Garasi Dadan Hindayana yang Senilai Rp 1,4 M. Dicopot dari Kepala BGN, Intip Isi Garasi Dadan Hindayana yang Senilai Rp 1,4 M ·waktu baca 2 menit Sosok yang selalu jadi muka Badan Gizi Nasional (BGN), Dadan Hindayana resmi dicopot jabatannya sebagai ketua. Selain dirinya, Presiden Prabowo juga menanggalkan tugas Wakil Kepala BGN yakni Lodewyk Pusung dan Sony Sanjaya.",negatif,0.4865
0622251f2a2c,Tribunnews,2026-06-06,https://www.tribunnews.com/nasional/7838740/kabar-bahlil-lagu-mbg-bikin-jokowi-heran-hingga-jalan-ke-rumah-istrinya-diperlebar,Kabar Bahlil: Lagu,"Kabar Bahlil: Lagu. Kabar Bahlil: Lagu ""MBG"" Bikin Jokowi Heran hingga Jalan ke Rumah Istrinya Diperlebar Dari keheranan Jokowi soal lagu MBG di Solo hingga proyek jalan mulus ke rumah istri Bahlil di Sragen. Simak rangkuman lengkapnya!",negatif,0.487
137a3d7df3b1,Tempo,2026-06-04,https://www.tempo.co/ekonomi/cina-mbg-peternak-sppg-2217910,Pemain Asing Ancam Bisnis Peternak Ayam Petelur,Pemain Asing Ancam Bisnis Peternak Ayam Petelur. PETERNAK ayam petelur di daerah mulai cemas setelah isu pemasok telur dari negara lain mengemuka. Kecemasan mereka bertambah setelah satuan pelayanan pemenuhan gizi (SPPG) tak menyerap telur peternak untuk proyek makan bergizi gratis (MBG) sehingga harga bahan protein ini turun.,negatif,0.4888
f92b90eda063,Liputan6,2026-06-04,https://berita.liputan6.com/politik/read/7650571/said-abdullah-desak-pembenahan-bgn-usai-terungkap-kasus-korupsi,Said Abdullah Desak Pembenahan BGN Usai Terungkap Kasus Korupsi,"Said Abdullah Desak Pembenahan BGN Usai Terungkap Kasus Korupsi. Liputan6.com, Jakarta - Ketua Banggar DPR Said Abdullah mendesak Badan Gizi Nasional (BGN) memperbaik tata kelola dalam mengurusi Makan Bergizi Gratis (MBG), menyusul adanya dugaan korupsi dalam mengelola program tersebut. ""Saya sejak awal bolak-balik menyatakan kelemahan BGN sebagai prioritas yang menjadi andalan Bapak Presiden adalah pada aspek tata kelolanya,"" kata dia di Kompleks Parlemen Senayan, Jakarta, Kamis (4/6/2026).",negatif,0.4902
fe5786b775ae,Suara,2026-06-04,https://www.suara.com/video/2026/06/04/151755/sppg-diplesetkan-penjilat-hasan-nasbi-kritik-pernyataan-eks-ketua-bem-ugm-tiyo-ardianto,"SPPG Diplesetkan 'Penjilat', Hasan Nasbi Kritik Pernyataan Eks Ketua BEM UGM Tiyo Ardianto","SPPG Diplesetkan 'Penjilat', Hasan Nasbi Kritik Pernyataan Eks Ketua BEM UGM Tiyo Ardianto. Suara.com - Hasan Nasbi menanggapi kritik yang disampaikan mantan Ketua BEM UGM Tiyo Ardiyanto terhadap SPPG. Dalam tayangan youtube Terus Terang dengan Mahfud MD, awalnya Tiyo membahas mengenai kampus-kampus yang menolak mengelola atau menjadi SPPG.",negatif,0.4917
8b1299b8b3c3,Antara,2026-05-25,https://www.antaranews.com/berita/5581252/satgas-mbg-banyak-sppg-di-lampung-terkendala-ipal-untuk-dapat-slhs,Satgas MBG: Banyak SPPG di Lampung terkendala IPAL untuk dapat SLHS,"Satgas MBG: Banyak SPPG di Lampung terkendala IPAL untuk dapat SLHS. Kebanyakan dari dapur ini IPAL-nya kurang standar dan biaya untuk pembuatannya pun cukup mahal. Namun ini jadi hal wajib yang harus dipenuhi untuk menjamin keselamatan penerima manfaat,,, Bandarlampung (ANTARA) - Satuan Tugas (Satgas) Makan Bergizi Gratis (MBG) Provinsi Lampung menyatakan sebanyak 376 dapur Satuan Pelayanan Pemenuhan Gizi (SPPG) Program Makan Bergizi Gratis di Provinsi Lampung telah memiliki Sertifikat Laik Higiene Sanitasi (SLHS).",negatif,0.4951
62ff17167e4c,Tempo,2026-06-03,https://www.tempo.co/hukum/jaksa-benarkan-penggeledahan-kantor-bgn-2216230,Jaksa Benarkan Penggeledahan Kantor BGN,"Jaksa Benarkan Penggeledahan Kantor BGN. PELAKSANA harian Kepala Pusat Penerangan Hukum Kejaksaan Agung Mohammad Jeffry membenarkan penyidik Jaksa Agung Muda Tindak Pidana Khusus menggeledah kantor Badan Gizi Nasional (BGN) di Jalan Kebon Sirih, Jakarta Pusat, pada Rabu, 3 Juni 2026. “Penyidik Pidsus Kejaksaan Agung benar melakukan penggeledahan di kantor BGN,” kata Jeffry pada Rabu, 3 Juni 2026.",negatif,0.4956
21bf2fd79f6e,Kumparan,2026-04-29,https://kumparan.com/kumparanbisnis/video/1777458670190543293,Prabowo Pastikan MBG Diteruskan Sampai Selesai,Prabowo Pastikan MBG Diteruskan Sampai Selesai. Pencarian Masuk Buat Tulisan Loading Loading Loading Loading Loading Loading Loading Loading Loading Loading Lainnya Breaking News SATU Indonesia Awards Green Initiative Video Story Audio Story Trending kumparanPLUS Opini & Cerita Video Story Galeri Foto Kabar Daerah Polling Zodiak Tentang Kami Pedoman Media Siber Ketentuan & Kebijakan Privasi Panduan Komunitas Peringkat Penulis Cara Menulis di kumparan Informasi Kerja Sama Bantuan Iklan Karir Instagram Facebook Tiktok Youtube Whatsapp X kumparanBISNIS 29 Apr 2026 Prabowo Pastikan MBG Diteruskan Sampai Selesai Prabowo menilai banyak yang sudah mendapatkan manfaat dari program MBG. 1 Bagikan 1 Komentar Tulis Komentar,netral,0.4966
3b169ad41603,Tempo,2026-06-04,https://www.tempo.co/ekonomi/dampak-minim-mbg-bagi-peternak-2217915,Dampak Minim MBG bagi Peternak,Dampak Minim MBG bagi Peternak. Ringkasan Berita - Mantan Kepala Badan Gizi Nasional dan dua wakilnya menjadi tersangka korupsi proyek MBG. - Peternak ayam petelur di Magetan protes karena produknya tak terserap MBG sehingga harganya jatuh.,negatif,0.4969
17402e28b91a,Liputan6,2026-05-29,https://kesehatan.liputan6.com/psikologi/read/7432774/lagu-mbg-mas-bahlil-ganteng-mudah-terngiang-di-kepala-ini-kata-psikiater,"Lagu MBG Mas Bahlil Ganteng Mudah Terngiang di Kepala, Ini Kata Psikiater","Lagu MBG Mas Bahlil Ganteng Mudah Terngiang di Kepala, Ini Kata Psikiater. Liputan6.com, Jakarta - Lagu-lagu viral seperti MBG alias Mas Bahlil Ganteng dan lainnya kerap terngiang-ngiang di kepala. Otak dengan mudah menghafalnya.",netral,0.4978
52b35f5301ab,Tribunnews,2026-06-06,https://www.tribunnews.com/nasional/7838931/jejak-korupsi-bgn-saksi-ungkap-aktivitas-janggal-diler-motor-listrik-mbg-sebelum-kasus-terbongkar,"Jejak Korupsi BGN, Saksi Ungkap Aktivitas Janggal Diler Motor Listrik MBG Sebelum Kasus Terbongkar - Tribunnews.com","Jejak Korupsi BGN, Saksi Ungkap Aktivitas Janggal Diler Motor Listrik MBG Sebelum Kasus Terbongkar - Tribunnews.com. Kasus Korupsi di BGN Jejak Korupsi BGN, Saksi Ungkap Aktivitas Janggal Diler Motor Listrik MBG Sebelum Kasus Terbongkar Terakhir kali terlihat aktivitas sekitar dua bulan lalu, ketika truk-truk keluar-masuk membawa unit motor listrik berstiker program MBG Ringkasan Berita: - Diler merk motor listrik berinisial ""E"" yang digunakan dalam pengadaan sepeda motor untuk program Makan Bergizi Gratis (MBG) tampak sepi - Diler yang berada di sisi Jalan Raya Daan Mogot, Kelurahan Jelambar, Kecamatan Grogol Petamburan, Jakarta Barat, dalam kondisi tertutup - Terakhir kali terlihat aktivitas sekitar dua bulan lalu, ketika truk-truk keluar-masuk membawa unit motor listrik berstiker program MBG TRIBUNNEWS.COM, JAKARTA - Diler merk motor listrik berinisial ""E"" yang digunakan dalam pengadaan sepeda motor untuk program Makan Bergizi Gratis (MBG) tampak sepi pada Sabtu (6/6/2026) sekitar pukul 13.46 WIB. Kondisi tersebut terjadi setelah Kejaksaan Agung (Kejagung) menetapkan mantan Kepala BGN, Dadan Hindayana, sebagai tersangka dalam kasus dugaan korupsi penyimpangan tata kelola program MBG.",negatif,0.4982
5cef07f2a423,Antara,2026-06-02,https://www.antaranews.com/berita/5591005/belum-lengkapi-ipal-13-sppg-di-kudus-disuspend,"Belum lengkapi Ipal, 13 SPPG di Kudus disuspend","Belum lengkapi Ipal, 13 SPPG di Kudus disuspend. Kudus (ANTARA) - Badan Gizi Nasional (BGN) masih melakukan penghentian operasional sementara (suspend) terhadap 13 Satuan Pelayanan Pemenuhan Gizi (SPPG) di Kabupaten Kudus, Jawa Tengah, karena belum memiliki Instalasi Pengolahan Air Limbah (Ipal) atau Ipal belum standar. ""Awalnya ada 15 SPPG, namun dua SPPG kembali beroperasi setelah memenuhi persyaratan Ipal, sehingga saat ini yang tersisa ada 13 SPPG,"" kata Koordinator Wilayah SPPG Kabupaten Kudus Febria Suryaningrum di Kudus, Selasa.",negatif,0.499
7495a90048c0,Suara,2026-06-05,https://www.suara.com/lifestyle/2026/06/05/151500/apa-itu-mark-up-modus-dadan-hindayana-korupsi-motor-mbg,Apa itu Mark Up? Modus Dadan Hindayana Korupsi Motor MBG,Apa itu Mark Up? Modus Dadan Hindayana Korupsi Motor MBG. - Presiden Prabowo Subianto mencopot Dadan Hindayana dari Kepala Badan Gizi Nasional. - Dadan Hindayana diduga melakukan kasus korupsi MBG.,negatif,0.4998
b6fadf306dc6,Detik,2026-06-03,https://www.detik.com/jabar/hukum-dan-kriminal/d-8516848/dadan-cs-markup-barang-yang-tak-dibutuhkan-mbg-sepatu-hingga-tv-75-inch,Dadan Cs Markup Barang yang Tak Dibutuhkan MBG: Sepatu hingga TV 75 Inch,"Dadan Cs Markup Barang yang Tak Dibutuhkan MBG: Sepatu hingga TV 75 Inch. Kejaksaan Agung membeberkan eks Kepala Badan Gizi Nasional (BGN) Dadan Hindayana dan dua eks wakilnya, Sony Sanjaya dan Lodewyk Pusung melakukan penggelembungan (markup) barang di program Makan Bergizi Gratis (MBG). Barang-barang itu dikatakan tak mendukung operasional pelaksanaan MBG.",negatif,0.5001
7571064b5faf,Kompas,2026-06-07,https://nasional.kompas.com/read/2026/06/07/15404681/sekjen-pdip-komentari-korupsi-mbg-sejak-awal-kami-larang-kader-terlibat,Sekjen PDIP Komentari Korupsi MBG: Sejak Awal Kami Larang Kader Terlibat,"Sekjen PDIP Komentari Korupsi MBG: Sejak Awal Kami Larang Kader Terlibat. Baca berita tanpa iklan. Gabung Kompas.com+ Kompas.com, 7 Juni 2026, 15:40 WIB JAKARTA, KOMPAS.com - Sekretaris Jenderal (Sekjen) PDI-Perjuangan Hasto Kristiyanto mengomentari kasus korupsi Makan Bergizi Gratis (MBG) yang terkuak kini dengan mengingatkan soal larangan kadernya terlibat mencari keuntungan dari program MBG.",negatif,0.5013
3505f82d22ea,Antara,2026-06-04,https://www.antaranews.com/berita/5593344/kepala-staf-kepresidenan-ungkap-alasan-presiden-ganti-kepala-bgn,Kepala Staf Kepresidenan ungkap alasan Presiden ganti Kepala BGN,"Kepala Staf Kepresidenan ungkap alasan Presiden ganti Kepala BGN. Jakarta (ANTARA) - Kepala Staf Kepresidenan Jenderal TNI (Purn.) Dudung Abdurachman menegaskan pencopotan Kepala Badan Gizi Nasional (BGN) oleh Presiden Prabowo Subianto dilakukan untuk memperkuat transparansi, akuntabilitas, dan pengawasan program Makan Bergizi Gratis (MBG). Hal itu, ujar Dudung, agar program tersebut dapat tetap bersih dari praktik korupsi dan penyimpangan.",netral,0.5045
8de191235441,Tempo,2026-06-04,https://www.tempo.co/politik/legislator-pdip-tata-kelola-bgn-lemah-dalam-program-mbg-2235380,Legislator PDIP: Tata Kelola BGN Lemah dalam Program MBG,Legislator PDIP: Tata Kelola BGN Lemah dalam Program MBG. LEGISLATOR Partai Demokrasi Indonesia Perjuangan (PDIP) Said Abdullah menilai persoalan tata kelola menjadi titik lemah Badan Gizi Nasional (BGN) sejak lembaga itu menjalankan program makan bergizi gratis (MBG). Said menyatakan ini setelah Kejaksaan Agung menetapkan mantan Kepala BGN Dadan Hindayana dan dua mantan wakilnya sebagai tersangka korupsi.,negatif,0.5087
689a00877d8b,Antara,2026-06-05,https://www.antaranews.com/berita/5595625/satgas-mbg-situbondo-sebanyak-19-sppg-tak-beroperasi-sementara,Satgas MBG Situbondo: Sebanyak 19 SPPG tak beroperasi sementara,"Satgas MBG Situbondo: Sebanyak 19 SPPG tak beroperasi sementara. Situbondo (ANTARA) - Satgas Makan Bergizi Gratis (MBG) Kabupaten Situbondo, Jawa Timur mencatat sebanyak 19 unit Satuan Pelayanan Pemenuhan Gizi (SPPG) berhenti beroperasi, karena terkendala pencairan dana serta dihentikan sementara (suspend). Ketua Satgas MBG Kabupaten Situbondo Akhmad Yulianto menyampaikan sebanyak 19 SPPG yang dihentikan sementara, karena instalasi pengolahan air limbah (Ipal) tidak sesuai standar serta ada disebabkan infrastruktur, tata kelola, dan fasilitas dapur umum tidak sesuai standar.",negatif,0.5091
48920ea9478b,Antara,2026-06-04,https://www.antaranews.com/berita/5593949/pembenahan-mbg-dalam-48-jam,Pembenahan MBG dalam 48 jam,"Pembenahan MBG dalam 48 jam. Prabowo telah mengganti tiga pimpinan BGN sekaligus, memanggil 12 ribu mitra untuk konsolidasi, dan memberi peringatan keras kepada yang ia sebut ""brengsek"" agar kembali ke jalan yang benar. Langkah-langkah ini merupakan sinyal koreksi yang kuat dan Jakarta (ANTARA) - Selasa pagi, 2 Juni 2026, Presiden Prabowo Subianto tiba di Satuan Pelayanan Pemenuhan Gizi ((SPPG) Palmerah, Jakarta Barat, sekitar pukul 09.30 WIB.",negatif,0.5115
d0244923de81,Tribunnews,2026-06-07,https://www.tribunnews.com/nasional/7839020/program-mbg-dinilai-telah-dirancang-dengan-celah-korupsi-audit-total-dianggap-mendesak,"Program MBG Dinilai Telah Dirancang dengan Celah Korupsi, Audit Total Dianggap Mendesak - Tribunnews.com","Program MBG Dinilai Telah Dirancang dengan Celah Korupsi, Audit Total Dianggap Mendesak - Tribunnews.com. Kasus Korupsi di BGN Program MBG Dinilai Telah Dirancang dengan Celah Korupsi, Audit Total Dianggap Mendesak Tata kelola MBG disorot usai BGN diterjang skandal korupsi disorot. Audit dinilai mendesak dilakukan.",negatif,0.5121
671c48d6921a,Liputan6,2026-06-04,https://berita.liputan6.com/peristiwa/read/7666035/alasan-prabowo-tunjuk-nanik-s-deyang-jadi-kepala-bgn,Alasan Prabowo Tunjuk Nanik S Deyang Jadi Kepala BGN,"Alasan Prabowo Tunjuk Nanik S Deyang Jadi Kepala BGN. Liputan6.com, Jakarta - Menteri Sekretaris Negara (Mensesneg) Prasetyo Hadi mengungkap alasan Presiden Prabowo Subianto menunjuk Nanik S. Deyang sebagai Kepala Badan Gizi Nasional (BGN).",netral,0.5124
1ba133aedeac,Antara,2026-06-05,https://www.antaranews.com/berita/5596168/menko-polkam-minta-seluruh-jajaran-pemerintah-jauhi-praktik-korupsi,Menko Polkam minta seluruh jajaran pemerintah jauhi praktik korupsi,Menko Polkam minta seluruh jajaran pemerintah jauhi praktik korupsi. Jakarta (ANTARA) - Menteri Koordinator Bidang Politik dan Keamanan (Menko Polkam) Djamari Chaniago meminta seluruh jajaran pemerintah tidak menggunakan jabatannya untuk melakukan korupsi. Dia memastikan pejabat di tingkat pusat atau pihak yang merasa dekat dengan Presiden Prabowo Subianto pun akan ditindak tegas jika kedapatan korupsi.,negatif,0.5127
52891c903e65,Liputan6,2026-06-04,https://www.liputan6.com/news/read/7648854/prabowo-peringatkan-mitra-mbg-nakal-kembali-ke-jalan-yang-benar,Prabowo Peringatkan Mitra MBG Nakal: Kembali ke Jalan yang Benar,"Prabowo Peringatkan Mitra MBG Nakal: Kembali ke Jalan yang Benar. Liputan6.com, Jakarta - Presiden Prabowo Subianto memberi peringatan keras kepada para mitra dan penggerak program Makan Bergizi Gratis (MBG) yang menyalahi standar dan prosedur yang ditetapkan. Prabowo meminta para mitra membenahi diri dan menjauhi praktik-praktik yang berpotensi menimbulkan pelanggaran.",negatif,0.5137
99b47154f941,Detik,2026-06-05,https://www.detik.com/jabar/berita/d-8519472/mbg-di-karawang-tuai-polemik-sppg-disebut-ogah-pakai-produk-lokal,"MBG di Karawang Tuai Polemik, SPPG Disebut Ogah Pakai Produk Lokal","MBG di Karawang Tuai Polemik, SPPG Disebut Ogah Pakai Produk Lokal. Program Makan Bergizi Gratis (MBG) yang digadang-gadang menjadi angin segar bagi ekonomi arus bawah mulai memicu riak di Kabupaten Karawang. Dapur Satuan Pelayanan Pemenuhan Gizi (SPPG) di wilayah tersebut dituding enggan menyerap bahan baku dari pengusaha lokal.",negatif,0.5137
c45fd82fa5c7,Detik,2026-04-23,https://www.detik.com/jatim/jogo-jatim/d-8458202/kapolres-kediri-resmikan-sppg-ketiga-di-kandat-perluas-jangkauan-mbg,"Kapolres Kediri Resmikan SPPG Ketiga di Kandat, Perluas Jangkauan MBG","Kapolres Kediri Resmikan SPPG Ketiga di Kandat, Perluas Jangkauan MBG. Kabupaten Kediri kembali menambah kekuatan layanan gizi untuk warganya. Kapolres Kediri AKBP Bramastyo Priaji meresmikan Satuan Pelayanan Pemenuhan Gizi (SPPG) Polres Kediri 3 di Kecamatan Kandat.",positif,0.5146
8f7772262dd4,Antara,2026-05-25,https://www.antaranews.com/berita/5581727/hoaks-purbaya-sebut-program-mbg-bebani-apbn,Hoaks! Purbaya sebut program MBG bebani APBN,"Hoaks! Purbaya sebut program MBG bebani APBN. Jakarta (ANTARA/JACX) – Sebuah unggahan di media sosial Facebook mengeklaim bahwa Menteri Keuangan Purbaya Yudhi Sadewa, menyebut program Makan Bergizi Gratis (MBG) menjadi salah satu penyebab defisit Anggaran Pendapatan dan Belanja Negara (APBN). Unggahan tersebut menampilkan foto Purbaya Yudhi Sadewa seolah-olah dirinya membenarkan bahwa program MBG membebani APBN.",negatif,0.5147
f96e3d598be7,Detik,2026-06-03,https://www.detik.com/sumut/hukum-dan-kriminal/d-8516536/mantan-kepala-2-eks-wakil-kepala-bgn-ditahan-kejagung,Mantan Kepala-2 Eks Wakil Kepala BGN Ditahan Kejagung,"Mantan Kepala-2 Eks Wakil Kepala BGN Ditahan Kejagung. Kejaksaan Agung (Kejagung) menahan mantan Kepala Badan Gizi Nasional (BGN) Dadan Hindayana. Selain itu, dua mantan Wakil Kepala BGN yakni Sony Sonjaya dan Lodewyk Pusung juga ditahan.",negatif,0.5202
1a77cf8738dc,Antara,2026-06-02,https://www.antaranews.com/berita/5591341/satgas-mbg-dan-bumd-uji-coba-cng-untuk-dapur-mbg-di-rembang,Satgas MBG dan BUMD uji coba CNG untuk dapur MBG di Rembang,"Satgas MBG dan BUMD uji coba CNG untuk dapur MBG di Rembang. Rembang (ANTARA) - Satuan Tugas (Satgas) Makan Bergizi Gratis (MBG) Kabupaten Rembang, Jawa Tengah, bersama Badan Usaha Milik Daerah (BUMD) PT Rembang Migas Energi (RME) melakukan uji coba atau ""nyala perdana"" penggunaan Compressed NatCural Gas (CNG) di Satuan Pelayanan Pemenuhan Gizi (SPPG) Dorokandang, Kecamatan Lasem. ""Ini sesuai dengan semangat kami untuk membentuk ekosistem pangan dan ekonomi di lingkungan SPPG.",netral,0.5214
7d62e4f726c8,Antara,2026-06-02,https://www.antaranews.com/berita/5591063/guru-smpn-111-jakarta-ungkap-rasa-bangga-bertemu-presiden-prabowo,Guru SMPN 111 Jakarta ungkap rasa bangga bertemu Presiden Prabowo,"Guru SMPN 111 Jakarta ungkap rasa bangga bertemu Presiden Prabowo. Jakarta (ANTARA) - Kedatangan Presiden Prabowo Subianto di Sekolah Menengah Pertama Negeri (SMPN) 111 Jakarta disambut antusias tidak hanya oleh para murid, tetapi juga guru yang menyatakan rasa bangga karena bertemu Presiden. Menurut keterangan Badan Komunikasi Pemerintah (Bakom) RI di Jakarta pada Selasa, Guru Pendidikan Pancasila di SMPN 111 Jakarta, Sainur Ragil mengaku bangga karena sekolahnya mendapat kesempatan dikunjungi langsung oleh Prabowo yang meninjau pelaksanaan Makan Bergizi Gratis (MBG).",netral,0.5252
5b152511560a,Liputan6,2026-06-07,https://www.liputan6.com/tag/badan-gizi-nasional,Berita Badan Gizi Nasional Hari Ini - Kabar Terbaru Terkini | Liputan6.com,"Berita Badan Gizi Nasional Hari Ini - Kabar Terbaru Terkini | Liputan6.com. - HOME - News - Bisnis - Enam Plus - Bola - TV - ShowBiz - Otomotif - Foto - Hot - Cek Fakta - LAINNYA- IslamiBerita & Kajian Islami: Hukum, Amalan, dan Hikmah - Liputan6 - SahamBerita Saham, Investasi, Pasar Modal Dunia Dan Indonesia - CryptoBerita Crypto Hari Ini - Citizen6Berita Citizen6 - Media Jurnalisme Warga Khas Liputan6.com - RegionalBerita Daerah dan Peristiwa Regional Indonesia Terbaru - TeknoBerita Teknologi Gadget, Games Keren, Aplikasi Terbaru Dunia - OpiniOpini Liputan6: Analisis Mendalam, Sudut Pandang dan Perspektif Baru - DisabilitasDisabilitas Berita Terkini, Berita Hari Ini, Berita Harian, Berita Terbaru, Kumpulan Artikel - GlobalBerita Internasional, Sains, Feature, Kisah Inspiratif, Unik, dan Menarik Liputan6 - On OffOn Off Liputan6: Sinopsis Film, Jadwal Olahraga & Berita Bisnis Digital - SurabayaBerita Terkini, Kabar Terbaru Hari Ini di Surabaya dan Sekitarnya - LifestyleBerita Gaya Hidup Terkini - Tren Fashion, Info Shopping, Menu Kuliner - HealthKabar Berita Terbaru Dunia Kesehatan, Seks, Diet, Herbal Terbaik - EnglishExploring Knowledge, Taste, and Innovation - en.Liputan6.com - FeedsFeeds Liputan6: Kumpulan Tips Praktis & Berita Terbaru Harian - OtosiaOtosia - SpotlightBerita Terkini, Kabar Terbaru Hari Ini Indonesia dan Dunia - Liputan6.com - BeritaBerita hari ini Politik, Hukum, Dunia International - KesehatanKabar Berita Terbaru Dunia Kesehatan, Relationship, Diet, Herbal Terbaik - SportBerita Bola Terkini, Jadwal Pertandingan, Klasemen, Hasil Liga - Presiden Prabowo Subianto menyempatkan diri makan siang bersama dengan para siswa dan orang tua saat meninjau Sekolah Rakyat Menengah Pertam... Advertisement Advertisement",netral,0.526
d766ad243289,Liputan6,2026-06-07,https://www.liputan6.com/tag/makan-bergizi-gratis,Berita Makan Bergizi Gratis Hari Ini - Kabar Terbaru Terkini | Liputan6.com,"Berita Makan Bergizi Gratis Hari Ini - Kabar Terbaru Terkini | Liputan6.com. - HOME - News - Bisnis - Enam Plus - Bola - TV - ShowBiz - Otomotif - Foto - Hot - Cek Fakta - LAINNYA- IslamiBerita & Kajian Islami: Hukum, Amalan, dan Hikmah - Liputan6 - SahamBerita Saham, Investasi, Pasar Modal Dunia Dan Indonesia - CryptoBerita Crypto Hari Ini - Citizen6Berita Citizen6 - Media Jurnalisme Warga Khas Liputan6.com - RegionalBerita Daerah dan Peristiwa Regional Indonesia Terbaru - TeknoBerita Teknologi Gadget, Games Keren, Aplikasi Terbaru Dunia - OpiniOpini Liputan6: Analisis Mendalam, Sudut Pandang dan Perspektif Baru - DisabilitasDisabilitas Berita Terkini, Berita Hari Ini, Berita Harian, Berita Terbaru, Kumpulan Artikel - GlobalBerita Internasional, Sains, Feature, Kisah Inspiratif, Unik, dan Menarik Liputan6 - On OffOn Off Liputan6: Sinopsis Film, Jadwal Olahraga & Berita Bisnis Digital - SurabayaBerita Terkini, Kabar Terbaru Hari Ini di Surabaya dan Sekitarnya - LifestyleBerita Gaya Hidup Terkini - Tren Fashion, Info Shopping, Menu Kuliner - HealthKabar Berita Terbaru Dunia Kesehatan, Seks, Diet, Herbal Terbaik - EnglishExploring Knowledge, Taste, and Innovation - en.Liputan6.com - FeedsFeeds Liputan6: Kumpulan Tips Praktis & Berita Terbaru Harian - OtosiaOtosia - SpotlightBerita Terkini, Kabar Terbaru Hari Ini Indonesia dan Dunia - Liputan6.com - BeritaBerita hari ini Politik, Hukum, Dunia International - KesehatanKabar Berita Terbaru Dunia Kesehatan, Relationship, Diet, Herbal Terbaik - SportBerita Bola Terkini, Jadwal Pertandingan, Klasemen, Hasil Liga - Presiden Prabowo Subianto menyempatkan diri makan siang bersama dengan para siswa dan orang tua saat meninjau Sekolah Rakyat Menengah Pertam... Advertisement Advertisement",netral,0.526
f4a2351502c8,Suara,2026-06-03,https://www.suara.com/entertainment/2026/06/03/193035/dadan-hindayana-dicurigai-pergi-haji-pakai-duit-korupsi-mbg-bahkan-iblis-pun-geleng-geleng-kepala,Dadan Hindayana Dicurigai Pergi Haji Pakai Duit Korupsi MBG: Bahkan Iblis pun Geleng-Geleng Kepala,"Dadan Hindayana Dicurigai Pergi Haji Pakai Duit Korupsi MBG: Bahkan Iblis pun Geleng-Geleng Kepala. - Mantan Kepala Badan Gizi Nasional (BGN) resmi ditahan Kejagung atas dugaan korupsi Program Makan Bergizi Gratis anggaran 2025-2026, sehari setelah dicopot dari jabatannya. - Penangkapan ini viral karena Dadan baru saja pulang ibadah haji, memicu hujatan netizen yang menduga ia berangkat menggunakan uang haram hasil korupsi.",negatif,0.5265
e72e72feab46,Detik,2026-06-07,https://www.detik.com/jabar/berita/d-8522025/merasa-dirugikan-investor-sukabumi-tagih-dana-ratusan-miliar-ke-bgn,"Merasa Dirugikan, Investor Sukabumi Tagih Dana Ratusan Miliar ke BGN","Merasa Dirugikan, Investor Sukabumi Tagih Dana Ratusan Miliar ke BGN. Pengusaha asal Sukabumi, H. Mujazin, menuntut pengembalian dana ratusan miliar rupiah miliknya.",negatif,0.5302
be267187306d,Tempo,2026-06-07,https://www.tempo.co/prelude/bgn-korupsi-bancakan-gizi-nasional-2253383,Bancakan Gizi Nasional,"Bancakan Gizi Nasional. Ringkasan Berita - Sebagai lembaga pengelola MBG, Badan Gizi Nasional praktis bekerja tanpa supervisi. - Benang kusut ini tak cukup hanya diurai dengan penggantian pimpinan Badan Gizi Nasional.",negatif,0.5339
a878362f1ebb,Liputan6,2026-06-07,https://www.liputan6.com/tag/mbg,Berita MBG Hari Ini - Kabar Terbaru Terkini | Liputan6.com,"Berita MBG Hari Ini - Kabar Terbaru Terkini | Liputan6.com. - HOME - News - Bisnis - Enam Plus - Bola - TV - ShowBiz - Otomotif - Foto - Hot - Cek Fakta - LAINNYA- IslamiBerita & Kajian Islami: Hukum, Amalan, dan Hikmah - Liputan6 - SahamBerita Saham, Investasi, Pasar Modal Dunia Dan Indonesia - CryptoBerita Crypto Hari Ini - Citizen6Berita Citizen6 - Media Jurnalisme Warga Khas Liputan6.com - RegionalBerita Daerah dan Peristiwa Regional Indonesia Terbaru - TeknoBerita Teknologi Gadget, Games Keren, Aplikasi Terbaru Dunia - OpiniOpini Liputan6: Analisis Mendalam, Sudut Pandang dan Perspektif Baru - DisabilitasDisabilitas Berita Terkini, Berita Hari Ini, Berita Harian, Berita Terbaru, Kumpulan Artikel - GlobalBerita Internasional, Sains, Feature, Kisah Inspiratif, Unik, dan Menarik Liputan6 - On OffOn Off Liputan6: Sinopsis Film, Jadwal Olahraga & Berita Bisnis Digital - SurabayaBerita Terkini, Kabar Terbaru Hari Ini di Surabaya dan Sekitarnya - LifestyleBerita Gaya Hidup Terkini - Tren Fashion, Info Shopping, Menu Kuliner - HealthKabar Berita Terbaru Dunia Kesehatan, Seks, Diet, Herbal Terbaik - EnglishExploring Knowledge, Taste, and Innovation - en.Liputan6.com - FeedsFeeds Liputan6: Kumpulan Tips Praktis & Berita Terbaru Harian - OtosiaOtosia - SpotlightBerita Terkini, Kabar Terbaru Hari Ini Indonesia dan Dunia - Liputan6.com - BeritaBerita hari ini Politik, Hukum, Dunia International - KesehatanKabar Berita Terbaru Dunia Kesehatan, Relationship, Diet, Herbal Terbaik - SportBerita Bola Terkini, Jadwal Pertandingan, Klasemen, Hasil Liga - Polemik ini bermula ketika proyek 100 dapur khusus perintis di lahan TNI yang dibangun tahun 2024 Advertisement Advertisement",netral,0.5352
24a2aafdbfa0,Liputan6,2026-06-07,https://www.liputan6.com/tag/bgn,Berita BGN Hari Ini - Kabar Terbaru Terkini | Liputan6.com,"Berita BGN Hari Ini - Kabar Terbaru Terkini | Liputan6.com. - HOME - News - Bisnis - Enam Plus - Bola - TV - ShowBiz - Otomotif - Foto - Hot - Cek Fakta - LAINNYA- IslamiBerita & Kajian Islami: Hukum, Amalan, dan Hikmah - Liputan6 - SahamBerita Saham, Investasi, Pasar Modal Dunia Dan Indonesia - CryptoBerita Crypto Hari Ini - Citizen6Berita Citizen6 - Media Jurnalisme Warga Khas Liputan6.com - RegionalBerita Daerah dan Peristiwa Regional Indonesia Terbaru - TeknoBerita Teknologi Gadget, Games Keren, Aplikasi Terbaru Dunia - OpiniOpini Liputan6: Analisis Mendalam, Sudut Pandang dan Perspektif Baru - DisabilitasDisabilitas Berita Terkini, Berita Hari Ini, Berita Harian, Berita Terbaru, Kumpulan Artikel - GlobalBerita Internasional, Sains, Feature, Kisah Inspiratif, Unik, dan Menarik Liputan6 - On OffOn Off Liputan6: Sinopsis Film, Jadwal Olahraga & Berita Bisnis Digital - SurabayaBerita Terkini, Kabar Terbaru Hari Ini di Surabaya dan Sekitarnya - LifestyleBerita Gaya Hidup Terkini - Tren Fashion, Info Shopping, Menu Kuliner - HealthKabar Berita Terbaru Dunia Kesehatan, Seks, Diet, Herbal Terbaik - EnglishExploring Knowledge, Taste, and Innovation - en.Liputan6.com - FeedsFeeds Liputan6: Kumpulan Tips Praktis & Berita Terbaru Harian - OtosiaOtosia - SpotlightBerita Terkini, Kabar Terbaru Hari Ini Indonesia dan Dunia - Liputan6.com - BeritaBerita hari ini Politik, Hukum, Dunia International - KesehatanKabar Berita Terbaru Dunia Kesehatan, Relationship, Diet, Herbal Terbaik - SportBerita Bola Terkini, Jadwal Pertandingan, Klasemen, Hasil Liga - Polemik ini bermula ketika proyek 100 dapur khusus perintis di lahan TNI yang dibangun tahun 2024 Advertisement Advertisement",netral,0.5352
82247790eb79,Liputan6,2026-06-07,https://www.liputan6.com/tag/sppg,Berita SPPG Hari Ini - Kabar Terbaru Terkini | Liputan6.com,"Berita SPPG Hari Ini - Kabar Terbaru Terkini | Liputan6.com. - HOME - News - Bisnis - Enam Plus - Bola - TV - ShowBiz - Otomotif - Foto - Hot - Cek Fakta - LAINNYA- IslamiBerita & Kajian Islami: Hukum, Amalan, dan Hikmah - Liputan6 - SahamBerita Saham, Investasi, Pasar Modal Dunia Dan Indonesia - CryptoBerita Crypto Hari Ini - Citizen6Berita Citizen6 - Media Jurnalisme Warga Khas Liputan6.com - RegionalBerita Daerah dan Peristiwa Regional Indonesia Terbaru - TeknoBerita Teknologi Gadget, Games Keren, Aplikasi Terbaru Dunia - OpiniOpini Liputan6: Analisis Mendalam, Sudut Pandang dan Perspektif Baru - DisabilitasDisabilitas Berita Terkini, Berita Hari Ini, Berita Harian, Berita Terbaru, Kumpulan Artikel - GlobalBerita Internasional, Sains, Feature, Kisah Inspiratif, Unik, dan Menarik Liputan6 - On OffOn Off Liputan6: Sinopsis Film, Jadwal Olahraga & Berita Bisnis Digital - SurabayaBerita Terkini, Kabar Terbaru Hari Ini di Surabaya dan Sekitarnya - LifestyleBerita Gaya Hidup Terkini - Tren Fashion, Info Shopping, Menu Kuliner - HealthKabar Berita Terbaru Dunia Kesehatan, Seks, Diet, Herbal Terbaik - EnglishExploring Knowledge, Taste, and Innovation - en.Liputan6.com - FeedsFeeds Liputan6: Kumpulan Tips Praktis & Berita Terbaru Harian - OtosiaOtosia - SpotlightBerita Terkini, Kabar Terbaru Hari Ini Indonesia dan Dunia - Liputan6.com - BeritaBerita hari ini Politik, Hukum, Dunia International - KesehatanKabar Berita Terbaru Dunia Kesehatan, Relationship, Diet, Herbal Terbaik - SportBerita Bola Terkini, Jadwal Pertandingan, Klasemen, Hasil Liga - Polemik ini bermula ketika proyek 100 dapur khusus perintis di lahan TNI yang dibangun tahun 2024 Advertisement Advertisement",netral,0.5352
79b8053b2b83,Detik,2026-06-07,https://www.detik.com/bali/berita/d-8521321/pembelaan-purbaya-usai-program-mbg-dan-kopdes-dituding-bebani-apbn,Pembelaan Purbaya Usai Program MBG dan Kopdes Dituding Bebani APBN,Pembelaan Purbaya Usai Program MBG dan Kopdes Dituding Bebani APBN. Menteri Keuangan Purbaya Yudhi Sadewa memberi pembelaan seusai program Makan Bergizi Gratis (MBG) dan Koperasi Desa Merah Putih (KDMP) dituding membebani fiskal negara. Ia mengeklaim program prioritas tersebut tidak memberikan tekanan terhadap Anggaran Pendapatan dan Belanja Negara (APBN).,negatif,0.5365
dcd45b8ae3d0,Kompas,2026-06-05,https://nasional.kompas.com/read/2026/06/05/12542011/bgn-bantah-ada-perintah-hentikan-operasional-dapur-mbg,BGN Bantah Ada Perintah Hentikan Operasional Dapur MBG,"BGN Bantah Ada Perintah Hentikan Operasional Dapur MBG. Baca berita tanpa iklan. Gabung Kompas.com+ Kompas.com, 5 Juni 2026, 12:54 WIB JAKARTA, KOMPAS.com – Badan Gizi Nasional (BGN) membantah kabar yang menyebut BGN memerintahkan dapur Makan Bergizi Gratis (MBG) untuk menghentikan operasional mereka.",negatif,0.5374
4fb3d87f9980,Antara,2026-06-06,https://www.antaranews.com/berita/5597160/menteri-ham-terima-titipan-tongkat-garuda-wisnu-kencana-untuk-presiden,Menteri HAM terima titipan tongkat Garuda Wisnu Kencana untuk Presiden,"Menteri HAM terima titipan tongkat Garuda Wisnu Kencana untuk Presiden. Jembrana, Bali (ANTARA) - Menteri Hak Asasi Manusia (HAM) Natalius Pigai menerima titipan tongkat berkepala Garuda Wisnu Kencana dari Gerakan Pemuda Marhaenis untuk Presiden Prabowo Subianto sebagai simbol dukungan untuk pemerintah. ""Saya terima titipan ini, namun saya minta dilengkapi dengan catatan filosofi dari tongkat ini sebelum saya serahkan ke Presiden,"" kata Pigai, setelah menerima tongkat itu saat Kongres Gerakan Pemuda Marhaenis yang dilaksanakan di Kabupaten Jembrana, Bali, Sabtu.",netral,0.5379
b023eb710de2,Antara,2026-06-06,https://www.antaranews.com/berita/5596780/dpr-ri-pastikan-kepulauan-mentawai-jadi-prioritas-pembangunan-sppg-3t,DPR RI pastikan Kepulauan Mentawai jadi prioritas pembangunan SPPG 3T,"DPR RI pastikan Kepulauan Mentawai jadi prioritas pembangunan SPPG 3T. Mentawai tentu menjadi atensi karena merupakan daerah terdepan dan terluar dan saya telah mengomunikasikan ini bersama Kepala BGN Nanik Sudaryati Deyang Kota Padang (ANTARA) - Anggota DPR RI Andre Rosiade memastikan Kabupaten Kepulauan Mentawai yang merupakan wilayah terdepan dan terluar menjadi salah satu prioritas pembangunan Satuan Pelayanan Pemenuhan Gizi (SPPG) guna mendukung Program Makan Bergizi Gratis (MBG). ""Mentawai tentu menjadi atensi karena merupakan daerah terdepan dan terluar dan saya telah mengomunikasikan ini bersama Kepala BGN Nanik Sudaryati Deyang,"" kata Andre Rosiade di Padang, Sumatera Barat, Sabtu.",positif,0.5387
463c01f3d2fe,Suara,2026-05-22,https://www.suara.com/video/2026/05/22/163004/dana-rp12-triliun-mengendap-di-rekening-pengelola-mbg-rawan-praktik-korupsi,"Dana Rp12 Triliun Mengendap di Rekening Pengelola MBG, Rawan Praktik Korupsi","Dana Rp12 Triliun Mengendap di Rekening Pengelola MBG, Rawan Praktik Korupsi. Suara.com - Program Makan Bergizi Gratis atau MBG kembali menjadi sorotan setelah Tim Strategi Nasional Pencegahan Korupsi (Stranas PK) mengungkap adanya dana sebesar Rp12 triliun yang masih mengendap di rekening yayasan pengelola. Kondisi ini dinilai rawan menimbulkan praktik korupsi karena pengawasan program disebut belum maksimal.",negatif,0.5395
171f7a77641f,Antara,2026-06-02,https://www.antaranews.com/berita/5591497/prabowo-angkat-nanik-s-deyang-sebagai-kepala-bgn-baru,Prabowo angkat Nanik S Deyang sebagai Kepala BGN baru,Prabowo angkat Nanik S Deyang sebagai Kepala BGN baru. Jakarta (ANTARA) - Presiden Prabowo Subianto mengangkat Nanik S. Deyang sebagai Kepala Badan Gizi Nasional (BGN) yang baru menggantikan Dadan Hindayana.,negatif,0.5414
c62a52642664,Antara,2026-05-29,https://www.antaranews.com/berita/5586609/bgn-calon-mitra-dilarang-bangun-dapur-mbg-sebelum-lolos-verifikasi,BGN: Calon mitra dilarang bangun dapur MBG sebelum lolos verifikasi,"BGN: Calon mitra dilarang bangun dapur MBG sebelum lolos verifikasi. Calon mitra dilarang membangun dapur apabila belum terverifikasi Mataram (ANTARA) - Wakil Kepala Badan Gizi Nasional (BGN) Sony Sonjaya menegaskan bahwa pihaknya melarang calon mitra membangun dapur Program Makan Bergizi Gratis (MBG) sebelum lolos verifikasi persyaratan. ""Calon mitra dilarang membangun dapur apabila belum terverifikasi,"" kata Sony Sonjaya di Mataram, Nusa Tenggara Barat, Jumat.",positif,0.5458
83fd712efa48,Antara,2026-05-23,https://www.antaranews.com/berita/5579263/pemkot-makassar-gencarkan-pertanian-perkotaan-guna-pasok-kebutuhan-mbg,Pemkot Makassar gencarkan pertanian perkotaan guna pasok kebutuhan MBG,"Pemkot Makassar gencarkan pertanian perkotaan guna pasok kebutuhan MBG. Pertanian perkotaan ini bukan hanya soal menanam, tapi bagaimana masyarakat bisa memanfaatkan lahan terbatas untuk menghasilkan kebutuhan pangan sehari-hari dan nilai tambah Makassar (ANTARA) - Wali Kota Makassar, Sulawesi Selatan (Sulsel), Munafri Arifuddin menginstruksikan semua jajaran di wilayah itu agar berkontribusi dalam menghadirkan dan menyukseskan pertanian perkotaan (urban farming) serta memasoknya untuk Program Makan Bergizi Gratis (MBG). ""Pertanian perkotaan ini bukan hanya soal menanam, tapi bagaimana masyarakat bisa memanfaatkan lahan terbatas untuk menghasilkan kebutuhan pangan sehari-hari dan nilai tambah,"" ujarnya di Makassar, Sabtu.",positif,0.5473
abc1fc92a09c,Antara,2026-05-28,https://www.antaranews.com/berita/5585060/indonesia-jadi-wakil-ketua-aliansi-mitra-global-pengentasan-kemiskinan,Indonesia jadi Wakil Ketua Aliansi Mitra Global Pengentasan Kemiskinan,"Indonesia jadi Wakil Ketua Aliansi Mitra Global Pengentasan Kemiskinan. Beijing (ANTARA) - Indonesia menjadi salah satu Wakil Ketua dalam Aliansi Kemitraan Global untuk Pengentasan Kemiskinan dan Pembangunan (Global Partnership for Poverty Alleviation and Development atau GPPAD) yang digagas China. ""Merupakan kehormatan besar bagi saya untuk menyampaikan sudut pandang pemikiran Indonesia mengenai pemberantasan kemiskinan dan kami juga mempunyai keresahan yang sama untuk memperkuat pembangunan inklusif bersama-sama dengan China dan negara lainnya,"" kata Wakil Menteri Desa dan Pembangunan Daerah Tertinggal Republik Indonesia Ahmad Riza Patria di Beijing, Rabu (27/6).",positif,0.5486
51f723918df1,Detik,2026-06-03,https://www.detik.com/sumbagsel/berita/d-8516224/pergantian-kepala-bgn-satgas-mbg-lampung-minta-juknis-lebih-detail,"Pergantian Kepala BGN, Satgas MBG Lampung Minta Juknis Lebih Detail","Pergantian Kepala BGN, Satgas MBG Lampung Minta Juknis Lebih Detail. Pergantian kepemimpinan di Badan Gizi Nasional (BGN) dari Dadan Hindayana kepada Nanik S. Deyang mendapat perhatian dari Satgas Makan Bergizi Gratis (MBG) Provinsi Lampung.",positif,0.5516
6b09811f45f8,Antara,2026-05-29,https://www.antaranews.com/berita/5586435/bpjph-sistem-jaminan-produk-halal-aspek-penting-bagi-operasional-sppg,BPJPH: Sistem Jaminan Produk Halal aspek penting bagi operasional SPPG,"BPJPH: Sistem Jaminan Produk Halal aspek penting bagi operasional SPPG. Kita ingin masyarakat tidak hanya menerima makanan yang bergizi dan aman, tetapi juga memiliki kepastian halal Jakarta (ANTARA) - Badan Penyelenggara Jaminan Produk Halal (BPJPH) menegaskan Sistem Jaminan Produk Halal (SJPH) sebagai aspek penting dalam operasional/penyelenggaraan layanan pangan, termasuk di lingkungan Satuan Pelayanan Pemenuhan Gizi (SPPG). “Kita ingin masyarakat tidak hanya menerima makanan yang bergizi dan aman, tetapi juga memiliki kepastian halal.",negatif,0.5526
c7187d6b8a45,Detik,2026-06-07,https://finance.detik.com/berita-ekonomi-bisnis/d-8521012/purbaya-jawab-mbg-kopdes-dianggap-bebani-apbn,Purbaya Jawab MBG & Kopdes Dianggap Bebani APBN,"Purbaya Jawab MBG & Kopdes Dianggap Bebani APBN. Menteri Keuangan (Menkeu), Purbaya Yudhi Sadewa, membantah anggapan yang menyebut program Makan Bergizi Gratis (MBG) dan Koperasi Desa Merah Putih (KDMP) membebani fiskal negara. Ia menegaskan, program prioritas tersebut tidak memberikan tekanan terhadap Anggaran Pendapatan dan Belanja Negara (APBN).",negatif,0.5541
c3df90305e32,Tempo,2026-06-04,https://www.tempo.co/politik/pencopotan-dadan-hindayana-mbg-bgn-2217890,Di Balik Pencopotan Dadan Hindayana dari Pucuk Pimpinan BGN,"Di Balik Pencopotan Dadan Hindayana dari Pucuk Pimpinan BGN. ROMPI merah muda khas tahanan Kejaksaan Agung melekat di tubuh mantan Kepala Badan Gizi Nasional (BGN) Dadan Hindayana pada Rabu sore, 3 Juni 2026, di kompleks Kejaksaan Agung, Jakarta Selatan. Rompi serupa dipakai oleh Inspektur Jenderal (Purnawirawan) Sony Sanjaya dan Letnan Jenderal TNI (Purnawirawan) Lodewyk Pusung.",negatif,0.555
223ad685d1c2,Republika,2026-05-22,https://news.republika.co.id/berita/tffkrn487/begini-respons-bgn-soal-isu-pemberian-susu-formula-bagi-bayi-di-program-mbg,Begini Respons BGN soal Isu Pemberian Susu Formula Bagi Bayi di Program MBG |Republika Online,"Begini Respons BGN soal Isu Pemberian Susu Formula Bagi Bayi di Program MBG |Republika Online. REPUBLIKA.CO.ID, JAKARTA - Kepala Badan Gizi Nasional (BGN) Dadan Hindayana mengatakan, narasi yang menyebut Program Makan Bergizi Gratis (MBG) membagikan susu formula bayi secara massal perlu diluruskan. Ia menjelaskan bahwa kebijakan BGN justru mengacu pada prinsip Organisasi Kesehatan Dunia (World Health Organization/WHO) serta regulasi nasional yang melindungi pemberian ASI eksklusif.",negatif,0.5562
9721f91e7740,Liputan6,2026-06-03,https://berita.liputan6.com/peristiwa/read/7627772/cerita-prabowo-panggil-kepala-ppatk-dan-bpkp-sebelum-copot-3-pimpinan-bgn,Cerita Prabowo Panggil Kepala PPATK dan BPKP Sebelum Copot 3 Pimpinan BGN,"Cerita Prabowo Panggil Kepala PPATK dan BPKP Sebelum Copot 3 Pimpinan BGN. Liputan6.com, Jakarta - Presiden Prabowo Subianto mengungkapkan dirinya menerima laporan mengenai adanya indikasi penyelewengan yang diduga dilakukan oleh tiga pimpinan Badan Gizi Nasional (BGN) dalam pelaksanaan program prioritas pemerintah, termasuk Program Makan Bergizi Gratis (MBG). ""Memang sudah beberapa saat, saya mendapat laporan.",negatif,0.5613
2102bd45ec80,Antara,2026-05-27,https://www.antaranews.com/berita/5584668/bpom-akan-tingkatkan-upt-di-kepri-kuatkan-pengawasan-obat-makanan,BPOM akan tingkatkan UPT di Kepri kuatkan pengawasan obat-makanan,"BPOM akan tingkatkan UPT di Kepri kuatkan pengawasan obat-makanan. Kalau statusnya meningkat, otomatis jumlah pegawai, anggaran, dan kapasitas pengawasan juga bertambah Jakarta (ANTARA) - Badan Pengawas Obat dan Makanan (BPOM) mengatakan, pihaknya akan berupaya untuk meningkatkan kelas Unit Pelaksana Teknis (UPT) di Kepulauan Riau (Kepri) guna memperkuat pengawasan obat dan makanan di daerah strategis tersebut. Kepala BPOM Taruna Ikrar mengatakan dalam keterangan yang diterima di Jakarta, Rabu, bahwa wilayah Kepri yang luas menghadirkan tantangan pengawasan obat dan makanan yang tidak sederhana.",positif,0.5634
ab817002c8e1,Detik,2026-04-27,https://www.detik.com/jabar/bisnis/d-8463192/bgn-bongkar-biang-kerok-pelanggaran-dapur-makan-bergizi-gratis,BGN Bongkar Biang Kerok Pelanggaran Dapur Makan Bergizi Gratis,BGN Bongkar Biang Kerok Pelanggaran Dapur Makan Bergizi Gratis. Implementasi program Makan Bergizi Gratis (MBG) kini memasuki fase pengawasan ketat. Badan Gizi Nasional (BGN) blak-blakan mengungkap berbagai temuan di lapangan terkait operasional Satuan Pelayanan Program Gizi (SPPG).,negatif,0.5645
157e360a4903,Antara,2026-06-01,https://www.antaranews.com/berita/5589991/badan-gizi-nasional-tutup-27-sppg-di-kabupaten-sampang,Badan Gizi Nasional tutup 27 SPPG di Kabupaten Sampang,"Badan Gizi Nasional tutup 27 SPPG di Kabupaten Sampang. Sampang (ANTARA) - Badan Gizi Nasional (BGN) menutup sebanyak 27 Satuan Pelayanan Pemenuhan Gizi (SPPG) di Kabupaten Sampang, Jawa Timur, karena tidak mengantongi Instalasi Pengelolaan Air Limbah (IPAL). ""Penutupan ke 27 SPPG ini, sesuai dengan surat Nomor: 2741/D.TWS/05/2026 yang disampaikan langsung kepada para pengelola dan ditembuskan ke Satuan Tugas program Makan Bergizi Gratis (MBG) Sampang,"" kata Sekretaris Satgas MBG Sampang Sudarmanto di Sampang, Senin.",negatif,0.5646
31ffdd324cde,Antara,2026-06-01,https://www.antaranews.com/berita/5589881/dukung-mbg-lapas-lamongan-pasok-selada-hidroponik-ke-sppg-keduyung,"Dukung MBG, Lapas Lamongan pasok selada hidroponik ke SPPG Keduyung","Dukung MBG, Lapas Lamongan pasok selada hidroponik ke SPPG Keduyung. Melalui program pembinaan ini warga binaan mampu menghasilkan selada hidroponik berkualitas dengan produksi sekitar 15 kilogram per hari yang kini kami suplai ke SPPG Keduyung untuk mendukung Program MBG Lamongan, Jawa Timur (ANTARA) - Lembaga Pemasyarakatan (Lapas) Kelas IIB Lamongan, Jawa Timur, memasok hasil panen selada hidroponik ke Satuan Pelayanan Pemenuhan Gizi (SPPG) Keduyung, Kecamatan Laren, guna mendukung pelaksanaan Program Makan Bergizi Gratis (MBG). Kepala Lapas Kelas IIB Lamongan Heri Sulistyo mengatakan selada hidroponik yang dibudidayakan warga binaan di Sarana Asimilasi dan Edukasi (SAE) Lapas Lamongan mampu menghasilkan panen sekitar 15 kilogram per hari.",positif,0.5652
1eb4cbcd5362,Detik,2026-05-16,https://www.detik.com/jogja/kota-pelajar/d-8491249/rektor-umy-ngurus-kampus-aja-pusing-kok-ngurus-mbg,"Rektor UMY: Ngurus Kampus Aja Pusing, Kok Ngurus MBG","Rektor UMY: Ngurus Kampus Aja Pusing, Kok Ngurus MBG. Rektor Universitas Muhammadiyah Yogyakarta (UMY), Achmad Nurmandi, dengan tegas menolak arahan Badan Gizi Nasional (BGN) yang meminta kampus memiliki minimal satu dapur Makan Bergizi Gratis (MBG) atau Satuan Pelayanan Pemenuhan Gizi (SPPG). Nurmandi menyebut pihaknya memilih fokus dengan pendidikan.",negatif,0.5669
4642adf16a25,Detik,2026-06-02,https://health.detik.com/berita-detikhealth/d-8515264/profil-nanik-s-deyang-kepala-bgn-baru-yang-gantikan-dadan-hindayana,"Profil Nanik S Deyang, Kepala BGN Baru yang Gantikan Dadan Hindayana","Profil Nanik S Deyang, Kepala BGN Baru yang Gantikan Dadan Hindayana. Struktur pimpinan Badan Gizi Nasional (BGN) resmi dirombak. Presiden RI Prabowo Subianto menunjuk Nanik S Deyang sebagai Kepala BGN yang baru, menggantikan posisi Dadan Hindayana.",netral,0.5676
fee34a0ee8cc,Detik,2026-06-03,https://www.detik.com/kalimantan/berita/d-8516542/dadan-dicopot-dari-bgn-ksp-benarkan-dugaan-jual-beli-sppg-salah-satu-pemicu,"Dadan Dicopot dari BGN, KSP Benarkan Dugaan Jual Beli SPPG Salah Satu Pemicu","Dadan Dicopot dari BGN, KSP Benarkan Dugaan Jual Beli SPPG Salah Satu Pemicu. Kepala Staf Kepresidenan (KSP), Dudung Abdurachman, menanggapi soal dicopotnya Dadan Hindayana dari jabatan Kepala Badan Gizi Nasional (BGN). Ia membenarkan salah satu pemicunya dugaan jual beli Satuan Pelayanan Pemenuhan Gizi (SPPG) atau dapur Makan Bergizi Gratis (MBG).",negatif,0.5682
788373f8fa5f,Detik,2026-06-01,https://www.detik.com/jatim/bisnis/d-8513521/peternak-magetan-sambat-harga-telur-anjlok-ke-wakil-kepala-bgn,Peternak Magetan Sambat Harga Telur Anjlok ke Wakil Kepala BGN,"Peternak Magetan Sambat Harga Telur Anjlok ke Wakil Kepala BGN. Peternak ayam petelur di Kabupaten Magetan sambat soal anjloknya harga jual telur di pasaran. Keluhan soal harga telur yang murah banget itu disampaikan langsung kepada Wakil Kepala Badan Gizi Nasional (BGN), Nanik Sudaryati Deyang yang sedang berkunjung ke Magetan.",negatif,0.569
26b580782f9c,Tempo,2026-05-04,https://www.tempo.co/kolom/kampus-dapur-mbg-bgn-2133395,Jika Kampus Mengelola Dapur MBG,"Jika Kampus Mengelola Dapur MBG. RENCANA pelibatan perguruan tinggi sebagai penyedia dapur dalam proyek makan bergizi gratis (MBG) bagi siswa sekolah dasar dan menengah merupakan isu kebijakan yang menarik sekaligus kompleks. Di satu sisi universitas memiliki kapasitas ilmiah, infrastruktur, dan sumber daya manusia yang mumpuni.",positif,0.5707
f37004bc0d00,Detik,2026-06-03,https://www.detik.com/sumbagsel/berita/d-8516133/gubernur-lampung-harap-mbg-makin-tepat-sasaran-usai-kepala-bgn-diganti,Gubernur Lampung Harap MBG Makin Tepat Sasaran Usai Kepala BGN Diganti,Gubernur Lampung Harap MBG Makin Tepat Sasaran Usai Kepala BGN Diganti. Presiden Prabowo Subianto menunjuk Nanik S. Deyang sebagai Kepala Badan Gizi Nasional (BGN) yang baru menggantikan Dadan Hindayana.,positif,0.5712
e9c47ead1322,Detik,2026-06-06,https://www.detik.com/jatim/hukum-dan-kriminal/d-8520613/maling-bersarung-curi-motor-karyawan-sppg-di-kota-pasuruan,Maling Bersarung Curi Motor Karyawan SPPG di Kota Pasuruan,"Maling Bersarung Curi Motor Karyawan SPPG di Kota Pasuruan. Pencurian motor kembali terjadi di Pasuruan. Kali ini maling memakai sarung berhasil membawa kabur motor milik karyawan Satuan Pelayanan Pemenuhan Gizi (SPPG) di Kelurahan Purutrejo, Kecamatan Purworejo, Kota Pasuruan.",negatif,0.5726
6ebd6e7c03b6,Tempo,2026-06-07,https://www.tempo.co/hukum/rekam-jejak-nanik-s-deyang-di-bgn-2253429,Rekam Jejak Nanik S Deyang di BGN,Rekam Jejak Nanik S Deyang di BGN. PRESIDEN Prabowo menunjuk Nanik Sudaryati Deyang sebagai Kepala Badan Gizi Nasional (BGN) yang baru. Nanik menggantikan Dadan Hindayana yang menjadi tersangka korupsi.,netral,0.5735
823fa6e1de22,Antara,2026-05-29,https://www.antaranews.com/berita/5587027/ekonom-wfh-asn-jadi-strategi-konsolidasi-belanja-fiskal,Ekonom: WFH ASN jadi strategi konsolidasi belanja fiskal,"Ekonom: WFH ASN jadi strategi konsolidasi belanja fiskal. Di titik itulah ruang fiskal mulai terasa cukup signifikan untuk menjaga defisit tetap berada di koridor 2,9 persen tanpa harus menaikkan harga bahan bakar minyak Jakarta (ANTARA) - Ekonom Center of Reform on Economics (CORE) Yusuf Rendy Manilet menilai kebijakan kerja dari rumah atau work from home (WFH) bagi aparatur sipil negara (ASN) efektif menjadi strategi konsolidasi belanja fiskal di tengah tekanan perekonomian global. “Kebijakan ini tetap masuk akal sebagai bagian dari strategi konsolidasi belanja di tengah tekanan eksternal yang cukup berat,” kata Yusuf kepada ANTARA di Jakarta, Jumat.",positif,0.5743
b5636e134298,Antara,2026-05-25,https://www.antaranews.com/berita/5582171/bakom-anggaran-mbg-rp268-triliun-di-tahun-2026-bagian-dari-evaluasi,Bakom: Anggaran MBG Rp268 triliun di tahun 2026 bagian dari evaluasi,"Bakom: Anggaran MBG Rp268 triliun di tahun 2026 bagian dari evaluasi. Jakarta (ANTARA) - Pemerintah terus mengevaluasi Program Makan Bergizi Gratis (MBG) dan memastikan anggaran sebesar Rp268 triliun di tahun 2026 terserap optimal untuk melayani 82,9 juta penerima manfaat sesuai target Presiden Prabowo Subianto. ""Pemerintah berterima kasih atas kritik dan saran dari masyarakat, seperti kita saksikan setiap hari perbaikan MBG terus berjalan.",positif,0.5752
39bbd912d582,Antara,2026-06-04,https://www.antaranews.com/berita/5594747/bgn-bantah-isu-penghentian-dana-program-mbg,BGN bantah isu penghentian dana Program MBG,BGN bantah isu penghentian dana Program MBG. Kami menegaskan bahwa informasi yang menyebut BGN memerintahkan penghentian operasional dapur MBG adalah tidak benar. Tidak ada kebijakan maupun instruksi resmi dari BGN terkait penghentian operasional Jakarta (ANTARA) - Badan Gizi Nasional (BGN) memastikan layanan Program Makan Bergizi Gratis (MBG) tetap berjalan dan menegaskan informasi mengenai penghentian penyaluran dana program tersebut merupakan hoaks atau tidak benar.,negatif,0.5763
31b74b7102f0,Detik,2026-06-06,https://www.detik.com/sumut/berita/d-8520594/purbaya-jamin-program-mbg-kopdes-merah-putih-tak-bebani-apbn-nggak-usah-takut,Purbaya Jamin Program MBG-Kopdes Merah Putih Tak Bebani APBN: Nggak Usah Takut,"Purbaya Jamin Program MBG-Kopdes Merah Putih Tak Bebani APBN: Nggak Usah Takut. (astj/astj) Video 20Detik Purbaya Jamin Program MBG-Kopdes Merah Putih Tak Bebani APBN: Nggak Usah Takut Sabtu, 06 Jun 2026 16:00 WIB Medan - Menteri Keuangan Purbaya Yudhi Sadewa menjamin bahwa program Makan Bergizi Gratis (MBG) dan Koperasi Desa (Kopdes) Merah Putih tak membebani Anggaran Pendapatan dan Belanja Negara (APBN). Ia meminta hal itu tak usah dikhawatirkan",positif,0.5789
094f3ec1d7b2,Suara,2026-06-04,https://www.suara.com/otomotif/2026/06/04/161024/dibongkar-kejagung-terkuak-fakta-motor-listrik-bgn-pesanan-dadan-hindayana,"Dibongkar Kejagung, Terkuak Fakta Motor Listrik BGN Pesanan Dadan Hindayana","Dibongkar Kejagung, Terkuak Fakta Motor Listrik BGN Pesanan Dadan Hindayana. - Vendor pengadaan 21 ribu motor listrik BGN senilai Rp 1 triliun tidak punya bengkel aktif. - Dibeli Rp 42 juta per unit, ketiadaan dealer bikin motor listrik rawan jadi rongsokan massal.",negatif,0.5798
3d9abd0b2004,Tempo,2026-06-03,https://www.tempo.co/ekonomi/nanik-s-deyang-badan-gizi-nasional-2197805,Nanik Deyang Pimpin Badan Gizi Nasional,Nanik Deyang Pimpin Badan Gizi Nasional. Tampilkan Ringkasan Artikel PRESIDEN Prabowo Subianto mengangkat Nanik S. Deyang menjadi Kepala Badan Gizi Nasional.,netral,0.5806
27cb6e3d4c53,Antara,2026-05-22,https://www.antaranews.com/berita/5578868/mbg-di-sman-28-jakarta-ajarkan-pendidikan-karakter-hingga-lingkungan,MBG di SMAN 28 Jakarta ajarkan pendidikan karakter hingga lingkungan,"MBG di SMAN 28 Jakarta ajarkan pendidikan karakter hingga lingkungan. Jakarta (ANTARA) - Program Makan Bergizi Gratis (MBG) di SMAN 28 Jakarta Selatan tak sekadar memberikan makanan kepada siswa, tetapi juga mengajarkan pendidikan karakter hingga menumbuhkan kepedulian terhadap lingkungan. Wakil Kepala BGN Sony Sonjaya saat mengunjungi SMAN tersebut pada Jumat memastikan pelaksanaan dan pendistribusian Program MBG sudah berjalan optimal, mulai dari kualitas makanan, ketepatan waktu distribusi, hingga respons positif dari siswa penerima manfaat.",positif,0.5816
de7da91efb2c,Detik,2026-06-04,https://health.detik.com/berita-detikhealth/d-8517339/momen-prabowo-sedih-harus-copot-dadan-cs-dari-bgn,Momen Prabowo Sedih Harus Copot 'Dadan Cs' dari BGN,"Momen Prabowo Sedih Harus Copot 'Dadan Cs' dari BGN. Presiden Prabowo Subianto mengaku kerap mendapatkan laporan adanya indikasi penyelewengan yang belakangan menjadi salah satu alasan pergantian pimpinan Badan Gizi Nasional (BGN). Meski begitu, Prabowo mengaku keputusan mencopot Dadan Hindayana dan jajaran pimpinan BGN lain yakni Sonny Sonjaya dan Lodewyk Pusung, bukanlah langkah yang mudah.",negatif,0.5819
80f76dad2277,Antara,2026-06-02,https://www.antaranews.com/berita/5591611/profil-kepala-badan-gizi-nasional-nanik-sudaryati-deyang,Profil Kepala Badan Gizi Nasional Nanik Sudaryati Deyang,Profil Kepala Badan Gizi Nasional Nanik Sudaryati Deyang. Jakarta (ANTARA) - Presiden Prabowo Subianto mengangkat Nanik S. Deyang sebagai Kepala Badan Gizi Nasional (BGN) yang baru menggantikan Dadan Hindayana.,netral,0.582
788646e43e99,Antara,2026-06-03,https://www.antaranews.com/berita/5592392/dpr-ri-minta-kepala-bgn-baru-beri-kesempatan-rakyat-jadi-mitra-sppg,DPR RI minta kepala BGN baru beri kesempatan rakyat jadi mitra SPPG,"DPR RI minta kepala BGN baru beri kesempatan rakyat jadi mitra SPPG. Jakarta (ANTARA) - Anggota Komisi IX DPR RI Irma Suryani Chaniago meminta Kepala Badan Gizi Nasional (BGN), Nanik Sudaryati Deyang yang baru saja ditunjuk Presiden Prabowo Subianto menggantikan Dadan Hindayana bisa memberi kesempatan rakyat untuk menjadi mitra Satuan Pelayanan Pemenuhan Gizi (SPPG). ""Kembalikan pada niat awal, beri kesempatan rakyat yang mau join (bergabung) dan punya dapur yang memenuhi syarat untuk menjadi mitra SPPG,"" katanya saat dikonfirmasi di Jakarta, Rabu.",positif,0.5822
35be134481ce,Liputan6,2026-06-04,https://www.liputan6.com/news/read/7644400/prabowo-soal-menu-mbg-1-ayam-dipotong-14-dosa,"Prabowo soal Menu MBG: 1 Ayam Dipotong 14, Dosa!","Prabowo soal Menu MBG: 1 Ayam Dipotong 14, Dosa!. Liputan6.com, Jakarta - Presiden Prabowo Subianto meminta agar telur dadar tidak disajikan sebagai menu makan bergizi gratis (MBG). Prabowo khawatir telur dadar yang disajikan kepada penerima manfaat lebih banyak tepung sehingga mengurangi kandungan gizi.",negatif,0.5844
f24f48a9f877,Antara,2026-06-04,https://www.antaranews.com/berita/5593299/anggota-dpr-yan-mandenas-minta-kepala-bgn-baru-fokus-benahi-mbg-papua,Anggota DPR Yan Mandenas minta kepala BGN baru fokus benahi MBG Papua,"Anggota DPR Yan Mandenas minta kepala BGN baru fokus benahi MBG Papua. Dengan langkah pemerintah ini menunjukkan adanya perhatian terhadap berbagai masukan yang berkembang di masyarakat Jayapura (ANTARA) - Anggota Komisi XIII DPR RI Yan P Mandenas meminta kepala Badan Gizi Nasional (BGN) yang baru terus fokus benahi kualitas pelaksanaan Makan Bergizi Gratis (MBG) agar manfaatnya semakin dirasakan masyarakat, khususnya peserta didik di Papua. ""Pergantian pimpinan BGN yang dilakukan pemerintah merupakan bagian dari upaya evaluasi untuk memastikan program strategis nasional berjalan lebih baik dan memberikan manfaat yang maksimal kepada masyarakat,"" katanya di Jayapura, Rabu (3/6).",positif,0.5853
f1f61e538eb4,Liputan6,2026-06-03,https://www.liputan6.com/news/read/7622113/korupsi-mbg-dadan-hindayana-sony-dan-lodewyk-punya-yayasan-biar-dapat-insentif-miliaran,"Korupsi MBG: Dadan Hindayana, Sony, dan Lodewyk Punya Yayasan Biar Dapat Insentif Miliaran","Korupsi MBG: Dadan Hindayana, Sony, dan Lodewyk Punya Yayasan Biar Dapat Insentif Miliaran. Liputan6.com, Jakarta - Direktur Penyidikan Jaksa Agung Muda Bidang Tindak Pidana Khusus (Jampidsus) Syarief Sulaeman Nahdi mengatakan, sejumlah yayasan yang ditunjuk sebagai mitra Satuan Pelayanan Pemenuhan Gizi (SPPG) terafiliasi dengan tiga mantan pimpinan Badan Gizi Nasional (BGN) yang baru dicopot. Padahal, kata dia, yayasan tersebut dinilai tidak memenuhi persyaratan untuk menjadi mitra SPPG.",negatif,0.5873
6f265272af8d,Antara,2026-06-03,https://www.antaranews.com/berita/5593148/anggota-dpr-minta-kejagung-tindak-semua-yang-terlibat-korupsi-mbg,Anggota DPR minta Kejagung tindak semua yang terlibat korupsi MBG,Anggota DPR minta Kejagung tindak semua yang terlibat korupsi MBG. Jakarta (ANTARA) - Anggota Komisi III DPR RI Soedeson Tandra meminta Kejaksaan Agung menindak tegas seluruh pihak yang terlibat dalam kasus dugaan korupsi tata kelola program Makan Bergizi Gratis di Badan Gizi Nasional (BGN). Dia menegaskan bahwa program MBG merupakan proyek prioritas Presiden Prabowo Subianto yang memiliki tujuan mulia bagi masa depan bangsa sehingga tidak boleh ada ruang bagi pihak yang ingin mencari keuntungan pribadi.,negatif,0.5873
1e76a4352b22,Antara,2026-06-03,https://www.antaranews.com/berita/5591895/legislator-sebut-pergantian-kepala-bgn-cermin-komitmen-pemerintah,Legislator sebut pergantian Kepala BGN cermin komitmen pemerintah,"Legislator sebut pergantian Kepala BGN cermin komitmen pemerintah. Surabaya (ANTARA) - Anggota Dewan Perwakilan Rakyat Daerah (DPRD) Jawa Timur Cahyo Harjo Prakoso menilai pergantian pimpinan di Badan Gizi Nasional (BGN) merupakan langkah penyempurnaan Program Makan Bergizi Gratis (MBG) agar semakin efektif, terukur, dan memberikan manfaat maksimal. ""Pergantian kepemimpinan ini menunjukkan respons pemerintah terhadap berbagai masukan dan aspirasi masyarakat terkait pelaksanaan program MBG.",positif,0.5886
6731c084f2da,Liputan6,2026-06-03,https://www.liputan6.com/news/read/7622331/akal-akalan-dadan-hindayana-cs-jadikan-sppg-bancakan-korupsi,Akal-akalan Dadan Hindayana Cs Jadikan SPPG Bancakan Korupsi,"Akal-akalan Dadan Hindayana Cs Jadikan SPPG Bancakan Korupsi. Liputan6.com, Jakarta - Dadan Hindayana, Sony Sonjaya, dan Lodewyk Pusung ditetapkan sebagai tersangka dugaan korupsi tata kelola program Makan Bergizi Gratis (MBG). Ketiganya sudah ditahan Kejaksaan Agung.",negatif,0.5888
0cdde0be3888,Detik,2026-06-05,https://www.detik.com/jabar/berita/d-8518213/sederet-masalah-makan-bergizi-gratis-di-jabar,Sederet Masalah Makan Bergizi Gratis di Jabar,"Sederet Masalah Makan Bergizi Gratis di Jabar. Pelaksanaan program Makan Bergizi Gratis (MBG) di wilayah Jawa Barat tengah dihadapkan pada serangkaian persoalan di lapangan. Persoalan tersebut mulai dari macetnya pencairan dana operasional yang memaksa dapur di Pangandaran tutup, maraknya mafia jual beli titik dapur yang memakan korban hingga miliaran rupiah di Cianjur, hingga keluhan orang tua murid terkait variasi menu makanan di Sukabumi.",negatif,0.591
d1a2c01591db,Tempo,2026-03-15,https://www.tempo.co/prelude/makan-bergizi-gratis-libur-lebaran-2122199,Makan Bergizi Gratis Saat Libur Lebaran,Makan Bergizi Gratis Saat Libur Lebaran. BADAN Gizi Nasional tetap membagaikan makan bergizi gratis saat libur Lebaran. Padahal banyak siswa dan orang tuanya sudah mudik untuk merayakan Hari Raya Idul Fitri di kampung.,netral,0.5937
84aaec1e32a4,Republika,2026-06-04,https://news.republika.co.id/berita/tg3i0f484/eks-kepala-bgn-dan-wakilnya-jadi-tersangka-korupsi-dan-mark-up-pengadaan,Eks Kepala BGN dan Wakilnya Jadi Tersangka Korupsi dan Mark Up Pengadaan |Republika Online,"Eks Kepala BGN dan Wakilnya Jadi Tersangka Korupsi dan Mark Up Pengadaan |Republika Online. REPUBLIKA.CO.ID, JAKARTA -- Program Makan Bergizi Gratis (MBG) akhirnya terungkap sarat praktik korupsi. Kejaksaan Agung (Kejagung) menetapkan tiga mantan pemimpin Badan Gizi Nasional (BGN) selaku penyelenggara program unggulan Presiden Prabowo Subianto itu.",negatif,0.5958
172939e238d8,Tempo,2026-06-07,https://www.tempo.co/hukum/modus-korupsi-dadan-hindayana-mbg-bgn-2253339,Modus Dadan Hindayana dan Elite BGN dalam Korupsi Proyek MBG,"Modus Dadan Hindayana dan Elite BGN dalam Korupsi Proyek MBG. PRESIDEN Prabowo Subianto menumpahkan amarahnya kepada Kepala Badan Gizi Nasional Dadan Hindayana di Wisma Danantara, Plaza Mandiri, Jakarta Selatan, sekitar pertengahan Mei 2026. Kala itu Dadan datang bersama wakilnya, Nanik Sudaryati Deyang.",negatif,0.5964
fa2085271935,Antara,2026-06-05,https://www.antaranews.com/berita/5595608/mendukbangga-sppg-jadi-instrumen-penting-bangun-sdm-berkualitas,Mendukbangga: SPPG jadi instrumen penting bangun SDM berkualitas,"Mendukbangga: SPPG jadi instrumen penting bangun SDM berkualitas. ...maka SPPG merupakan salah satu instrumen penting dalam upaya meningkatkan kualitas SDM sejak dini Jakarta (ANTARA) - Menteri Kependudukan dan Pembangunan Keluarga (Mendukbangga)/Kepala BKKBN Wihaji menyatakan Satuan Pelayanan Pemenuhan Gizi (SPPG) menjadi instrumen penting untuk membangun Sumber Daya Manusia (SDM) berkualitas. ""Saya diamanahkan oleh Presiden untuk memastikan Makan Bergizi Gratis (MBG) diterima oleh masyarakat khususnya kepada ibu hamil, ibu menyusui, dan balita non-PAUD (3B), maka SPPG merupakan salah satu instrumen penting dalam upaya meningkatkan kualitas SDM sejak dini,"" ujar Mendukbangga Wihaji dia dalam keterangan resmi di Jakarta, Jumat.",positif,0.5988
95c64a40cdde,CNN Indonesia,2026-06-05,https://www.cnnindonesia.com/otomotif/20260605111604-579-1365658/siapa-vendor-bermasalah-mark-up-proyek-rp1-t-motor-listrik-bgn,Siapa Vendor Bermasalah Mark Up Proyek Rp1 T Motor Listrik BGN?,Siapa Vendor Bermasalah Mark Up Proyek Rp1 T Motor Listrik BGN?. Siapa Vendor Bermasalah Mark Up Proyek Rp1 T Motor Listrik BGN? Kejaksaan Agung (Kejagung) pada Rabu (3/6) menyatakan Dadan Hindayana diduga melakukan korupsi saat menjabat Kepala Badan Gizi Nasional (BGN).,negatif,0.5994
60a45b8cca66,Detik,2026-06-05,https://www.detik.com/sumbagsel/berita/d-8518779/tujuh-pelajar-sd-di-kepahiang-diduga-keracunan-usai-santap-menu-mbg,Tujuh Pelajar SD di Kepahiang Diduga Keracunan Usai Santap Menu MBG,"Tujuh Pelajar SD di Kepahiang Diduga Keracunan Usai Santap Menu MBG. Tujuh pelajar sekolah dasar (SD) di Kabupaten Kepahiang, Bengkulu, dilarikan ke Puskesmas Kelobak mengalami pusing dan mual-mual. Diduga mereka mengalami gejala itu usai menyantap menu MBG.",negatif,0.6004
f8581456f2a0,Suara,2026-06-04,https://www.suara.com/lifestyle/2026/06/04/191500/terpopuler-sepatu-lokal-rp100-ribuan-hingga-drama-pergantian-pejabat-bgn,Terpopuler: Sepatu Lokal Rp100 Ribuan hingga Drama Pergantian Pejabat BGN,Terpopuler: Sepatu Lokal Rp100 Ribuan hingga Drama Pergantian Pejabat BGN. - Suara.com menyajikan rekomendasi empat sepatu lari lokal berkualitas dengan harga terjangkau mulai dari seratus ribu rupiah saja. - Daftar sepatu kasual Skechers wanita yang sedang diskon besar di situs resmi menjadi artikel populer bagi pembaca.,negatif,0.6011
c88d5ce40af6,Antara,2026-06-03,https://www.antaranews.com/berita/5592955/prabowo-tegaskan-program-mbg-harus-dijalankan-penuh-tanggung-jawab,Prabowo tegaskan program MBG harus dijalankan penuh tanggung jawab,"Prabowo tegaskan program MBG harus dijalankan penuh tanggung jawab. Jakarta (ANTARA) - Presiden Prabowo Subianto menegaskan bahwa program Makan Bergizi Gratis (MBG) merupakan amanah besar yang harus dijalankan dengan penuh tanggung jawab. Hal tersebut disampaikan Presiden Prabowo saat menghadiri Konsolidasi Nasional Program MBG yang diinisiasi Badan Gizi Nasional (BGN) di SICC, Bogor, Jawa Barat, Rabu, dengan mengusung tema ""500 Billion Meals Challenge: Building Indonesia's Future Generations Through Nutrition – An Inspiring Session."" Sebagaimana keterangan yang diterima di Jakarta, Prabowo menekankan seluruh pelaksana program MBG memiliki peran penting dalam memastikan manfaat dapat dirasakan secara optimal oleh masyarakat.",positif,0.6013
8bb68fc2c390,Antara,2026-05-26,https://www.antaranews.com/berita/5582549/wamentan-mbg-tingkatkan-serapan-komoditas-pertanian,Wamentan: MBG tingkatkan serapan komoditas pertanian,"Wamentan: MBG tingkatkan serapan komoditas pertanian. Saya harus katakan atas nama petani bahwa MBG ini memiliki dampak yang sangat signifikan terhadap serapan komoditas pertanian kita, Jakarta (ANTARA) - Wakil Menteri Pertanian Sudaryono menyatakan program Makan Bergizi Gratis (MBG) meningkatkan serapan komoditas pertanian nasional dan mendorong investasi di sektor pangan. Sudaryono dalam Konferensi Nasional Pengembangan Ekonomi Daerah di Jakarta, Senin, mengatakan program MBG memberi dampak signifikan terhadap penyerapan hasil pertanian petani.",positif,0.6024
60df90b30e86,Antara,2026-06-05,https://www.antaranews.com/berita/5596232/hkti-nilai-mbg-bantu-perbaiki-gizi-masyarakat-dan-sejahterakan-petani,HKTI nilai MBG bantu perbaiki gizi masyarakat dan sejahterakan petani,"HKTI nilai MBG bantu perbaiki gizi masyarakat dan sejahterakan petani. Program MBG turut meningkatkan serapan hasil pertanian, peternakan dan perikanan sehingga membuka peluang pasar yang lebih luas bagi petani dan pelaku usaha pangan lokal Jakarta (ANTARA) - Himpunan Kerukunan Tani Indonesia (HKTI) menilai Program Makan Bergizi Gratis (MBG) membantu perbaikan gizi masyarakat sekaligus meningkatkan kesejahteraan petani dan membuka peluang ekonomi baru di berbagai daerah. Ketua Harian HKTI Bachtiar Utomo mengatakan Program MBG memiliki dampak langsung terhadap kualitas sumber daya manusia sekaligus memberikan manfaat ekonomi bagi masyarakat.",positif,0.6083
368612e5ae9d,Antara,2026-06-04,https://www.antaranews.com/berita/5593781/dpr-ingatkan-pejabat-ikuti-komitmen-prabowo-soal-pemberantasan-korupsi,DPR ingatkan pejabat ikuti komitmen Prabowo soal pemberantasan korupsi,"DPR ingatkan pejabat ikuti komitmen Prabowo soal pemberantasan korupsi. Para pembantu Presiden itu harus benar-benar memegang teguh apa yang menjadi komitmen, keberpihakan, dan kemauan yang begitu kuat dari Presiden Prabowo terkait dengan upaya pemberantasan korupsi Jakarta (ANTARA) - Wakil Ketua DPR RI Saan Mustopa mengingatkan kepada jajaran pejabat kementerian maupun badan untuk berpegang teguh kepada komitmen Presiden Prabowo Subianto yang ingin memberantas tindak pidana korupsi. Dia mengatakan hal itu guna menanggapi kasus hukum yang menjerat eks Kepala Badan Gizi Nasional Dadan Hindayana, serta Wakil Menteri Imigrasi dan Pemasyarakatan Silmy Karim yang terjadi bersamaan.",positif,0.6101
6dc75a9808ca,Detik,2026-03-12,https://oto.detik.com/kendaraan-niaga/d-8397147/suzuki-carry-pick-up-jadi-raja-penjualan-mobil-februari-2026-efek-proyek-mbg,"Suzuki Carry Pick Up Jadi Raja Penjualan Mobil Februari 2026, Efek Proyek MBG?","Suzuki Carry Pick Up Jadi Raja Penjualan Mobil Februari 2026, Efek Proyek MBG?. Suzuki Carry menjadi raja penjualan mobil di Indonesia Februari 2026. Suzuki Carry Pick Up bahkan mengalahkan nama-nama populer seperti Toyota Kijang Innova dan Toyota Avanza.",netral,0.6105
5cf5052f9357,Republika,2026-06-03,https://news.republika.co.id/berita/tg21rd393/dadan-hindayana-cs-ditangkap-mitra-sppg-minta-korupsi-mbg-di-daerah-juga-diberantas,"Dadan Hindayana Cs Ditangkap, Mitra SPPG Minta Korupsi MBG di Daerah Juga Diberantas |Republika Online","Dadan Hindayana Cs Ditangkap, Mitra SPPG Minta Korupsi MBG di Daerah Juga Diberantas |Republika Online. REPUBLIKA.CO.ID, SEMARANG -- Penangkapan eks kepala Badan Gizi Nasional (BGN) Dadan HIndayana dan dua wakilnya selama menjabat memicu sorotan terhadap praktik-praktik koruptif di pelaksanaan program Makanan Bergizi Gratis (MBG). Praktik itu ditengarai terjadi hingga ke level bawah.",negatif,0.6112
c5760ad552ac,CNN Indonesia,2026-01-18,https://www.cnnindonesia.com/ekonomi/20260118013729-96-1318053/mengenal-pppk-di-tengah-isu-pekerja-sppg-bisa-jadi-pegawai-pemerintah,Mengenal PPPK di Tengah Isu Pekerja SPPG Bisa Jadi Pegawai Pemerintah,"Mengenal PPPK di Tengah Isu Pekerja SPPG Bisa Jadi Pegawai Pemerintah. EKOPEDIA Mengenal PPPK di Tengah Isu Pekerja SPPG Bisa Jadi Pegawai Pemerintah agm | CNN Indonesia Minggu, 18 Jan 2026 10:15 WIB Jakarta, CNN Indonesia -- source on Google Ketentuan soal pegawai Satuan Pelayanan Pemenuhan Gizi (SPPG) atau dapur Makan Bergizi Gratis (MBG) bisa diangkat sebagai Pegawai Pemerintah dengan Perjanjian Kerja (PPPK) menuai polemik. Suara masyarakat terpecah, sebagian menolak pagawai dapur MBG bisa jadi pegawai pemerintah.",negatif,0.6117
43110b133823,Antara,2026-06-02,https://www.antaranews.com/berita/5590913/bgn-hentikan-sementara-operasional-tiga-dapur-sppg-di-manokwari,BGN hentikan sementara operasional tiga dapur SPPG di Manokwari,"BGN hentikan sementara operasional tiga dapur SPPG di Manokwari. Manokwari (ANTARA) - Badan Gizi Nasional (BGN) menghentikan sementara operasional tiga dapur Satuan Pelayanan Pemenuhan Gizi (SPPG) di Kabupaten Manokwari, Papua Barat, karena instalasi pengolahan air limbah belum sesuai standar dan ketentuan yang berlaku. Koordinator BGN Regional Papua Barat Erika Vionita Werinussa di Manokwari, Selasa, mengatakan jumlah SPPG yang dihentikan sementara atau suspend untuk melayani Program Makan Bergizi Gratis (MBG) mengalami penurunan dari sebelumnya, yaitu tujuh dapur.",negatif,0.6128
5b46f2f74a70,Detik,2026-06-06,https://www.detik.com/bali/bisnis/d-8521116/rieke-sebut-moratorium-dapur-mbg-hanya-menunda-masalah,Rieke Sebut Moratorium Dapur MBG Hanya Menunda Masalah,"Rieke Sebut Moratorium Dapur MBG Hanya Menunda Masalah. Anggota Komisi XIII DPR RI, Rieke Diah Pitaloka, menilai kebijakan moratorium pendaftaran dapur baru dalam program Makan Bergizi Gratis (MBG) belum menyentuh akar persoalan tata kelola di Badan Gizi Nasional (BGN). Menurutnya, tanpa perbaikan regulasi dan struktur kelembagaan, kebijakan tersebut hanya bersifat sementara.",negatif,0.6137
2662c8527d5c,Liputan6,2026-06-03,https://www.liputan6.com/news/read/7628096/di-hadapan-belasan-ribu-pelaksana-mbg-prabowo-kepentingan-rakyat-di-atas-semua-kepentingan,"Di Hadapan Belasan Ribu Pelaksana MBG, Prabowo: Kepentingan Rakyat di Atas Semua Kepentingan","Di Hadapan Belasan Ribu Pelaksana MBG, Prabowo: Kepentingan Rakyat di Atas Semua Kepentingan. Liputan6.com, Jakarta - Presiden Prabowo Subianto menghadiri Konsolidasi Nasional Program Makan Bergizi Gratis (MBG) yang diinisiasi oleh Badan Gizi Nasional (BGN) di SICC, Bogor, Jawa Barat, Rabu (3/6/2026). Acara ini mengusung tema ""500 Billion Meals Challenge: Building Indonesia's Future Generations Through Nutrition – An Inspiring Session."" Dalam arahannya, Prabowo menegaskan bahwa Program MBG merupakan amanah besar yang harus dijalankan dengan penuh tanggung jawab.",positif,0.6159
f66c902c9bd5,Antara,2026-05-29,https://www.antaranews.com/berita/5586831/hakli-pentingnya-pengawasan-ketat-program-mbg-di-kota-sorong,HAKLI: Pentingnya pengawasan ketat Program MBG di Kota Sorong,"HAKLI: Pentingnya pengawasan ketat Program MBG di Kota Sorong. ...Bagian paling kritis itu ada pada dapur Sorong (ANTARA) - Himpunan Ahli Kesehatan Lingkungan Indonesia (HAKLI) mendorong pengawasan ketat terhadap kualitas pengelolaan Program Makan Bergizi Gratis (MBG) di Kota Sorong, Papua Barat Daya, terutama pada aspek hygiene dan sanitasi dapur. Ketua HAKLI Prof.",positif,0.6172
cab564f12f55,Antara,2026-06-07,https://www.antaranews.com/berita/5597936/pdip-dukung-penegakan-hukum-dugaan-korupsi-eks-pimpinan-bgn,PDIP dukung penegakan hukum dugaan korupsi eks pimpinan BGN,"PDIP dukung penegakan hukum dugaan korupsi eks pimpinan BGN. Jakarta (ANTARA) - Partai Demokrasi Indonesia Perjuangan (PDIP) mendukung terhadap penegakan hukum dugaan korupsi tiga mantan pimpinan Badan Gizi Nasional (BGN). ""Kami sangat-sangat prihatin dan kami memberikan dukungan terhadap seluruh upaya penegakan hukum,"" kata Sekretaris Jenderal PDIP Hasto Kristiyanto ditemui di Jakarta, Minggu.",negatif,0.6178
16cca071be32,Tempo,2026-06-07,https://www.tempo.co/hukum/badan-gizi-nasional-korupsi-mbg-2253386,Sebelum Dadan Hindayana Menjadi Tersangka Korupsi MBG,"Sebelum Dadan Hindayana Menjadi Tersangka Korupsi MBG. Ringkasan Berita - Serangkaian peristiwa pencopotan hingga penahanan tiga petinggi BGN hanya berlangsung dua hari. - Prabowo Subianto sudah mengingatkan Kepala BGN lama, Dadan Hindayana, agar tak melakukan korupsi.",netral,0.6182
51a3f66f2ab1,Detik,2026-06-08,https://www.detik.com/sumut/berita/d-8522224/korupsi-di-program-mbg-hasto-sejak-awal-ada-yang-tak-beres,"Korupsi di Program MBG, Hasto: Sejak Awal Ada yang Tak Beres","Korupsi di Program MBG, Hasto: Sejak Awal Ada yang Tak Beres. Hasto juga menyinggung posisi PDIP yang sejak awal sudah memberikan instruksi kepada kadernya saat melihat ada yang janggal dalam program tersebut. (afb/afb) Video News Korupsi di Program MBG, Hasto: Sejak Awal Ada yang Tak Beres Senin, 08 Jun 2026 04:01 WIB Jakarta - Sekjen PDI Perjuangan, Hasto Kristiyanto, menyebut partainya prihatin atas kasus korupsi yang terjadi pada program Makan Bergizi Gratis (MBG).",netral,0.6185
5dc8e36637f4,Republika,2026-05-25,https://news.republika.co.id/berita/tfl5vy472/bgn-luruskan-narasi-soal-pembagian-susu-formula-bayi-secara-massal,BGN Luruskan Narasi Soal Pembagian Susu Formula Bayi Secara Massal |Republika Online,"BGN Luruskan Narasi Soal Pembagian Susu Formula Bayi Secara Massal |Republika Online. REPUBLIKA.CO.ID, JAKARTA -- Badan Gizi Nasional (BGN) meluruskan narasi yang berkembang di masyarakat terkait program Makan Bergizi Gratis (MBG) yang disebut membagikan susu formula bayi secara massal. Wakil Kepala BGN, Irjen Pol Sony Sonjaya menegaskan, informasi tersebut tidak benar dan bertentangan dengan prinsip perlindungan Air Susu Ibu (ASI) eksklusif yang selama ini menjadi acuan pemerintah.",negatif,0.6186
b217dbdfa69d,Tempo,2026-06-04,https://www.tempo.co/hukum/top-3-hukum-skandal-mbg-hingga-ott-pejabat-imigrasi-2217895,Top 3 Hukum: Skandal MBG hingga OTT Pejabat Imigrasi,Top 3 Hukum: Skandal MBG hingga OTT Pejabat Imigrasi. DUGAAN korupsi dalam Program Makan Bergizi Gratis (MBG) masih mendominasi perhatian pembaca kanal Hukum Tempo hari ini. Kejaksaan Agung mengungkap dugaan yayasan yang dikendalikan mantan pimpinan Badan Gizi Nasional (BGN) menikmati insentif miliaran rupiah dari program tersebut.,negatif,0.6208
d86f64ea081e,Liputan6,2026-06-04,https://www.liputan6.com/news/read/7655309/nanik-sudaryati-deyang,Mengungkap Jejak Nanik Sudaryati Deyang: Dari Jurnalis Senior hingga Nahkoda Badan Gizi Nasional,"Mengungkap Jejak Nanik Sudaryati Deyang: Dari Jurnalis Senior hingga Nahkoda Badan Gizi Nasional. Liputan6.com, Jakarta - Nanik Sudaryati Deyang atau yang akrab disapa Nanik S. Deyang, adalah nama yang tak asing lagi di kancah publik Indonesia.",netral,0.6214
32bf8e06ed98,Detik,2026-06-05,https://www.detik.com/edu/sekolah/d-8518907/kepala-bgn-mbg-sekolah-mahal-bisa-dialihkan-ke-3t,Kepala BGN: MBG Sekolah Mahal Bisa Dialihkan ke 3T,"Kepala BGN: MBG Sekolah Mahal Bisa Dialihkan ke 3T. Kepala Badan Gizi Nasional (BGN), Nanik S Deyang sebut pihaknya kini tidak mengejar kuantitas dalam pelaksanaan program Makan Bergizi Gratis (MBG). Alokasi untuk sekolah yang tidak membutuhkan MBG akan dialihkan ke sekolah di daerah tertinggal, terdepan, dan terluar (3T).",netral,0.6248
4ea3221ce4e8,Antara,2026-06-06,https://www.antaranews.com/berita/5596836/purbaya-tekankan-program-prioritas-tak-beri-tekanan-ke-fiskal,Purbaya tekankan program prioritas tak beri tekanan ke fiskal,"Purbaya tekankan program prioritas tak beri tekanan ke fiskal. Jadi enggak usah takut tentang kondisi fiskal kita Jakarta (ANTARA) - Menteri Keuangan (Menkeu) Purbaya Yudhi Sadewa memastikan program prioritas pemerintah seperti Makan Bergizi Gratis (MBG) dan Koperasi Desa/Kelurahan Merah Putih (KDKMP) tidak memberikan tekanan terhadap kondisi fiskal nasional. Purbaya di Jakarta, Sabtu menegaskan bahwa program tersebut dirancang secara fleksibel sehingga dapat disesuaikan dengan kondisi ekonomi dan kebutuhan anggaran.",netral,0.6249
51151fe24f44,Antara,2026-06-01,https://www.antaranews.com/berita/5589225/presiden-pancasila-pedoman-untuk-mengatur-sistem-ekonomi-nasional,Presiden: Pancasila pedoman untuk mengatur sistem ekonomi nasional,"Presiden: Pancasila pedoman untuk mengatur sistem ekonomi nasional. Pancasila adalah pedoman untuk mengatur kehidupan berbangsa, kehidupan bermasyarakat, kehidupan bernegara termasuk bagaimana kita membangun sistem ekonomi nasional kita Jakarta (ANTARA) - Presiden Republik Indonesia Prabowo Subianto menyebut Pancasila merupakan pedoman fundamental untuk mengatur seluruh lini kehidupan berbangsa dan bernegara, termasuk dalam membangun cetak biru sistem ekonomi nasional. ""Pancasila adalah pedoman untuk mengatur kehidupan berbangsa, kehidupan bermasyarakat, kehidupan bernegara termasuk bagaimana kita membangun sistem ekonomi nasional kita,"" kata Presiden Prabowo saat bertindak sebagai Inspektur Upacara Peringatan Hari Lahir Pancasila di Gedung Pancasila kompleks Kementerian Luar Negeri Jakarta, Senin.",netral,0.6256
80fa632bb818,Liputan6,2026-06-03,https://berita.liputan6.com/peristiwa/read/7611851/bgn-digeledah-dpr-singgung-kerawanan-korupsi-di-proyek-mbg,"BGN Digeledah, DPR Singgung Kerawanan Korupsi di Proyek MBG","BGN Digeledah, DPR Singgung Kerawanan Korupsi di Proyek MBG. Liputan6.com, Jakarta - Kejaksaan Agung (Kejagung) tengah menggeledah kantor Badan Gizi Nasional (BGN), Jalan Kebon Sirih, Menteng, Jakarta Pusat (Jakpus), Rabu (3/6/2026). Terkait hal itu, Wakil Ketua Komisi III DPR Ahmad Sahroni mendukung penuh langkah Kejagung tersebut, dan menindak tegas apabila terjadi korupsi di proyek Makan Bergizi Gratis (MBG).",netral,0.6263
6c94cf361084,Republika,2026-05-19,https://rejabar.republika.co.id/berita/tf9x9a487/penipuan-berkedok-sppg-mbg-di-jabar-diungkap-13-korban-alami-kerugian-rp-19-miliar,"Penipuan Berkedok SPPG MBG di Jabar Diungkap, 13 Korban Alami Kerugian Rp 1,9 Miliar |Republika Online","Penipuan Berkedok SPPG MBG di Jabar Diungkap, 13 Korban Alami Kerugian Rp 1,9 Miliar |Republika Online. REPUBLIKA.CO.ID, BANDUNG - Aksi penipuan berkedok janji dapat membuka dapur satuan pelayanan pemenuhan gizi (SPPG) makan bergizi gratis (MBG) terungkap di Jawa Barat. Total 13 korban dari wilayah Banjar dan Kota Bandung mengalami kerugian mencapai hampir Rp 2 miliar.",netral,0.6278
2e951988ca67,Antara,2026-06-02,https://www.antaranews.com/berita/5590625/sppg-kerja-sama-pemkot-mataram-pemerintah-pusat-segera-beroperasi,SPPG kerja sama Pemkot Mataram-pemerintah pusat segera beroperasi,"SPPG kerja sama Pemkot Mataram-pemerintah pusat segera beroperasi. Mataram (ANTARA) - Satuan pelayanan pemenuhan gizi (SPPG) atau dapur Makan Bergizi Gratis (MBG) yang dibangun atas kerja sama Pemerintah Kota Mataram, Nusa Tenggara Barat (NTB) dengan pemerintah pusat segera beroperasi. ""Saat ini kami tinggal menunggu mekanisme penyerahan dari pemerintah pusat,"" kata Sekretaris Daerah (Sekda) Kota Mataram Lalu Alwan Basri di Mataram, Selasa.",netral,0.6286
c9462bba6953,Tribunnews,2026-06-07,https://www.tribunnews.com/nasional/7839094/dadan-cs-tersangka-korupsi-mbg-pdip-sejak-awal-kami-lihat-ada-yang-tak-beres,"Dadan Cs Tersangka Korupsi MBG, PDIP: Sejak Awal Kami Lihat Ada yang Tak Beres - Tribunnews.com","Dadan Cs Tersangka Korupsi MBG, PDIP: Sejak Awal Kami Lihat Ada yang Tak Beres - Tribunnews.com. Kasus Korupsi di BGN Dadan Cs Tersangka Korupsi MBG, PDIP: Sejak Awal Kami Lihat Ada yang Tak Beres Hasto Kristiyanto menyatakan PDIP sejak awal melihat adanya persoalan dalam tata kelola Program Makan Bergizi Gratis (MBG). Ringkasan Berita: - Hasto Kristiyanto menyatakan PDIP sejak awal melihat adanya persoalan dalam tata kelola Program Makan Bergizi Gratis (MBG) dan menilai suara kritis masyarakat terkait potensi penyimpangan seharusnya menjadi perhatian sejak dini.",netral,0.6301
a0630870ef82,Detik,2026-06-07,https://www.detik.com/kalimantan/berita/d-8522222/heboh-sppg-simpang-hilir-bekas-sarang-walet-ini-kata-pengelola,"Heboh SPPG Simpang Hilir Bekas Sarang Walet, Ini Kata Pengelola","Heboh SPPG Simpang Hilir Bekas Sarang Walet, Ini Kata Pengelola. Satuan Pelayanan Pemenuhan Gizi (SPPG) Simpang Hilir-Telok Melano, Kabupaten Kayong Utara diterpa isu makanan mengandung zat berbahaya hingga kabar dapur berada di bekas bangunan sarang walet. Pengelola SPPG membantah dengan menunjukkan hasil uji laboratorium.",negatif,0.6305
8064c542ed56,Antara,2026-05-28,https://www.antaranews.com/berita/5585749/nbi-nilai-mbg-program-paling-mulia-dan-akan-jadi-raksasa,"NBI nilai MBG program paling mulia dan akan jadi ""raksasa""","NBI nilai MBG program paling mulia dan akan jadi ""raksasa"". MBG pasti dicintai rakyat jika tidak dijadikan proyek 'bancakan' Jakarta (ANTARA) - Netra Bakti Indonesia (NBI) menilai Makan Bergizi Gratis (MBG) merupakan salah program paling mulia dari Presiden Prabowo - Wapres Gibran dan akan menjadi program ""raksasa"" yang berhasil jika terdapat beberapa hal bisa dibenahi secara radikal. Ketua Umum Netra Bakti Indonesia Khalilur Abdullah Sahlawiy mengaku mendukung MBG karena program sesuai dengan ajaran agama, amanat konstitusi, dan kebutuhan nyata rakyat.",positif,0.6319
fd057c085f44,Tempo,2026-06-03,https://www.tempo.co/hukum/yayasan-mbg-yang-dikendalikan-eks-pimpinan-bgn-raup-insentif-miliaran-2217824,Yayasan MBG yang Dikendalikan Eks Pimpinan BGN Raup Insentif Miliaran,"Yayasan MBG yang Dikendalikan Eks Pimpinan BGN Raup Insentif Miliaran. DIREKTUR Penyidikan Jaksa Agung Muda Tindak Pidana Khusus Kejaksaan Agung Syarief Sulaiman Nahdi mengungkap dugaan keterlibatan mantan Kepala Badan Gizi Nasional (BGN) Dadan Hindayana serta dua mantan wakilnya, Inspektur Jenderal Polisi (Purnawirawan) Sony Sonjaya dan Letnan Jenderal TNI (Purnawirawan) Lodewyk Pusung, dalam pengendalian sejumlah yayasan pengelola Satuan Pelayanan Pemenuhan Gizi (SPPG) program Makan Bergizi Gratis (MBG). “Yayasan-yayasan itu bisa dibilang milik melalui orang lain.",netral,0.6349
3f6beb50fde4,Detik,2026-06-04,https://finance.detik.com/berita-ekonomi-bisnis/d-8517418/ultimatum-prabowo-mbg-tak-boleh-jadi-sarana-memperkaya-oknum,Ultimatum Prabowo: MBG Tak Boleh Jadi Sarana Memperkaya Oknum!,"Ultimatum Prabowo: MBG Tak Boleh Jadi Sarana Memperkaya Oknum!. Presiden Prabowo Subianto menegaskan progam Makan Bergizi Gratis (MBG) ditujukan untuk membantu masyarakat yang kurang mampu dalam memenuhi kebutuhan gizinya.Baginya memberi makan bagi orang kurang mampu adalah hal yang sakral. Karena itu, dia mengingatkan kepada para pihak yang terlibat dalam program MBG untuk tidak memperkaya diri.",netral,0.6365
5e94b9da3fc8,Kompas,2026-06-06,https://yogyakarta.kompas.com/read/2026/06/06/205636978/sebut-penangkapan-eks-kepala-bgn-tepat-mahfud-md-dadan-tidak-punya,"Sebut Penangkapan Eks Kepala BGN Tepat, Mahfud MD: Dadan Tidak Punya Pengalaman Birokrasi","Sebut Penangkapan Eks Kepala BGN Tepat, Mahfud MD: Dadan Tidak Punya Pengalaman Birokrasi. Baca berita tanpa iklan. Gabung Kompas.com+ Kompas.com, 6 Juni 2026, 20:56 WIB YOGYAKARTA, KOMPAS.com - Mantan Menteri Koordinator Bidang Politik, Hukum, dan Keamanan (Menkopolhukam) RI, Mahfud MD, menyebut langkah Kejaksaan Agung (Kejagung) melakukan penangkapan terhadap mantan Kepala Badan Gizi Nasional (BGN), Dadan Hindayana, sudah sangat tepat.",netral,0.6373
92a3c0e16cd2,Detik,2026-06-05,https://www.detik.com/jabar/berita/d-8519391/3-bulan-ngontrak-di-sentul-city-eks-bos-bgn-bikin-tetangga-kerap-mengeluh,"3 Bulan Ngontrak di Sentul City, Eks Bos BGN Bikin Tetangga Kerap Mengeluh","3 Bulan Ngontrak di Sentul City, Eks Bos BGN Bikin Tetangga Kerap Mengeluh. Rumah mewah dua lantai tanpa pagar di Jalan Alpen Rossa No. 19, Cluster Hilltop, Sentul City, Kabupaten Bogor, itu semula tak banyak menarik perhatian warga.",netral,0.638
722d50f6e72c,Detik,2026-06-02,https://health.detik.com/berita-detikhealth/d-8513966/bgn-tangguhkan-operasional-2-213-sppg-ini-alasannya,"BGN Tangguhkan Operasional 2.213 SPPG, Ini Alasannya","BGN Tangguhkan Operasional 2.213 SPPG, Ini Alasannya. Badan Gizi Nasional (BGN) melaporkan bahwa mereka masih men-suspend atau menangguhkan sekitar 2.213 Satuan Pelayanan Pemenuhan Gizi (SPPG). BGN mendorong para SPPG untuk memperbaiki kualitas program Makan Bergizi Gratis (MBG) mereka.",netral,0.6389
5b958406d215,Tempo,2026-06-05,https://www.tempo.co/arsip/bukti-proyek-mbg-minim-dampak-pada-peternak-2253019,Bukti Proyek MBG Minim Dampak pada Peternak | tempo.co,"Bukti Proyek MBG Minim Dampak pada Peternak | tempo.co. Peternak di berbagai daerah mengeluh telur tak diserap proyek MBG sehingga harganya jatuh di bawah harga acuan pemerintah, sementara biaya operasi peternak melambung. Perputaran uang tak sentuh akar rumput.",netral,0.6398
87649f9ee6d8,Detik,2026-04-07,https://oto.detik.com/motor/d-8432977/pengadaan-puluhan-ribu-motor-listrik-untuk-mbg-emang-dipakai-buat-apa,"Pengadaan Puluhan Ribu Motor Listrik untuk MBG, Emang Dipakai Buat Apa?","Pengadaan Puluhan Ribu Motor Listrik untuk MBG, Emang Dipakai Buat Apa?. Kepala Badan Gizi Nasional (BGN) Dadan Hindayana menjelaskan kabar pengadaan motor sebanyak 70 ribu unit itu tidak benar. Dadan menyebut pengadaan motor tersebut merupakan bagian dari perencanaan anggaran tahun 2025 yang lalu dan ditujukan untuk mendukung operasional Program Makan Bergizi Gratis (MBG), khususnya bagi Kepala Satuan Pelayanan Pemenuhan Gizi (SPPG).",netral,0.6423
edb65291bae1,Liputan6,2026-06-04,https://www.liputan6.com/news/read/7661211/kepala-bgn-tidak-ada-instruksi-hentikan-layanan-mbg,Kepala BGN: Tidak Ada Instruksi Hentikan Layanan MBG,"Kepala BGN: Tidak Ada Instruksi Hentikan Layanan MBG. Liputan6.com, Jakarta - Badan Gizi Nasional (BGN) membantah informasi yang menyebut penyaluran dana Program Makan Bergizi Gratis (MBG) dihentikan. BGN menegaskan program tersebut tetap berjalan dan tidak ada instruksi penghentian operasional dapur MBG di seluruh Indonesia.",netral,0.6424
bcf3a349782e,Antara,2026-06-04,https://www.antaranews.com/berita/5594252/kepala-bgn-perbaikan-tata-kelola-mbg-2026-mulai-dari-efisiensi,Kepala BGN: Perbaikan tata kelola MBG 2026 mulai dari efisiensi,"Kepala BGN: Perbaikan tata kelola MBG 2026 mulai dari efisiensi. Jakarta (ANTARA) - Kepala Badan Gizi Nasional (BGN) Nanik Sudaryati Deyang menyatakan perbaikan tata kelola program Makan Bergizi Gratis (MBG) 2026 dimulai dari mengoptimalkan efisiensi anggaran. ""Kami concern hal pertama adalah untuk efisiensi, sehingga meski kini sudah tinggal Rp268 triliun, kami berharap masih bisa menurunkan lagi, tetapi tidak menurunkan kualitas,"" katanya dalam konferensi pers di Jakarta, Kamis.",netral,0.6428
95a91d45eca1,Antara,2026-06-02,https://www.antaranews.com/berita/5591548/istana-sebut-pergantian-pimpinan-bgn-perkuat-layanan-program-mbg,Istana sebut pergantian pimpinan BGN perkuat layanan program MBG,"Istana sebut pergantian pimpinan BGN perkuat layanan program MBG. Jakarta (ANTARA) - Menteri Sekretaris Negara Prasetyo Hadi menyatakan pergantian pimpinan Badan Gizi Nasional (BGN) tidak akan mengganggu jalannya Makan Bergizi Gratis (MBG) serta diharapkan semakin memperkuat layanan program tersebut. ""Pemerintah sekali lagi menegaskan bahwa pergantian kepemimpinan ini tidak akan mengganggu komitmen kita di dalam menjalankan program MBG yang dilaksanakan oleh BGN,"" kata Prasetyo dalam pernyataan pers di Kompleks Istana Kepresidenan, Jakarta, Selasa.",netral,0.6429
c6618f79fa66,Tempo,2026-06-03,https://www.tempo.co/politik/jppi-sebut-pencopotan-kepala-bgn-tak-selesaikan-masalah-mbg-2217729,JPPI Sebut Pencopotan Kepala BGN Tak Selesaikan Masalah MBG,"JPPI Sebut Pencopotan Kepala BGN Tak Selesaikan Masalah MBG. JARINGAN Pemantau Pendidikan Indonesia (JPPI) menilai pencopotan tiga pimpinan Badan Gizi Nasional (BGN) oleh Presiden Prabowo Subianto tidak akan menyelesaikan persoalan mendasar pelaksanaan program makan bergizi gratis (MBG). JPPI mengatakan langkah tersebut hanya menjawab persoalan individu, masalah tata kelola dan desain program dinilai belum tersentuh.",negatif,0.6431
b8090ed2f65f,Detik,2026-06-06,https://finance.detik.com/berita-ekonomi-bisnis/d-8520336/mbg-kopdes-dianggap-bebani-apbn-purbaya-itu-program-fleksibel,"MBG-Kopdes Dianggap Bebani APBN, Purbaya: Itu Program Fleksibel","MBG-Kopdes Dianggap Bebani APBN, Purbaya: Itu Program Fleksibel. Menteri Keuangan (Menkeu), Purbaya Yudhi Sadewa, menegaskan program prioritas pemerintah seperti Makan Bergizi Gratis (MBG) dan Koperasi Desa Merah Putih (KDMP) tidak memberikan tekanan terhadap Anggaran Pendapatan dan Belanja Negara (APBN). Purbaya menegaskan kedua program tersebut sangat fleksibel.",netral,0.6432
51f98d0f8174,Antara,2026-06-02,https://www.antaranews.com/berita/5590816/menko-pangan-sebut-swasembada-pangan-menyangkut-hak-rakyat-dan-petani,Menko Pangan sebut swasembada pangan menyangkut hak rakyat dan petani,"Menko Pangan sebut swasembada pangan menyangkut hak rakyat dan petani. Kota Jambi (ANTARA) - Menteri Koordinator Bidang Pangan Zulkifli Hasan (Zulhas) menegaskan swasembada pangan menjadi salah satu prioritas utama pemerintah karena berkaitan langsung dengan hak masyarakat untuk memperoleh pangan yang cukup dan hak kesejahteraan bagi petani yang memproduksi pangan. ""Kita ingin memprioritaskan pangan, dan juga swasembada pangan itu menyangkut hak rakyat dan petani,"" katanya saat menghadiri peringatan Hari Jadi Pemerintah Kota Jambi ke-80 dan Hari Jadi Tanah Pilih Pusako Batuah ke-625 di Jambi, Selasa.",netral,0.6433
2460fc21162e,Detik,2026-04-11,https://www.detik.com/sulsel/parepare/d-8439322/harga-ayam-di-pasar-parepare-melonjak-tajam-diduga-dipicu-program-mbg,Harga Ayam di Pasar Parepare Melonjak Tajam Diduga Dipicu Program MBG,"Harga Ayam di Pasar Parepare Melonjak Tajam Diduga Dipicu Program MBG. Harga daging ayam broiler di Pasar Lakessi, Kota Parepare, Sulawesi Selatan (Sulsel), melonjak tajam hingga tembus Rp 85.000 per ekor. Kondisi ini dipicu oleh berkurangnya stok di pasaran sementara permintaan tinggi akibat kebutuhan program Makan Bergizi Gratis (MBG).",netral,0.6448
cf8c273b7a59,Antara,2026-06-04,https://www.antaranews.com/berita/5593659/komisi-ix-dpr-minta-kepala-bgn-baru-fokus-benahi-tata-kelola-mbg,Komisi IX DPR minta Kepala BGN baru fokus benahi tata kelola MBG,"Komisi IX DPR minta Kepala BGN baru fokus benahi tata kelola MBG. Saya berharap Kepala BGN yang baru fokus membenahi tata kelola MBG yang selama ini masih buruk Jakarta (ANTARA) - Wakil Ketua Komisi IX DPR RI Charles Honoris meminta Kepala Badan Gizi Nasional (BGN) Nanik Sudaryati Deyang yang baru saja ditunjuk Presiden Prabowo Subianto pada 2 Juni 2026, fokus membenahi tata kelola Program Makan Bergizi Gratis (MBG). ""Saya berharap Kepala BGN yang baru fokus membenahi tata kelola MBG yang selama ini masih buruk,"" katanya saat dikonfirmasi dari Jakarta, Kamis.",negatif,0.6459
c0462aadcc59,Antara,2026-06-04,https://www.antaranews.com/berita/5594649/mensesneg-presiden-rutin-pantau-pelaksanaan-program-pemerintah,Mensesneg: Presiden rutin pantau pelaksanaan program pemerintah,"Mensesneg: Presiden rutin pantau pelaksanaan program pemerintah. Jakarta (ANTARA) - Menteri Sekretaris Negara (Mensesneg) Prasetyo Hadi memastikan Presiden Prabowo Subianto terus rutin memantau dan melakukan evaluasi program-program yang dijalankan kementerian/lembaga. ""Jadi beliau sebagai Kepala Negara, Kepala Pemerintahan memang rutin seluruh program seluruh kementerian dilakukan monitoring, dilakukan evaluasi,"" kata Mensesneg Prasetyo Hadi kepada wartawan di Kompleks Istana Kepresidenan, Jakarta, Kamis.",netral,0.6474
59a7337128af,Tempo,2026-06-03,https://www.tempo.co/politik/kpai-desak-perbaikan-tata-kelola-mbg-usai-kepala-bgn-dicopot-2217678,KPAI Desak Perbaikan Tata Kelola MBG Usai Kepala BGN Dicopot,KPAI Desak Perbaikan Tata Kelola MBG Usai Kepala BGN Dicopot. KOMISI Perlindungan Anak Indonesia (KPAI) meminta pergantian pimpinan Badan Gizi Nasional (BGN) menjadi momentum untuk membenahi tata kelola program makan bergizi gratis (MBG) secara menyeluruh. KPAI menilai evaluasi program tersebut tidak bisa dilakukan seperti program pemerintah pada umumnya karena dampaknya dirasakan langsung oleh penerima manfaat.,netral,0.6484
a59b6a0bf828,Antara,2026-05-24,https://www.antaranews.com/berita/5580829/terpopuler-persib-juara-hingga-blackout-sumatera-karena-cuaca-buruk,"Terpopuler, Persib juara hingga ""blackout"" Sumatera karena cuaca buruk","Terpopuler, Persib juara hingga ""blackout"" Sumatera karena cuaca buruk. Jakarta (ANTARA) - Sejumlah berita unggulan akhir pekan untuk disimak, Klasemen Super League: Persib juara, Borneo runner-up hingga PLN sebut ""blackout"" Sumatera disebabkan oleh cuaca buruk. Berikut berita-berita tersebut: 1.",netral,0.6484
8da83bd0b4bc,Antara,2026-06-05,https://www.antaranews.com/berita/5595585/delapan-sppg-di-kudus-kembali-beroperasi-setelah-penuhi-standar-ipal,Delapan SPPG di Kudus kembali beroperasi setelah penuhi standar IPAL,"Delapan SPPG di Kudus kembali beroperasi setelah penuhi standar IPAL. Awalnya ada 15 SPPG yang mengalami pemberhentian operasional sementara karena permasalahan IPAL, namun dua SPPG kembali beroperasi setelah memenuhi persyaratan IPAL Kudus (ANTARA) - Badan Gizi Nasional (BGN) kembali mencabut status pemberhentian operasional sementara delapan Satuan Pelayanan Pemenuhan Gizi (SPPG) di Kabupaten Kudus, Jawa Tengah, untuk Kembali beroperasi setelah memenuhi persyaratan standar Instalasi Pengolahan Air Limbah (IPAL). ""Awalnya ada 15 SPPG yang mengalami pemberhentian operasional sementara karena permasalahan IPAL, namun dua SPPG kembali beroperasi setelah memenuhi persyaratan IPAL.",netral,0.6507
492c57465d69,Tempo,2026-04-28,https://www.tempo.co/politik/icw-temukan-dugaan-markup-hingga-monopoli-dalam-program-mbg-2132345,ICW Temukan Dugaan Markup hingga Monopoli dalam Program MBG,"ICW Temukan Dugaan Markup hingga Monopoli dalam Program MBG. INDONESIA Corruption Watch menemukan sejumlah indikasi penyimpangan dalam pelaksanaan program makan bergizi gratis (MBG). Dugaan penyimpangan terlihat mulai dari markup anggaran, ketidakteraturan pengadaan, hingga keterlibatan pihak berpengaruh dalam rantai pasok.",netral,0.6508
fb16617b02ee,Tempo,2026-06-04,https://www.tempo.co/politik/prabowo-larang-telur-dadar-jadi-menu-mbg-2217960,Prabowo Larang Telur Dadar Jadi Menu MBG,"Prabowo Larang Telur Dadar Jadi Menu MBG. PRESIDEN Prabowo Subianto meminta dapur-dapur makan bergizi gratis (MBG) tidak menyajikan telur dadar dalam hidangan mereka. Menurut Prabowo, telur dadar bisa jadi kurang bergizi karena mengandung lebih banyak tepung daripada telur.",negatif,0.6514
f13d43c9f856,Antara,2026-06-01,https://www.antaranews.com/berita/5589631/prabowo-tegaskan-pancasila-jadi-pegangan-ri-hadapi-konflik-dunia,Prabowo tegaskan Pancasila jadi pegangan RI hadapi konflik dunia,"Prabowo tegaskan Pancasila jadi pegangan RI hadapi konflik dunia. Pancasila bukan sekadar dokumen sejarah Jakarta (ANTARA) - Presiden Republik Indonesia Prabowo Subianto menegaskan Pancasila menjadi pegangan kokoh Indonesia dalam menghadapi konflik global yang terjadi pada beberapa negara dan berimbas secara tidak langsung pada ekonomi nasional. “Di tengah dunia yang semakin terpecah oleh pertikaian, rivalitas geopolitik, perang dagang, dan ketidakpastian ekonomi, Indonesia memiliki pegangan yang kokoh.",positif,0.6516
5e6502790c72,Liputan6,2026-06-06,https://www.liputan6.com/bisnis/read/7726382/bukan-mbg-dan-kopdes-purbaya-ungkap-masalah-ekonomi-ri-sebenarnya,"Bukan MBG dan Kopdes, Purbaya Ungkap Masalah Ekonomi RI Sebenarnya","Bukan MBG dan Kopdes, Purbaya Ungkap Masalah Ekonomi RI Sebenarnya. Liputan6.com, Jakarta - Menteri Keuangan Purbaya Yudhi Sadewa menegaskan program prioritas pemerintah seperti Makan Bergizi Gratis (MBG) dan Koperasi Desa Merah Putih tidak mengancam kesehatan fiskal negara. Namun, Purbaya mengatakan kekhawatiran tersebut tidak sepenuhnya tepat.",netral,0.653
0ce0bb411289,Detik,2026-06-04,https://food.detik.com/info-kuliner/d-8517239/prabowo-soroti-ukuran-lauk-mbg-ini-bedanya-ayam-potong-8-12-hingga-14,"Prabowo Soroti Ukuran Lauk MBG, Ini Bedanya Ayam Potong 8, 12 hingga 14","Prabowo Soroti Ukuran Lauk MBG, Ini Bedanya Ayam Potong 8, 12 hingga 14. Pernyataan Presiden Prabowo terkait potongan ayam untuk menu MBG menarik perhatian. Ada banyak potongan ayam yang umum digunakan dalam industri kuliner.",netral,0.654
e9ee3a5f3dec,Suara,2026-06-05,https://www.suara.com/news/2026/06/05/132502/bgn-alihkan-jatah-mbg-dari-sekolah-elite-ke-wilayah-3t-nanik-fokus-perbaiki-kualitas,"BGN Alihkan Jatah MBG dari Sekolah Elite ke Wilayah 3T, Nanik: Fokus Perbaiki Kualitas","BGN Alihkan Jatah MBG dari Sekolah Elite ke Wilayah 3T, Nanik: Fokus Perbaiki Kualitas. - BGN mengalihkan fokus Program Makan Bergizi Gratis dari sekolah elit ke wilayah tertinggal, terdepan, dan terluar. - Strategi tahun 2026 ini memprioritaskan peningkatan kualitas layanan dan efektivitas anggaran daripada sekadar mengejar target jumlah penerima manfaat.",positif,0.6574
b998c2e049e4,Detik,2026-04-29,https://news.detik.com/bangun-indonesia/d-8466805/didampingi-luthfi-prabowo-tinjau-mbg-revitalisasi-sekolah-di-cilacap,"Didampingi Luthfi, Prabowo Tinjau MBG & Revitalisasi Sekolah di Cilacap","Didampingi Luthfi, Prabowo Tinjau MBG & Revitalisasi Sekolah di Cilacap. Berdasarkan tinjauannya, progam MBG berjalan dengan baik dan lancar. Bahkan, sejumlah siswa memberikan respons positif terhadap program tersebut.",positif,0.6582
293f78ed05c1,CNN Indonesia,2026-06-05,https://www.cnnindonesia.com/nasional/20260605141548-12-1365724/kejagung-vendor-motor-listrik-bgn-tak-punya-dealer-dan-bengkel,Kejagung: Vendor Motor Listrik BGN Tak Punya Dealer dan Bengkel,Kejagung: Vendor Motor Listrik BGN Tak Punya Dealer dan Bengkel. Kejagung: Vendor Motor Listrik BGN Tak Punya Dealer dan Bengkel Kejaksaan Agung (Kejagung) menyebut ada banyak kejanggalan terhadap perusahaan vendor penyedia motor listrik untuk Badan Gizi Nasional (BGN) saat dipimpin Dadan Hindayana Cs. Direktur Penyidikan Jaksa Agung Muda Bidang Tindak Pidana Khusus Syarief Sulaeman Nahdi mengatakan pengadan motor listrik untuk BGN itu dilakukan oleh PT Yasa Artha Trimanunggal (YAT).,negatif,0.6604
19134454cdb9,Detik,2026-06-02,https://news.detik.com/foto-news/d-8515287/potret-nanik-s-deyang-kepala-bgn-baru-pengganti-dadan,"Potret Nanik S Deyang, Kepala BGN Baru Pengganti Dadan","Potret Nanik S Deyang, Kepala BGN Baru Pengganti Dadan. Jakarta - Prabowo menunjuk Nanik S Deyang sebagai Kepala BGN yang baru. Nanik menggantikan Dadan Hindayana yang dicopot dari jabatannya.",netral,0.6613
8af593836666,Tempo,2026-06-03,https://www.tempo.co/arsip/mantan-kepala-bgn-dadan-hindayana-ditahan-kejaksaan-agung-2217795,Mantan Kepala BGN Dadan Hindayana Ditahan Kejaksaan Agung | tempo.co,"Mantan Kepala BGN Dadan Hindayana Ditahan Kejaksaan Agung | tempo.co. Kejaksaan Agung menagan Mantan Kepala Badan Gizi Nasional (BGN) Dadan Hindayana. Selain Dadan, Kejaksaan juga menahan mantan Wakil Kepala Badan Gizi Nasional (BGN) Sony Sonjaya dan Lodewyk Pusung.",negatif,0.6661
38b394f869f3,Antara,2026-06-05,https://www.antaranews.com/berita/5596187/satgas-mbg-usut-penyebab-keracunan-siswa-di-bangkalan,Satgas MBG usut penyebab keracunan siswa di Bangkalan,"Satgas MBG usut penyebab keracunan siswa di Bangkalan. Bangkalan (ANTARA) - Satuan Tugas (Satgas) program Makan Bergizi Gratis (MBG) Bangkalan, Jawa Timur mengusut insiden keracunan massal yang menimpa siswa SMA Negeri 1 Kokop. ""Kami telah melakukan investigasi mendalam dengan meminta keterangan kepada para korban dan mengamankan sampel makanan,"" kata Ketua Satgas MBG Bangkalan Bambang Budi Mustika di Bangkalan, Jumat.",negatif,0.6692
f4907d166e6a,Tempo,2026-05-09,https://www.tempo.co/prelude/surat-siswa-sd-makan-bergizi-gratis-2134783,Takut Makan Bergizi Gratis,"Takut Makan Bergizi Gratis. DALAM suratnya kepada Presiden Prabowo Subianto, Myscha mempertanyakan realisasi makan bergizi gratis (MBG) di Sekolah Dasar Inpres Compang Ngeles di Manggarai Timur, Nusa Tenggara Timur. Berlangganan Tempo+ untuk membaca cerita lengkapnyaSudah Berlangganan?",negatif,0.6694
02604abe152c,Antara,2026-05-31,https://www.antaranews.com/berita/5588865/hoaks-prabowo-ancam-mundur-jika-mbg-dihentikan,Hoaks! Prabowo ancam mundur jika MBG dihentikan,Hoaks! Prabowo ancam mundur jika MBG dihentikan. Jakarta (ANTARA/JACX) – Sebuah unggahan di media sosial Facebook mengeklaim bahwa Presiden RI Prabowo Subianto mengancam akan mundur dari jabatannya apabila program Makan Bergizi Gratis (MBG) dihentikan. Unggahan tersebut menarasikan bahwa Prabowo tidak bersedia melanjutkan kepemimpinannya jika banyak masyarakat menolak keberlanjutan program MBG.,negatif,0.6694
33ddccdacec5,Liputan6,2026-06-04,https://www.liputan6.com/bisnis/read/7660199/bos-baru-bgn-bongkar-jurus-efisiensi-anggaran-mbg,Bos Baru BGN Bongkar Jurus Efisiensi Anggaran MBG,"Bos Baru BGN Bongkar Jurus Efisiensi Anggaran MBG. Liputan6.com, Jakarta - Kepala Badan Gizi Nasional (BGN) Nanik S Deyang menyatakan perbaikan tata kelola program Makan Bergizi Gratis (MBG) 2026 dimulai dari mengoptimalkan efisiensi anggaran. ""Kami concern hal pertama adalah untuk efisiensi, sehingga meski kini sudah tinggal Rp 268 triliun, kami berharap masih bisa menurunkan lagi, tetapi tidak menurunkan kualitas,"" katanya dikutip dari Antara, (6/4/2026).",positif,0.6709
d415d5de185e,Antara,2026-05-25,https://www.antaranews.com/berita/5582065/aksi-3-in-1-siasati-keterbatasan-lahan-pertanian-di-palembang,"Aksi ""3 in 1"" siasati keterbatasan lahan pertanian di Palembang","Aksi ""3 in 1"" siasati keterbatasan lahan pertanian di Palembang. Palembang (ANTARA) - Permasalahan terus berkurangnya luas lahan untuk pertanian dan perkebunan di wilayah perkotaan terjadidi seluruh kota di Tanah Air. Tapi, terbatasnya lahan tersebut bukan berarti masyarakat di perkotaan tidak bisa menanam sebagaimana masyarakat di desa, tetapi harus melakukannya dengan cara tertentu.",positif,0.6739
302de6785e0c,Antara,2026-06-03,https://www.antaranews.com/berita/5591933/lpi-dukung-langkah-presiden-rombak-kepemimpinan-bgn,LPI dukung langkah Presiden rombak kepemimpinan BGN,"LPI dukung langkah Presiden rombak kepemimpinan BGN. Jakarta (ANTARA) - Lingkar Pemuda Indonesia (LPI) mendukung langkah Presiden Prabowo Subianto melakukan perombakan kepemimpinan di Badan Gizi Nasional (BGN) yang menjadi sinyal kuat bahwa pemerintah responsif terhadap masukan publik. “Pergantian pimpinan Badan Gizi Nasional (BGN) adalah langkah yang tepat demi menyelamatkan program prioritas nasional, yaitu Makan Bergizi Gratis (MBG),” kata Direktur Eksekutif Lingkar Pemuda Indonesia Akhrom Saleh di Jakarta, Rabu.",netral,0.6743
1e9072111ff5,Liputan6,2026-06-03,https://berita.liputan6.com/megapolitan/read/7617283/komisi-ix-dpr-pergantian-pimpinan-bgn-wajar-demi-perkuat-mbg,Komisi IX DPR: Pergantian Pimpinan BGN Wajar demi Perkuat MBG,"Komisi IX DPR: Pergantian Pimpinan BGN Wajar demi Perkuat MBG. Liputan6.com, Jakarta - Anggota Komisi IX DPR RI, Irma Suryani Chaniago, menilai pergantian kepemimpinan di Badan Gizi Nasional (BGN) merupakan langkah yang wajar untuk meningkatkan efektivitas pelaksanaan program pemerintah. Menurut Irma, perubahan tersebut diharapkan dapat memperkuat fungsi pengawasan sekaligus meningkatkan kualitas pelaksanaan Satuan Pelayanan Pemenuhan Gizi (SPPG), sehingga tujuan Program Makan Bergizi Gratis (MBG) dapat tercapai secara optimal.",netral,0.6762
fd28a3a0807a,Antara,2026-05-25,https://www.antaranews.com/berita/5582377/bgn-akan-cabut-insentif-sppg-yang-tak-layani-mbg-3b-minimal-300-orang,BGN akan cabut insentif SPPG yang tak layani MBG 3B minimal 300 orang,"BGN akan cabut insentif SPPG yang tak layani MBG 3B minimal 300 orang. Jakarta (ANTARA) - Badan Gizi Nasional (BGN) akan mencabut insentif Rp6 juta per hari bagi Satuan Pelayanan Pemenuhan Gizi (SPPG) yang tidak melayani Makan Bergizi Gratis (MBG) sasaran ibu hamil, ibu menyusui, dan balita (3B) minimal 300 orang per 2 Juni 2026. Kedeputian Bidang Pemantauan dan Pengawas (Tauwas) BGN dalam Surat Edaran (SE) nomor 5 tahun 2026 yang dirilis Senin, menyatakan SPPG yang tidak melaksanakan perintah tersebut akan ditangguhkan secara mayor.",positif,0.6764
705ce5d736e3,Tempo,2026-06-03,https://www.tempo.co/politik/jual-beli-titik-dapur-mbg-salah-satu-faktor-dicopotnya-dadan-2217744,Jual Beli Titik Dapur MBG Salah Satu Faktor Dicopotnya Dadan,"Jual Beli Titik Dapur MBG Salah Satu Faktor Dicopotnya Dadan. KEPALA Staf Presiden Dudung Abdurachman mengatakan keputusan Presiden Prabowo Subianto merombak jajaran pimpinan Badan Gizi Nasional atau BGN adalah tepat. Menurut dia, hal itu perlu dilakukan untuk perbaikan.",negatif,0.6788
92420aacef07,Detik,2026-06-07,https://news.detik.com/berita/d-8521807/hasto-pdip-prihatin-korupsi-terjadi-di-program-mbg-harusnya-bisa-dicegah,Hasto PDIP Prihatin Korupsi Terjadi di Program MBG: Harusnya Bisa Dicegah,Hasto PDIP Prihatin Korupsi Terjadi di Program MBG: Harusnya Bisa Dicegah. Sekien PDIP Hasto Kristiyanto menyebut partainya prihatin atas kasus korupsi yang terjadi pada program Makan Bergizi Gratis (MBG). Hasto mengatakan korupsi tersebut harusnya bisa dicegah sejak awal.,negatif,0.6796
9823cd3fd49d,Liputan6,2026-06-03,https://berita.liputan6.com/peristiwa/read/7625393/prabowo-ke-petugas-mbg-di-pelosok-terima-kasih-atas-kesetiaan-kalian,Prabowo ke Petugas MBG di Pelosok: Terima Kasih atas Kesetiaan Kalian,"Prabowo ke Petugas MBG di Pelosok: Terima Kasih atas Kesetiaan Kalian. Liputan6.com, Jakarta - Presiden Prabowo Subianto menyampaikan apresiasi secara langsung kepada seluruh petugas Program Makan Bergizi Gratis (MBG) yang selama ini bertugas di berbagai daerah. Program ini dipastikan berjalan dan menjangkau masyarakat yang membutuhkan hingga ke pelosok negeri.",positif,0.6798
efd9c123a462,Tempo,2026-06-04,https://www.tempo.co/politik/suasana-kantor-bgn-setelah-penggeledahan-skandal-korupsi-mbg-2217944,Suasana Kantor BGN Setelah Penggeledahan Skandal Korupsi MBG,Suasana Kantor BGN Setelah Penggeledahan Skandal Korupsi MBG. AKTIVITAS di kantor Badan Gizi Nasional kembali normal setelah sehari sebelumnya digeledah oleh Kejaksaan Agung atas skandal dugaan tindak pidana korupsi dalam program makan bergizi gratis. Para pegawai sudah berkegiatan seperti biasa.,negatif,0.681
51b30e62da82,Suara,2026-06-03,https://www.suara.com/lifestyle/2026/06/03/182500/dadan-hindayana-dari-partai-apa-eks-kepala-bgn-yang-dijemput-kejagung,Dadan Hindayana dari Partai Apa? Eks Kepala BGN yang Dijemput Kejagung,"Dadan Hindayana dari Partai Apa? Eks Kepala BGN yang Dijemput Kejagung. - Presiden Prabowo Subianto mencopot Dadan Hindayana dari jabatan Kepala Badan Gizi Nasional pada 2 Juni 2026. - Pencopotan terjadi menyusul adanya kritik terkait tata kelola, pemborosan anggaran, serta insiden keracunan program makan bergizi.",netral,0.6836
3cafea9dd386,Antara,2026-06-03,https://www.antaranews.com/berita/5592239/ksp-kepala-bgn-dicopot-mungkin-karena-dugaan-jual-beli-titik-dapur,KSP: Kepala BGN dicopot mungkin karena dugaan jual beli titik dapur,"KSP: Kepala BGN dicopot mungkin karena dugaan jual beli titik dapur. Jakarta (ANTARA) - Kepala Staf Presiden (KSP) Dudung Abdurachman menyebut bahwa Kepala Badan Gizi Nasional (BGN) Dadan Hindayana dicopot dari jabatannya mungkin karena diduga berkaitan jual beli titik dapur program Makan Bergizi Gratis (MBG). ""Ya, saya pun dapat informasi seperti itu,"" kata Dudung saat ditanya dugaan kasus jual beli dapur yang menjerat eks Kepala BGN, usai mengikuti rapat kerja di kompleks parlemen, Jakarta, Rabu.",negatif,0.6845
f644c0c1438d,Detik,2026-05-12,https://food.detik.com/foto-kuliner/d-8486659/hobi-masak-cinta-laura-buat-menu-mbg-pempek-hingga-ayam-kecombrang,Hobi Masak! Cinta Laura Buat Menu 'MBG' Pempek hingga Ayam Kecombrang,"Hobi Masak! Cinta Laura Buat Menu 'MBG' Pempek hingga Ayam Kecombrang. Jakarta - Selain kulineran, artis dan model Cinta Laura juga hobi masak menu yang ia sebut 'MBG' (Masakan Bos Gue). Menunya mulai dari pempek hingga ayam kecombrang!",positif,0.6855
5becff602100,Antara,2026-06-03,https://www.antaranews.com/berita/5592092/dpr-ri-kerja-keras-dadan-hindayana-capai-target-sppg-patut-dihargai,DPR RI: Kerja keras Dadan Hindayana capai target SPPG patut dihargai,"DPR RI: Kerja keras Dadan Hindayana capai target SPPG patut dihargai. Jakarta (ANTARA) - Anggota Komisi IX DPR RI Irma Suryani Chaniago menyatakan kerja keras mantan Kepala Badan Gizi Nasional (BGN), Dadan Hindayana untuk mencapai target pembangunan Satuan Pelayanan Pemenuhan Gizi (SPPG) selama menjabat sejak tahun 2025 hingga 2 Juni 2026 patut dihargai. Hal tersebut disampaikan Irma menanggapi penggantian Kepala BGN yang dilakukan Presiden Prabowo Subianto di Jakarta pada Selasa (3/6) malam.",netral,0.6868
c72783357a1a,Republika,2026-06-03,https://news.republika.co.id/berita/tg2311487/begini-cara-yang-diduga-dilakukan-dadan-cs-dapat-miliaran-rupiah-sehari-dari-program-mbg,Begini Cara yang Diduga Dilakukan Dadan Cs Dapat Miliaran Rupiah Sehari dari Program MBG |Republika Online,"Begini Cara yang Diduga Dilakukan Dadan Cs Dapat Miliaran Rupiah Sehari dari Program MBG |Republika Online. REPUBLIKA.CO.ID, JAKARTA -- Program Makan Bergizi Gratis (MBG) akhirnya terungkap sarat akan praktik korupsi. Kejaksaan Agung (Kejagung) menetapkan tiga mantan pemimpin Badan Gizi Nasional (BGN) selaku penyelenggara program unggulan Presiden Prabowo Subianto itu.",negatif,0.6873
826f598db5b8,Detik,2026-06-02,https://health.detik.com/berita-detikhealth/d-8515244/istana-bicara-nasib-mbg-usai-dadan-hindayana-dicopot-dari-kepala-bgn,Istana Bicara Nasib MBG Usai Dadan Hindayana Dicopot dari Kepala BGN,"Istana Bicara Nasib MBG Usai Dadan Hindayana Dicopot dari Kepala BGN. Presiden Prabowo Subianto menunjuk Nanik Sudaryati Deyang sebagai Kepala Badan Gizi Nasional (BGN) yang baru menggantikan Dadan Hindayana. Sebelumnya, Nanik menjabat sebagai Wakil Kepala BGN Bidang Komunikasi Publik dan Investigasi.",netral,0.6874
055f7ef4f968,Liputan6,2026-06-03,https://www.liputan6.com/news/read/7622541/korupsi-bgn-daftar-belanja-yang-di-mark-up-dadan-cs-ada-sepatu-dan-motor-listrik,"Korupsi BGN: Daftar Belanja yang di-Mark Up Dadan CS, Ada Sepatu dan Motor Listrik","Korupsi BGN: Daftar Belanja yang di-Mark Up Dadan CS, Ada Sepatu dan Motor Listrik. Liputan6.com, Jakarta - Direktur Penyidikan pada Jaksa Agung Muda Bidang Tindak Pidana Khusus (Dirdik Jampidsus) Kejagung, Syarief Sulaeman Nahdi, mengungkap adanya dugaan penyimpangan dalam proses pengadaan barang dan jasa di Badan Gizi Nasional (BGN) yang diduga melibatkan tiga mantan Pimpinan MBG. Syarief menyebut, dalam pelaksanaannya para pihak tersebut diduga melakukan intervensi dalam penyusunan Kerangka Acuan Kerja (KAK) sehingga tidak disusun berdasarkan kebutuhan riil di lapangan.",negatif,0.69
cad103476bf7,Kompas,2026-06-05,https://money.kompas.com/read/2026/06/05/185506126/hkti-sebut-mbg-tingkatkan-kesejahteraan-petani-dan-ciptakan-lapangan-kerja,HKTI Sebut MBG Tingkatkan Kesejahteraan Petani dan Ciptakan Lapangan Kerja,"HKTI Sebut MBG Tingkatkan Kesejahteraan Petani dan Ciptakan Lapangan Kerja. Baca berita tanpa iklan. Gabung Kompas.com+ Kompas.com, 5 Juni 2026, 18:55 WIB Sakina Rakhma Diah Setiawan Penulis JAKARTA, KOMPAS.com – Program Makan Bergizi Gratis (MBG) dinilai tidak hanya berkontribusi terhadap pemenuhan kebutuhan gizi masyarakat, tetapi juga memberikan dampak ekonomi yang luas bagi berbagai sektor, mulai dari pertanian, peternakan, perikanan, hingga usaha mikro, kecil, dan menengah (UMKM).",positif,0.6902
d9fc72124b01,Antara,2026-06-04,https://www.antaranews.com/berita/5594433/riset-ui-ungkap-konsumsi-rokok-berisiko-mencederai-manfaat-program-mbg,Riset UI ungkap konsumsi rokok berisiko mencederai manfaat Program MBG,"Riset UI ungkap konsumsi rokok berisiko mencederai manfaat Program MBG. Jakarta (ANTARA) - Penelitian terbaru Pusat Kajian Jaminan Sosial Universitas Indonesia (PKJS-UI) menemukan bahwa rumah tangga perokok memiliki risiko mencederai manfaat Program Makan Bergizi Gratis (MBG). Riset mengungkapkan sebagian besar anak penerima MBG berasal dari rumah tangga perokok, yang cenderung mengalokasikan pengeluaran lebih sedikit untuk pangan bergizi dan lebih banyak untuk makanan kurang sehat.",negatif,0.6925
2f0bb7b03f3b,Detik,2026-06-04,https://finance.detik.com/berita-ekonomi-bisnis/d-8517377/prabowo-pede-mbg-tetap-berhasil-meski-mantan-bos-bgn-kena-kasus-korupsi,Prabowo Pede MBG Tetap Berhasil Meski Mantan Bos BGN Kena Kasus Korupsi,"Prabowo Pede MBG Tetap Berhasil Meski Mantan Bos BGN Kena Kasus Korupsi. Pelaksanaan program Makan Bergizi Gratis (MBG) tiba-tiba jadi sorotan usai mantan Kepala Badan Gizi Nasional (BGN) Dadan Hindayana dan dua wakilnya diciduk Kejaksaan Agung atas tindak pidana korupsi penyimpangan tata kelola program MBG. Pemerintah sendiri sudah gerak cepat melakukan rotasi jabatan di BGN, pengganti Dadan dkk sudah ditetapkan.",positif,0.693
648a522cb0d9,Republika,2026-06-05,https://news.republika.co.id/berita/tg5khv377/kejagung-tak-pilih-kasih-sppg-tnipolri-jika-tersangkut-korupsi-mbg-akan-diusut,"Kejagung tak Pilih Kasih, SPPG TNI-Polri Jika Tersangkut Korupsi MBG akan Diusut |Republika Online","Kejagung tak Pilih Kasih, SPPG TNI-Polri Jika Tersangkut Korupsi MBG akan Diusut |Republika Online. REPUBLIKA.CO.ID, JAKARTA — Kejaksaan Agung (Kejagung) memastikan akan membongkar semua pihak yang terlibat dalam skandal korupsi program Makan Bergizi Gratis (MBG). Kejagung tak bakal pandang bulu dalam memeriksa pihak-pihak pemilik Satuan Pelayanan Pemenuhan Gizi (SPPG) yang menjadi mitra Badan Gizi Nasional (BGN) dalam realisasi program bikinan Presiden Prabowo Subianto itu.",negatif,0.6932
5edda13cee9e,Tempo,2026-06-04,https://www.tempo.co/arsip/yayasan-mbg-yang-dikendalikan-eks-pimpinan-bgn-raup-insentif-miliaran-2217881,Yayasan MBG yang Dikendalikan Eks Pimpinan BGN Raup Insentif Miliaran | tempo.co,"Yayasan MBG yang Dikendalikan Eks Pimpinan BGN Raup Insentif Miliaran | tempo.co. DIREKTUR Penyidikan Jaksa Agung Muda Tindak Pidana Khusus Kejaksaan Agung Syarief Sulaiman Nahdi mengungkap dugaan keterlibatan mantan Kepala Badan Gizi Nasional (BGN) Dadan Hindayana serta dua mantan wakilnya, Inspektur Jenderal Polisi (Purnawirawan) Sony Sonjaya dan Letnan Jenderal TNI (Purnawirawan) Lodewyk Pusung, dalam pengendalian sejumlah yayasan pengelola Satuan Pelayanan Pemenuhan Gizi (SPPG) program Makan Bergizi Gratis (MBG). Scroll ke bawah untuk melanjutkan membaca Iklan “Yayasan-yayasan itu bisa dibilang milik melalui orang lain.",negatif,0.6933
9ce711ecfde3,Suara,2026-06-04,https://www.suara.com/lifestyle/2026/06/04/113249/berapa-korupsi-dadan-hindayana-eks-kepala-bgn-yang-jadi-tersangka-suap-mbg,Berapa Korupsi Dadan Hindayana? Eks Kepala BGN yang Jadi Tersangka Suap MBG,"Berapa Korupsi Dadan Hindayana? Eks Kepala BGN yang Jadi Tersangka Suap MBG. - Mantan Kepala BGN Dadan Hindayana, ditetapkan sebagai tersangka korupsi program MBG. - Modus korupsi melibatkan penunjukan yayasan mitra yang tidak memenuhi syarat serta penggelembungan harga pada berbagai pengadaan barang dan jasa.",negatif,0.6939
823ef5f2a1b4,Detik,2026-06-06,https://www.detik.com/jabar/berita/d-8520582/cerita-di-balik-video-viral-ahmad-yazdi-bongkar-korupsi-bgn,Cerita di Balik Video Viral Ahmad Yazdi Bongkar Korupsi BGN,"Cerita di Balik Video Viral Ahmad Yazdi Bongkar Korupsi BGN. Jauh sebelum Kejaksaan Agung (Kejagung) menetapkan tiga mantan pucuk pimpinan Badan Gizi Nasional (BGN) sebagai tersangka korupsi Program Makan Bergizi Gratis (MBG), borok di tubuh lembaga tersebut rupanya sudah diteriakkan sejak lama. Sebuah video tertanggal Oktober 2025 kini kembali viral.",negatif,0.6944
f9dd48ac5b6e,Tempo,2026-06-04,https://www.tempo.co/hukum/jaksa-dalami-aliran-duit-jual-beli-dapur-mbg-ke-pejabat-bgn-2231345,Jaksa Dalami Aliran Duit Jual Beli Dapur MBG ke Pejabat BGN,"Jaksa Dalami Aliran Duit Jual Beli Dapur MBG ke Pejabat BGN. PENYIDIK Kejaksaan Agung masih menelusuri dugaan aliran duit korupsi dari praktik jual beli izin dapur Program Makan Bergizi Gratis (MBG) kepada pejabat Badan Gizi Nasional (BGN). Dugaan tersebut muncul setelah penyidik menemukan adanya yayasan yang diduga tidak memenuhi syarat sebagai mitra BGN, tetapi tetap memperoleh izin mengelola Satuan Pelayanan Pemenuhan Gizi (SPPG).",negatif,0.6951
345646b9b5f1,Antara,2026-06-04,https://www.antaranews.com/berita/5594728/mensesneg-tak-ada-masalah-tambah-anggaran-demi-cegah-korupsi,Mensesneg: Tak ada masalah tambah anggaran demi cegah korupsi,"Mensesneg: Tak ada masalah tambah anggaran demi cegah korupsi. Kalau kemudian itu menjadi bagian dari konsekuensi penguatan pengawasan, kami pikir tidak ada masalah karena lebih baik menambah anggaran untuk mencegah terjadinya tindak pidana korupsi Jakarta (ANTARA) - Menteri Sekretaris Negara (Mensesneg) Prasetyo Hadi mengatakan penambahan anggaran bagi lembaga pengawas dan aparat penegak hukum tidak menjadi masalah apabila diperlukan untuk memperkuat pencegahan tindak pidana korupsi dalam pelaksanaan program pemerintah. ""Kalau kemudian itu menjadi bagian dari konsekuensi penguatan pengawasan, kami pikir tidak ada masalah karena lebih baik menambah anggaran untuk mencegah terjadinya tindak pidana korupsi,"" kata Prasetyo di Kompleks Istana Kepresidenan Jakarta, Jumat.",negatif,0.6964
16dcbaa03a61,CNN Indonesia,2026-06-07,https://www.cnnindonesia.com/tv/20260607220612-410-1366433/video-tata-kelola-diperbaiki-akankah-mbg-bebas-korupsi,"VIDEO: Tata Kelola Diperbaiki, Akankah MBG Bebas Korupsi?","VIDEO: Tata Kelola Diperbaiki, Akankah MBG Bebas Korupsi?. VIDEO: Tata Kelola Diperbaiki, Akankah MBG Bebas Korupsi? Di bawah kepemimpinan baru Badan Gizi Nasional, fokus pelaksanaan Program Makan Bergizi Gratis (MBG) mengalami pergeseran.",netral,0.6967
54dc4c8f701f,Detik,2026-06-04,https://www.detik.com/jabar/berita/d-8517909/ortu-siswa-di-sukabumi-keluhkan-menu-mbg-kacang-sppg-buka-suara,"Ortu Siswa di Sukabumi Keluhkan Menu MBG Kacang, SPPG Buka Suara","Ortu Siswa di Sukabumi Keluhkan Menu MBG Kacang, SPPG Buka Suara. Program Makan Bergizi Gratis (MBG) di SDN Cibodas, Kecamatan Palabuhanratu, Kabupaten Sukabumi menuai sorotan. Orang tua murid mengeluhkan menu yang diterima anaknya hingga mengunggah foto makanan berupa kacang kedelai ke media sosial karena dianggap tidak sesuai dengan yang seharusnya.",negatif,0.6981
e6537f0d43c1,Detik,2026-06-03,https://www.detik.com/sulsel/hukum-dan-kriminal/d-8516551/dapur-sppg-di-kendari-dibobol-maling-kuali-hingga-genset-raib,"Dapur SPPG di Kendari Dibobol Maling, Kuali hingga Genset Raib","Dapur SPPG di Kendari Dibobol Maling, Kuali hingga Genset Raib. Dapur Satuan Pelayanan Pemenuhan Gizi (SPPG) yang mendukung program Makan Bergizi Gratis (MBG) di Kendari, Sulawesi Tenggara (Sultra), menjadi sasaran pencurian. Sejumlah perlengkapan dan logistik dapur dilaporkan hilang.",negatif,0.6982
7e619e7756b8,Antara,2026-06-05,https://www.antaranews.com/berita/5595303/marak-korupsi-lembaga-menkum-jangan-main-main-dengan-layanan-publik,"Marak korupsi lembaga, Menkum: Jangan main-main dengan layanan publik","Marak korupsi lembaga, Menkum: Jangan main-main dengan layanan publik. Jakarta (ANTARA) - Menteri Hukum Supratman Andi Agtas mengingatkan agar para aparatur sipil negara untuk tidak bermain-main dengan layanan publik, sesuai dengan instruksi Presiden Prabowo Subianto. Pernyataan tersebut menanggapi maraknya penangkapan aparatur sipil negara (ASN) belakangan terkait dugaan kasus korupsi.",netral,0.6986
b8d9504ae0ab,Tempo,2026-06-03,https://www.tempo.co/politik/dudung-ksp-ada-dugaan-jual-beli-titik-dapur-mbg-2217764,Dudung KSP: Ada Dugaan Jual Beli Titik Dapur MBG,"Dudung KSP: Ada Dugaan Jual Beli Titik Dapur MBG. KEPALA Staf Kepresidenan (KSP) Dudung Abdurachman tak menampik adanya celah penyimpangan dalam proyek makan bergizi gratis (MBG). Dalam inspeksi mendadak yang sempat ia lakukan, terdapat sejumlah penyimpangan yang mesti segera diperbaiki.",negatif,0.7005
4281f818e7f5,Detik,2026-06-05,https://www.detik.com/jabar/berita/d-8517818/di-balik-polemik-mbg-jajang-temukan-harapan-hidup,"Di Balik Polemik MBG, Jajang Temukan Harapan Hidup","Di Balik Polemik MBG, Jajang Temukan Harapan Hidup. Badan Gizi Nasional (BGN) belakangan menjadi sorotan setelah Kepala BGN, Dadan Hindayana, dicopot dari jabatannya dan kemudian ditetapkan sebagai tersangka dalam kasus dugaan korupsi yang berkaitan dengan program Makan Bergizi Gratis (MBG). Di tengah berbagai polemik yang berkembang, program MBG ternyata menyimpan cerita berbeda di kalangan masyarakat bawah.",positif,0.7009
b53f1c8ff3cf,Suara,2026-06-04,https://www.suara.com/news/2026/06/04/155833/mayoritas-keluarga-penerima-mbg-tinggal-dengan-perokok-kemenkes-khawatir-manfaat-program-tergerus,"Mayoritas Keluarga Penerima MBG Tinggal dengan Perokok, Kemenkes Khawatir Manfaat Program Tergerus","Mayoritas Keluarga Penerima MBG Tinggal dengan Perokok, Kemenkes Khawatir Manfaat Program Tergerus. - Studi PKJS Universitas Indonesia mengungkap 68 persen rumah tangga penerima program MBG memiliki anggota keluarga yang merokok. - Kementerian Kesehatan khawatir paparan asap rokok di rumah akan menghambat peningkatan kualitas sumber daya manusia Indonesia.",negatif,0.7029
6602fad1f319,Antara,2026-06-01,https://www.antaranews.com/berita/5589921/bgn-libatkan-sekolah-hingga-pemda-perkuat-validasi-data-penerima-mbg,BGN libatkan sekolah hingga pemda perkuat validasi data penerima MBG,"BGN libatkan sekolah hingga pemda perkuat validasi data penerima MBG. Validasi data penerima manfaat menjadi prioritas kami agar pelaksanaan Program MBG semakin tepat sasaran Jakarta (ANTARA) - Badan Gizi Nasional (BGN) terus memperkuat validasi data penerima manfaat Program Makan Bergizi Gratis (MBG) dengan melibatkan sekolah hingga pemerintah daerah (pemda) guna memastikan seluruh kelompok sasaran mendapatkan layanan secara tepat dan merata. ""Validasi data penerima manfaat menjadi prioritas kami agar pelaksanaan Program MBG semakin tepat sasaran.",positif,0.7041
cb7d5266af87,Suara,2026-06-05,https://www.suara.com/news/2026/06/05/104127/heboh-kabar-dana-program-mbg-disetop-badan-gizi-nasional-beri-penjelasan-tegas,"Heboh Kabar Dana Program MBG Disetop, Badan Gizi Nasional Beri Penjelasan Tegas","Heboh Kabar Dana Program MBG Disetop, Badan Gizi Nasional Beri Penjelasan Tegas. - BGN menegaskan bahwa informasi mengenai penghentian operasional program Makan Bergizi Gratis adalah tidak benar atau hoaks. - Kepala Badan Gizi Nasional memastikan program tetap berjalan sesuai mekanisme resmi guna melayani para penerima manfaat di daerah.",negatif,0.7056
cbd3e898dfe1,Tempo,2026-06-03,https://www.tempo.co/politik/profil-agustina-dan-mayjen-trenggono-wakil-bgn-yang-baru-2213769,"Profil Agustina dan Mayjen Trenggono, Wakil BGN yang Baru","Profil Agustina dan Mayjen Trenggono, Wakil BGN yang Baru. PRESIDEN Prabowo Subianto menunjuk Agustina Arumsari serta Mayor Jenderal TNI Trenggono sebagai Wakil Kepala Badan Gizi Nasional yang baru. Keduanya akan mendampingi Nanik Sudaryati Deyang yang juga baru diangkat sebagai Kepala BGN menggantikan Dadan Hindayana.",netral,0.7087
753836cb08d5,Tempo,2026-06-04,https://www.tempo.co/politik/analisis-drone-emprit-soal-sentimen-pergantian-kepala-bgn-2217982,Analisis Drone Emprit soal Sentimen Pergantian Kepala BGN,"Analisis Drone Emprit soal Sentimen Pergantian Kepala BGN. PERCAKAPAN publik di media sosial mengenai pergantian Kepala Badan Gizi Nasional (BGN) menunjukkan sentimen negatif sebesar 47,2 persen. Publik menyoroti pergantian kepemimpinan BGN dari Dadan Hindayana ke Nanik Sudaryati Deyang tidak sesuai bidang keilmuan dan bermuatan politis.",negatif,0.7088
63b5c1595d1a,Antara,2026-06-02,https://www.antaranews.com/berita/5590692/kemenko-pangan-hsn-2026-jadi-momentum-penguatan-gizi-nasional,Kemenko Pangan: HSN 2026 jadi momentum penguatan gizi nasional,"Kemenko Pangan: HSN 2026 jadi momentum penguatan gizi nasional. Kami berharap dengan susu kita tidak hanya sekadar minum susu, tapi menjadi rutinitas yang harus kita kembangkan Jakarta (ANTARA) - Kementerian Koordinator (Kemenko) Bidang Pangan menyebut peringatan Hari Susu Nusantara (HSN) 2026 menjadi momentum penguatan gizi nasional melalui peningkatan konsumsi susu masyarakat dan sinergi lintas sektor. “Peringatan Hari Susu Nusantara bukan sekadar peringatan tahunan, tapi wujud sinergi lintas sektor dari pemerintah, industri, peternak, hingga masyarakat untuk memastikan kepenuhan gizi yang optimal bagi seluruh masyarakat,” kata Deputi Bidang Koordinasi Usaha Pangan dan Pertanian Kemenko Pangan Widiastuti di Jakarta, Selasa.",positif,0.7124
ba2e9f80fa64,Antara,2026-06-03,https://www.antaranews.com/berita/5592993/purbaya-tetap-fokus-efisienkan-mbg-usai-penangkapan-eks-kepala-bgn,Purbaya tetap fokus efisienkan MBG usai penangkapan eks Kepala BGN,Purbaya tetap fokus efisienkan MBG usai penangkapan eks Kepala BGN. Jakarta (ANTARA) - Menteri Keuangan Purbaya Yudhi Sadewa mengaku tetap fokus pada upaya mengefisiensikan anggaran program Makan Bergizi Gratis (MBG) usai eks Kepala Badan Gizi Nasional (BGN) Dadan Hindayana ditahan oleh Kejaksaan Agung. Purbaya mengatakan persoalan pimpinan BGN merupakan wewenang Presiden Prabowo Subianto sebagai kepala negara.,positif,0.7132
2d76bed8b59f,Republika,2026-06-03,https://en.republika.co.id/berita/tg1fi9415/bgns-new-leader-can-perform-tasks-directly-government-ensures-mbg-stays-on-track,"BGN's New Leader Can Perform Tasks Directly, Government Ensures MBG Stays On Track |Republika Online","BGN's New Leader Can Perform Tasks Directly, Government Ensures MBG Stays On Track |Republika Online. REPUBLIKA.CO.ID, JAKARTA -- The government ensures that the change of leadership of the National Nutrition Board (BGN) will not interfere with the implementation of the Free Nutritious Meal Program (MBG). Minister of State Prasetyo Hadi confirmed that newly appointed officials of President Prabowo Subianto were able to carry out their duties and responsibilities directly although the official inauguration schedule was still pending further announcements.",netral,0.7154
9a27451fd4c6,Detik,2026-06-06,https://www.detik.com/jatim/berita/d-8520489/progres-slhs-36-dapur-mbg-di-malang-masih-terganjal-persyaratan-umum,Progres SLHS 36 Dapur MBG di Malang Masih Terganjal Persyaratan Umum,Progres SLHS 36 Dapur MBG di Malang Masih Terganjal Persyaratan Umum. Dinas Kesehatan (Dinkes) Kota Malang terus mengawal pemenuhan Sertifikat Laik Higiene Sanitasi (SLHS) bagi Satuan Pelayanan Program Gizi (SPPG) di wilayahnya. Ada sejumlah syarat yang harus dipenuhi dapur MBG untuk mendapatkan predikat laik higienis.,negatif,0.7155
7c00a685161a,Suara,2026-06-04,https://www.suara.com/news/2026/06/04/185849/kasus-korupsi-mbg-begini-nasib-motor-listrik-hasil-mark-up-dan-sppg-yang-terafiliasi-dadan-cs,"Kasus Korupsi MBG, Begini Nasib Motor Listrik Hasil Mark Up dan SPPG yang Terafiliasi Dadan Cs","Kasus Korupsi MBG, Begini Nasib Motor Listrik Hasil Mark Up dan SPPG yang Terafiliasi Dadan Cs. - Kejaksaan Agung menegaskan tidak akan menyita motor listrik dan fasilitas dapur Badan Gizi Nasional yang telah digunakan masyarakat. - Penyidik hanya akan mengambil sampel barang dan dokumen terkait guna menelusuri jejak dugaan korupsi pengadaan barang dan jasa.",negatif,0.7157
1b4f9e57579f,Kompas,2026-06-07,https://surabaya.kompas.com/read/2026/06/07/151000378/dana-va-belum-cair-21-dapur-program-mbg-di-ponorogo-berhenti-beroperasi,"Dana VA Belum Cair, 21 Dapur Program MBG di Ponorogo Berhenti Beroperasi Sementara","Dana VA Belum Cair, 21 Dapur Program MBG di Ponorogo Berhenti Beroperasi Sementara. Baca berita tanpa iklan. Gabung Kompas.com+ Kompas.com, 7 Juni 2026, 15:10 WIB Rachmawati Editor Sumber Tribun Jatim PONOROGO, KOMPAS.com – Sebanyak 21 dapur Satuan Pelayanan Pemenuhan Gizi (SPPG) di Kabupaten Ponorogo, Jawa Timur, terpaksa menghentikan sementara operasionalnya.",negatif,0.7203
3ba5d1c33aa9,Republika,2026-06-03,https://news.republika.co.id/berita/tg1ijm409/sejumlah-peristiwa-kontroversial-terkait-mbg-era-dadan-hindayana-yang-viral,Sejumlah Peristiwa Kontroversial Terkait MBG Era Dadan Hindayana yang Viral |Republika Online,"Sejumlah Peristiwa Kontroversial Terkait MBG Era Dadan Hindayana yang Viral |Republika Online. REPUBLIKA.CO.ID, JAKARTA -- Dadan Hindayana akhirnya dicopot dari jabatannya sebagai Kepala Badan Gizi Nasional (BGN). Presiden RI Prabowo Subianto pada Selasa (2/6/2026) mencopot Dadan dan menggantinya dengan Nanik S Deyang yang sebelumnya adalah wakil Dadan.",negatif,0.7207
6b8801286f01,Detik,2026-05-02,https://www.detik.com/jateng/bisnis/d-8471589/harga-telur-anjlok-peternak-singgung-rendahnya-serapan-untuk-mbg,"Harga Telur Anjlok, Peternak Singgung Rendahnya Serapan untuk MBG","Harga Telur Anjlok, Peternak Singgung Rendahnya Serapan untuk MBG. Peternak ayam petelur mengeluhkan kurangnya serapan telur untuk program Makan Bergizi Gratis (MBG). Hal ini dinilai menjadi salah satu pemicu anjloknya harga telur.",negatif,0.7244
d3cfc41f72fb,Antara,2026-05-26,https://www.antaranews.com/berita/5583992/wamendukbangga-mbg-3b-digencarkan-untuk-cegah-stunting,Wamendukbangga: MBG 3B digencarkan untuk cegah stunting,"Wamendukbangga: MBG 3B digencarkan untuk cegah stunting. Fase 1.000 HPK menjadi sangat krusial untuk mencegah kasus stunting Tanjungpinang (ANTARA) - Wakil Menteri Kependudukan dan Pembangunan Keluarga (Wamendukbangga)/Wakil Kepala BKKBN Ratu Ayu Isyana Bagoes Oka menyebutkan intervensi stunting, khususnya di Provinsi Kepulauan Riau (Kepri), terus diperkuat melalui berbagai program strategis. ""Untuk angka prevalensi stunting di Kepri saat ini sudah 14 persen, di bawah prevalensi stunting nasional 19,8 persen.",positif,0.7248
b268230cafcf,Kumparan,2026-06-04,https://kumparan.com/kumparanbisnis/video/1780548002743049742,Purbaya Tanggapi Penangkapan Eks Kepala BGN Dadan Hindayana,"Purbaya Tanggapi Penangkapan Eks Kepala BGN Dadan Hindayana. kumparanBISNIS 4 Jun 2026 Purbaya Tanggapi Penangkapan Eks Kepala BGN Dadan Hindayana Menteri Keuangan Purbaya Yudhi Sadewa mengaku belum mengetahui soal penangkapan eks Kepala Badan Gizi Nasional (BGN) Dadan Hindayana hari ini, Rabu (3/6/2026). Meski begitu, dia mengaku keputusan tersebut sepenuhnya keputusan Presiden Prabowo Subianto.",netral,0.7266
4351f37f737a,Detik,2026-06-03,https://www.detik.com/sumbagsel/berita/d-8515923/pimpinan-bgn-diganti-gubernur-jambi-harap-program-mbg-di-daerah-membaik,"Pimpinan BGN Diganti, Gubernur Jambi Harap Program MBG di Daerah Membaik","Pimpinan BGN Diganti, Gubernur Jambi Harap Program MBG di Daerah Membaik. Gubernur Jambi Al Haris menyambut baik adanya pergantian tiga pimpinan Badan Gizi Nasional (BGN) oleh Presiden Prabowo. Menurutnya, pergantian tersebut diharapkan mampu membawa perbaikan terhadap pelaksanaan program Makan Bergizi Gratis (MBG) khususnya di daerah wilayahnya.",netral,0.7274
b2cd71b37ba7,Antara,2026-06-02,https://www.antaranews.com/berita/5590799/tinjau-mbg-presiden-prabowo-berdialog-dengan-siswa-smpn-111-jakarta,"Tinjau MBG, Presiden Prabowo berdialog dengan siswa SMPN 111 Jakarta","Tinjau MBG, Presiden Prabowo berdialog dengan siswa SMPN 111 Jakarta. Jakarta (ANTARA) - Presiden Prabowo Subianto berdialog dengan pengurus Organisasi Siswa Intra Sekolah (OSIS) SMPN 111 Jakarta terkait rencana masa depan para siswa, saat meninjau pelaksanaan program Makan Bergizi Gratis (MBG) di Jakarta, Selasa. ""Tadi ditanyain (Presiden Prabowo) cita-cita, umur berapa, kelas berapa,"" kata Diana Putri selaku Ketua OSIS SMPN 111 Jakarta, usai berdialog dengan Presiden Prabowo di depan ruang OSIS sekolah setempat, dikutip dari siaran pers BPMI Sekretariat Presiden.",positif,0.7274
e929d7877af5,Suara,2026-06-06,https://www.suara.com/entertainment/2026/06/06/163602/bahlil-malah-cengar-cengir-saat-lagu-parodi-mbg-diputar-di-acara-resmi-kosgoro,Bahlil Malah Cengar-cengir Saat Lagu Parodi MBG Diputar di Acara Resmi Kosgoro,"Bahlil Malah Cengar-cengir Saat Lagu Parodi MBG Diputar di Acara Resmi Kosgoro. - Bahlil Lahadalia justru cengar-cengir dan kegirangan saat lagu parodi ""Mas Bahlil Ganteng"" diputar di acara resmi Mubes V Kosgoro 1957. - Pemutaran lagu tersebut membuat suasana acara formal yang biasanya kaku seketika pecah oleh tawa dan sorak riuh dari audiens.",negatif,0.7301
84f7283fe2a1,Antara,2026-06-04,https://www.antaranews.com/berita/5593351/prabowo-panggil-bpkp-dan-ppatk-saat-tahu-indikasi-penyelewengan-di-bgn,Prabowo panggil BPKP dan PPATK saat tahu indikasi penyelewengan di BGN,"Prabowo panggil BPKP dan PPATK saat tahu indikasi penyelewengan di BGN. Jakarta (ANTARA) - Presiden Prabowo Subianto memanggil Kepala Badan Pengawasan Keuangan dan Pembangunan (BPKP) Muhammad Yusuf Ateh dan Kepala Pusat Pelaporan dan Analisis Transaksi Keuangan (PPATK) Ivan Yustiavandana setelah mengetahui adanya indikasi penyelewengan di Badan Gizi Nasional (BGN). Dalam Konsolidasi Nasional Program MBG yang diinisiasi Badan Gizi Nasional (BGN) di Sentul International Convention Center (SICC), Bogor, Jawa Barat, Rabu (3/6), Presiden menuturkan laporan tersebut diterimanya beberapa waktu lalu dan berkaitan dengan indikasi penyimpangan yang melibatkan unsur pimpinan di lembaga tersebut.",negatif,0.7319
882ad377d1f4,Tempo,2026-06-03,https://www.tempo.co/hukum/daftar-pengadaan-barang-yang-tak-relevan-untuk-program-mbg-2217821,Daftar Pengadaan Barang yang Tak Relevan untuk Program MBG,"Daftar Pengadaan Barang yang Tak Relevan untuk Program MBG. TIGA mantan pimpinan Badan Gizi Nasional (BGN) diduga telah mengintervensi Pejabat Pembuat Komitmen (PPK) sehubungan dengan pengadaan barang dan jasa sepanjang 2025 hingga 2026. Karena itulah, terdapat beberapa pembelian barang yang sebenarnya tak diperlukan dalam pelaksanaan Makan Gizi Gratis (MBG).",negatif,0.7335
bf14e0ceb8aa,Antara,2026-06-03,https://www.antaranews.com/berita/5591896/bpjph-sertifikasi-halal-sppg-jamin-kualitas-sajian-mbg,BPJPH: Sertifikasi halal SPPG jamin kualitas sajian MBG,"BPJPH: Sertifikasi halal SPPG jamin kualitas sajian MBG. Jakarta (ANTARA) - Badan Penyelenggara Jaminan Produk Halal (BPJPH) menilai sertifikasi halal yang dimiliki oleh Satuan Pelayanan Pemenuhan Gizi (SPPG) menjamin kualitas dan nilai halal pada makanan dan minuman bagi penerima manfaat program tersebut. “Kehadiran sertifikat halal memberikan jaminan bahwa makanan dan minuman yang disajikan kepada penerima manfaat program MBG telah memenuhi standar kehalalan yang ditetapkan,” kata Deputi Bidang Registrasi dan Sertifikasi Halal BPJPH Mamat Salamet Burhanudin dalam keterangannya di Jakarta, Rabu.",positif,0.7342
b951c5bf03d1,Antara,2026-06-03,https://www.antaranews.com/berita/5592805/prabowo-apresiasi-pelaksana-mbg-perkuat-kualitas-sdm,Prabowo apresiasi pelaksana MBG perkuat kualitas SDM,Prabowo apresiasi pelaksana MBG perkuat kualitas SDM. Terima kasih atas pengabdian saudara-saudara selama ini di tempat-tempat yang jauh dan sulit. Terima kasih atas dedikasi kalian dan kesetiaan kalian Jakarta (ANTARA) - Presiden Prabowo Subianto menyampaikan apresiasi kepada seluruh pelaksana Program Makan Bergizi Gratis (MBG) yang telah bertugas di berbagai daerah untuk memperkuat peningkatan kualitas sumber daya manusia menuju Indonesia Emas 2045.,positif,0.7343
f2666031744a,Antara,2026-05-29,https://www.antaranews.com/berita/5587140/bgn-tegaskan-verifikasi-sppg-yang-sah-tak-dipungut-biaya,BGN tegaskan verifikasi SPPG yang sah tak dipungut biaya,"BGN tegaskan verifikasi SPPG yang sah tak dipungut biaya. ...Seluruh proses pengajuan dan verifikasi SPPG yang sah tidak pernah dipungut biaya oleh BGN Jakarta (ANTARA) - Badan Gizi Nasional (BGN) menegaskan proses pengajuan dan verifikasi Satuan Pelayanan Pemenuhan Gizi (SPPG) yang sah sama sekali tidak dipungut biaya atau gratis, mengingat banyaknya modus penipuan titik dapur Makan Bergizi Gratis (MBG) yang marak terjadi. ""Seluruh proses pengajuan dan verifikasi SPPG yang sah tidak pernah dipungut biaya oleh BGN,"" kata Wakil Kepala BGN Sony Sonjaya dalam keterangan resmi di Jakarta, Jumat.",negatif,0.7358
cbfe0e00837b,Detik,2026-06-05,https://www.detik.com/jabar/berita/d-8519712/jabar-hari-ini-keluhan-tetangga-kontrakan-bos-bgn-di-sentul-city,Jabar Hari Ini: Keluhan Tetangga Kontrakan Bos BGN di Sentul City,"Jabar Hari Ini: Keluhan Tetangga Kontrakan Bos BGN di Sentul City. Berbagai peristiwa menarik terjadi di Jawa Barat hari ini Jumat (5/6/2026) beberapa diantaranya memantik perhatian pembaca detikJabar. Dua bocah tewas tenggelam di Sungai Ciseel Ciamis, hingga kabar bos BGN yang bikin ngeluh tetagga kontrakan.",negatif,0.7365
ada70695b90e,Detik,2026-06-02,https://www.detik.com/kalimantan/berita/d-8515236/profil-nanik-s-deyang-yang-ditunjuk-jadi-kepala-bgn-baru,Profil Nanik S Deyang yang Ditunjuk Jadi Kepala BGN Baru,Profil Nanik S Deyang yang Ditunjuk Jadi Kepala BGN Baru. Presiden Prabowo Subianto merombak pejabat Badan Gizi Nasional. Dadan Hindayana dicopot sebagai Kepala BGN.,negatif,0.741
7d7686b76a29,Antara,2026-06-02,https://www.antaranews.com/berita/5591665/profil-agustina-arumsari-yang-ditunjuk-prabowo-jadi-wakil-kepala-bgn,Profil Agustina Arumsari yang ditunjuk Prabowo jadi Wakil Kepala BGN,"Profil Agustina Arumsari yang ditunjuk Prabowo jadi Wakil Kepala BGN. Penunjukan tersebut diharapkan dapat memperkuat tata kelola, utamanya pengawasan dan akuntabilitas keuangan dari pelaksanaan Program Makan Bergizi Gratis (MBG). Jakarta (ANTARA) - Menteri Sekretariat Negara (Mensesneg) Prasetyo Hadi menyampaikan Presiden Prabowo Subianto mengangkat Agustina Arumsari sebagai Wakil Kepala BGN yang baru menggantikan Lodewijk Pusung pada Selasa (2/6) malam.",netral,0.7418
aeba2cc3959e,Detik,2026-06-03,https://www.detik.com/jateng/berita/d-8516810/geger-mobil-mbg-di-pati-seruduk-rumah-warga-hingga-tempat-tidur-rusak,Geger Mobil MBG di Pati Seruduk Rumah Warga hingga Tempat Tidur Rusak,Geger Mobil MBG di Pati Seruduk Rumah Warga hingga Tempat Tidur Rusak. Video mobil mengangkut makan bergizi gratis (MBG) mengalami kecelakaan hingga menabrak rumah warga di Pati viral di media sosial. Akibat kejadian tersebut rumah warga rusak parah.,negatif,0.7445
1f6312f36394,Detik,2026-06-03,https://www.detik.com/jabar/hukum-dan-kriminal/d-8516663/modus-dadan-cs-kendalikan-sppg-raup-miliaran-rupiah-per-hari,Modus Dadan Cs Kendalikan SPPG Raup Miliaran Rupiah per Hari,"Modus Dadan Cs Kendalikan SPPG Raup Miliaran Rupiah per Hari. Kejaksaan Agung (Kejagung) menetapkan tiga mantan pimpinan Badan Gizi Nasional (BGN) sebagai tersangka penyimpangan tata kelola program Makan Bergizi Gratis (MBG). Mereka adalah eks Kepala BGN Dadan Hindayana, dan dua eks Wakil Ketua BGN Sony Sonjaya dan Lodewyk Pusung.",negatif,0.7455
6c26f0798eeb,Tempo,2026-06-04,https://www.tempo.co/ekonomi/mengapa-pemerintah-wajibkan-dapur-mbg-beli-telur-ayam-2232905,Mengapa Pemerintah Wajibkan Dapur MBG Beli Telur Ayam,"Mengapa Pemerintah Wajibkan Dapur MBG Beli Telur Ayam. MENTERI Perdagangan Budi Santoso menyatakan telah berkoordinasi dengan Badan Gizi Nasional agar mewajibkan satuan pelayanan pemenuhan gizi program Makan Bergizi Gratis (MBG) di Jawa Timur menyerap telur ayam yang diproduksi. “Sehingga harga bisa mendekati atau sesuai HET, sehingga para peternak akan merasakan harga yang bagus,” kata Budi, di kantor Kementerian Perdagangan, Kamis, 4 Juni 2026.",netral,0.7458
3453316d76c2,Antara,2026-05-29,https://www.antaranews.com/berita/5586375/bgn-ungkap-kasus-jual-beli-titik-sppg-di-ntb-kerugian-capai-rp950-juta,"BGN ungkap kasus jual beli titik SPPG di NTB, kerugian capai Rp950 juta","BGN ungkap kasus jual beli titik SPPG di NTB, kerugian capai Rp950 juta. Polres Lombok Timur menangani perkara ini setelah menindaklanjuti informasi dari para korban yang muncul di media. Mereka menjadi korban oknum yang memanfaatkan proses verifikasi MBG Mataram (ANTARA) - Badan Gizi Nasional (BGN) mengungkap penanganan kasus dugaan penipuan atau penggelapan jual beli titik lokasi Satuan Pelayanan Pemenuhan Gizi (SPPG) di Kabupaten Lombok Timur, Nusa Tenggara Barat, dengan kerugian mencapai Rp950 juta.",negatif,0.7458
26e0d07244fd,Tempo,2026-06-03,https://www.tempo.co/arsip/penggeledahan-kantor-bgn-diduga-karena-praktik-jual-beli-sppg-2217777,Penggeledahan Kantor BGN Diduga karena Praktik Jual Beli SPPG | tempo.co,"Penggeledahan Kantor BGN Diduga karena Praktik Jual Beli SPPG | tempo.co. Kantor BGN di Jalan Kebon Sirih, Kecamatan Menteng, Jakarta digeledah Kejaksaan Agung. Para staf BGN dilarang masuk karena di dalam tengah berlangsung proses penggeledahan.",negatif,0.7466
744ff4b28d88,Detik,2026-06-04,https://www.detik.com/jabar/berita/d-8517884/praktik-jual-beli-titik-dapur-mbg-di-cianjur-korban-tertipu-hingga-miliaran,"Praktik Jual Beli Titik Dapur MBG di Cianjur, Korban Tertipu hingga Miliaran","Praktik Jual Beli Titik Dapur MBG di Cianjur, Korban Tertipu hingga Miliaran. Praktik jual beli titik dapur program Makan Bergizi Gratis (MBG) ternyata marak terjadi di Kabupaten Cianjur, Jawa Barat. Bahkan, salah seorang korban mengalami kerugian hingga lebih dari Rp 1 miliar.",negatif,0.7473
03a1e3914d79,Republika,2026-06-04,https://news.republika.co.id/berita/tg3y97368/bgn-bantah-isu-penghentian-penyaluran-dana-sppg-layanan-tetap-berjalan,"BGN Bantah Isu Penghentian Penyaluran Dana SPPG, Layanan Tetap Berjalan |Republika Online","BGN Bantah Isu Penghentian Penyaluran Dana SPPG, Layanan Tetap Berjalan |Republika Online. REPUBLIKA.CO.ID, JAKARTA - Badan Gizi Nasional (BGN) menegaskan bahwa informasi yang beredar mengenai penyaluran dana Program Makan Bergizi Gratis (MBG) dihentikan merupakan informasi yang tidak benar atau hoaks. BGN memastikan seluruh layanan MBG tetap berjalan sesuai mekanisme yang telah ditetapkan.",netral,0.748
8c763ee192c0,Antara,2026-06-05,https://www.antaranews.com/berita/5595425/bapanas-kawal-telur-peternak-di-blitar-terserap-maksimal-di-mbg,Bapanas kawal telur peternak di Blitar terserap maksimal di MBG,"Bapanas kawal telur peternak di Blitar terserap maksimal di MBG. Jakarta (ANTARA) - Badan Pangan Nasional (Bapanas) mengawal agar produksi telur peternak di Kabupaten Blitar, Jawa Timur, terserap optimal melalui Program Makan Bergizi Gratis (MBG) dengan harga yang baik sehingga menjaga stabilitas harga di tingkat peternak. Direktur Stabilisasi Pasokan dan Harga Pangan Bapanas, Maino Dwi Hartono mengatakan pihaknya mendapat arahan dari Kepala Bapanas sekaligus Menteri Pertanian Andi Amran Sulaiman untuk turun langsung ke Blitar guna memantau perkembangan kondisi peternak telur.",positif,0.7506
8b7f25b90f90,Antara,2026-06-04,https://www.antaranews.com/berita/5593837/pemuda-katolik-dukung-penegakan-hukum-kasus-korupsi-di-bgn,Pemuda Katolik dukung penegakan hukum kasus korupsi di BGN,"Pemuda Katolik dukung penegakan hukum kasus korupsi di BGN. Jakarta (ANTARA) - Pengurus Pusat (PP) Pemuda Katolik mendukung langkah penegakan hukum terhadap mantan pimpinan Badan Gizi Nasional (BGN) oleh Kejaksaan Agung (Kejagung). ""Kami apresiasi langkah nyata dari Kejagung yang langsung bergerak cepat menjadikan pimpinan BGN sebagai tersangka dalam kasus dugaan korupsi ini.",positif,0.751
8d036dce687b,Tempo,2026-06-05,https://www.tempo.co/politik/agustina-jadi-pimpinan-bgn-bakom-tingkatkan-transparansi-2253086,"Agustina Jadi Pimpinan BGN, Bakom: Tingkatkan Transparansi","Agustina Jadi Pimpinan BGN, Bakom: Tingkatkan Transparansi. KEPALA Badan Komunikasi Pemerintah Muhammad Qodari mengatakan perombakan struktural pimpinan di Badan Gizi Nasional (BGN) oleh Presiden Prabowo Subianto merupakan keputusan tepat dan progresif. Pilihan editor: Letak Pelanggaran Lawatan Presiden Memakai uang Pribadi Scroll ke bawah untuk melanjutkan membaca Iklan Menurut dia, penunjukan Agustina Arumsari sebagai salah satu pengganti Wakil Kepala BGN oleh Prabowo adalah cerminan sikap pemerintah yang terus berupaya melakukan perbaikan dalam implementasi kebijakan.",netral,0.7521
d5f9f525d0b1,Antara,2026-06-04,https://www.antaranews.com/berita/5593703/mendag-bantuan-pangan-akan-disesuaikan-dengan-komoditas-surplus,Mendag: Bantuan pangan akan disesuaikan dengan komoditas surplus,"Mendag: Bantuan pangan akan disesuaikan dengan komoditas surplus. Jadi misalnya ketika harga telur itu sedang turun, maka bantuan pangan tidak mesti Minyakita atau beras, tapi bisa juga telur Jakarta (ANTARA) - Menteri Perdagangan (Mendag) Budi Santoso mengatakan bantuan pangan ke depan tidak harus selalu berupa beras dan Minyakita tetapi dapat menggunakan komoditas lain yang membutuhkan dukungan penyerapan, seperti telur. Menurut Budi, skema tersebut bertujuan menjaga keseimbangan pasokan dan harga di tingkat petani maupun peternak ketika terjadi kelebihan produksi yang berpotensi menekan harga.",netral,0.7525
956ddc632d11,Kompas,2026-06-05,https://nasional.kompas.com/read/2026/06/05/19355101/pimpinan-baru-bgn-diminta-perkuat-pengawasan-tata-kelola-mbg,Pimpinan Baru BGN Diminta Perkuat Pengawasan Tata Kelola MBG,"Pimpinan Baru BGN Diminta Perkuat Pengawasan Tata Kelola MBG. Baca berita tanpa iklan. Gabung Kompas.com+ Kompas.com, 5 Juni 2026, 19:35 WIB Nawir Arsyad Akbar Penulis JAKARTA, KOMPAS.com - Ekonom Universitas Paramadina sekaligus Ketua DPP Partai Keadilan Sejahtera (PKS), Handi Risza meminta Badan Gizi Nasional (BGN) memperkuat pengawasan dalam tata kelola program Makan Bergizi Gratis (MBG).",positif,0.7529
ffa815d8a719,Suara,2026-06-04,https://www.suara.com/lifestyle/2026/06/04/113736/adu-kekayaan-3-eks-petinggi-bgn-tersangka-korupsi-makan-bergizi-gratis-siapa-paling-tajir,"Adu Kekayaan 3 Eks Petinggi BGN Tersangka Korupsi Makan Bergizi Gratis, Siapa Paling Tajir?","Adu Kekayaan 3 Eks Petinggi BGN Tersangka Korupsi Makan Bergizi Gratis, Siapa Paling Tajir?. - Tiga tersangka korupsi MBG resmi dicopot dari Badan Gizi Nasional. - Lodewyk Pusung menjadi sosok dengan total kekayaan eks petingi BGN tertinggi.",negatif,0.753
78317e1d680b,Antara,2026-06-05,https://www.antaranews.com/berita/5595165/guru-besar-paparkan-peran-sppg-unhas-dalam-peningkatan-kualitas-mbg,Guru Besar paparkan peran SPPG Unhas dalam peningkatan kualitas MBG,"Guru Besar paparkan peran SPPG Unhas dalam peningkatan kualitas MBG. SPPG yang di Unhas ini jadi laboratorium yang bagus buat saya, dosen, peneliti, maupun mahasiswa. Kita libatkan semua Makassar (ANTARA) - Dua Guru Besar Universitas Hasanuddin (Unhas) Makassar mengupas Program Makan Bergizi Gratis (MBG) terkait kontribusi Satuan Pelayanan Pemenuhan Gizi (SPPG) serta kesiapan Laboratorium MBG untuk peningkatan gizi yang kini sedang dikembangkan pihak kampus.",positif,0.754
996b8e5183c4,Tempo,2026-06-04,https://www.tempo.co/ekonomi/mbg-peternak-sppg-2217911,Bukti Proyek MBG Minim Dampak pada Peternak,"Bukti Proyek MBG Minim Dampak pada Peternak. BEBERAPA lama menunggu, Teguh Wahyudi akhirnya bisa berdialog dengan Nanik Sudaryati Deyang di Kebun Bunga Refugia di Kecamatan Plaosan, Magetan, Jawa Timur, pada Senin, 1 Juni 2026. Teguh, Koordinator Peternak Rakyat, hendak mengadu kepada Nanik bahwa satuan pelayanan pemenuhan gizi (SPPG) di Magetan tak menyerap telur dari peternak untuk proyek makan bergizi gratis (MBG).",positif,0.7555
45832c46c442,Tempo,2026-06-04,https://www.tempo.co/hukum/lapi-dorong-jaksa-usut-dugaan-tppu-kasus-korupsi-bgn-2217970,LAPI Dorong Jaksa Usut Dugaan TPPU Kasus Korupsi BGN,"LAPI Dorong Jaksa Usut Dugaan TPPU Kasus Korupsi BGN. LEMBAGA Anti Pencucian Uang Indonesia (LAPI) merespons pengusutan dugaan korupsi dalam proyek Makan Bergizi Gratis (MBG) yang menyeret tiga mantan petinggi Badan Gizi Nasional (BGN). Tiga orang itu yakni mantan Kepala BGN Dadan Hindayana serta dua mantan wakilnya, Inspektur Jenderal Polisi (Purnawirawan) Sony Sonjaya dan Letnan Jenderal TNI (Purnawirawan) Lodewyk Pusung, dalam pengendalian sejumlah yayasan pengelola SPPG program MBG.",negatif,0.7562
8f71db38204f,Antara,2026-06-04,https://www.antaranews.com/berita/5594425/bgn-moratorium-pembangunan-sppg-benahi-tata-kelola-mbg,BGN moratorium pembangunan SPPG benahi tata kelola MBG,"BGN moratorium pembangunan SPPG benahi tata kelola MBG. Jakarta (ANTARA) - Kepala Badan Gizi Nasional (BGN) Nanik Sudaryati Deyang menyatakan pihaknya akan moratorium atau menghentikan sementara pembangunan Satuan Pelayanan Pemenuhan Gizi (SPPG) sebagai komitmen membenahi tata kelola program Makan Bergizi Gratis (MBG). ""Dalam rangka efisiensi anggaran, maka hal yang kami lakukan adalah pertama, refocusing (penyesuaian) penerima manfaat; kedua, moratorium dapur titik-titik baru; ketiga, pembenahan dapur-dapur yang telah berdiri dan beroperasi agar sesuai dengan standar untuk menghasilkan makanan yang berkualitas,"" katanya dalam konferensi pers di Jakarta, Kamis.",netral,0.757
839beca124b9,Tempo,2026-06-03,https://www.tempo.co/politik/bem-ui-desak-evaluasi-total-proyek-mbg-usai-dadan-dicopot-2217128,BEM UI Desak Evaluasi Total Proyek MBG Usai Dadan Dicopot,"BEM UI Desak Evaluasi Total Proyek MBG Usai Dadan Dicopot. BADAN Eksekutif Mahasiswa Universitas Indonesia (BEM UI) mendesak pemerintah melakukan evaluasi menyeluruh terhadap program Makan Bergizi Gratis (MBG) menyusul pencopotan Dadan Hindayana dari jabatan Kepala Badan Gizi Nasional (BGN). Pilihan Editor:Pemerintah-DPR Berebut Menjadi Inisiator Revisi UU Pemilu Scroll ke bawah untuk melanjutkan membaca Iklan Ketua BEM UI, Yatalathof Ma'shum Imawan, menilai pergantian pimpinan BGN menjadi sinyal bahwa pemerintah menyadari adanya persoalan serius dalam pelaksanaan program unggulan tersebut.",negatif,0.7572
7027e7fa2238,Republika,2026-06-03,https://news.republika.co.id/berita/tg1eg4409/kejagung-geledah-bgn-karyawan-tak-boleh-masuki-area-kantor,"Kejagung Geledah BGN, Karyawan tak Boleh Masuki Area Kantor |Republika Online","Kejagung Geledah BGN, Karyawan tak Boleh Masuki Area Kantor |Republika Online. REPUBLIKA.CO.ID, JAKARTA -- Kantor Badan Gizi Nasional (BGN) digeledah penyidik Kejaksaan Agung (Kejagung) pada Rabu (3/6/2026). Hanya saja belum diketahui penggeledahan ini menyangkut kasus apa.",negatif,0.7577
f84c743ca7fc,Liputan6,2026-06-05,https://www.liputan6.com/opini/read/7694197/pelajaran-dari-penangkapan-ketua-bgn-dan-pentingnya-penguatan-institusi,Pelajaran dari Penangkapan Ketua BGN dan Pentingnya Penguatan Institusi,"Pelajaran dari Penangkapan Ketua BGN dan Pentingnya Penguatan Institusi. Liputan6.com, Jakarta - Tidak ada bangsa yang maju tanpa keberanian melahirkan program-program besar. Jalan tol, hilirisasi industri, ketahanan pangan, makan bergizi gratis, pembangunan desa, dan berbagai agenda transformasi nasional lahir dari keberanian politik untuk mengubah keadaan.",negatif,0.7589
b29f3717e3c7,Detik,2026-06-03,https://www.detik.com/jabar/hukum-dan-kriminal/d-8516756/infografis-6-kontroversi-dadan-hindayana-eks-kepala-bgn,Infografis: 6 Kontroversi Dadan Hindayana Eks Kepala BGN,Infografis: 6 Kontroversi Dadan Hindayana Eks Kepala BGN. Nama Dadan Hindayana sempat menjadi salah satu figur yang paling sering disorot dalam pelaksanaan Program Makan Bergizi Gratis (MBG). Akademisi asal Institut Pertanian Bogor (IPB) itu memimpin Badan Gizi Nasional (BGN) sejak program unggulan pemerintahan Presiden Prabowo Subianto mulai dijalankan secara masif.,negatif,0.7604
5721dde8a04f,Suara,2026-06-06,https://www.suara.com/otomotif/2026/06/06/120119/skandal-motor-mbg-era-dadan-hindayana-bertampang-sangar-tapi-website-resminya-berisi-lorem-ipsum,Skandal Motor MBG Era Dadan Hindayana: Bertampang Sangar tapi Website Resminya Berisi Lorem Ipsum,Skandal Motor MBG Era Dadan Hindayana: Bertampang Sangar tapi Website Resminya Berisi Lorem Ipsum. - Website resmi motor EMMO senilai triliunan rupiah dibiarkan eror dan berisi teks dummy. - Vendor pengadaan terbukti tak punya bengkel resmi dan memiliki rekam jejak bisnis konveksi.,negatif,0.761
babe09339b1a,Tempo,2026-06-03,https://www.tempo.co/arsip/kata-dudung-soal-pencopotan-kepala-bgn-dadan-hindayana-2217793,Kata Dudung soal Pencopotan Kepala BGN Dadan Hindayana | tempo.co,"Kata Dudung soal Pencopotan Kepala BGN Dadan Hindayana | tempo.co. Kepala Staf Presiden (KSP) Dudung Abdurachman menyebut bahwa Kepala Badan Gizi Nasional (BGN) Dadan Hindayana dicopot dari jabatannya mungkin karena diduga berkaitan jual beli titik dapur program Makan Bergizi Gratis (MBG). ""Ya, saya pun dapat informasi seperti itu,"" kata Dudung saat ditanya dugaan kasus jual beli dapur yang menjerat eks Kepala BGN, usai mengikuti rapat kerja di kompleks parlemen, Jakarta, Rabu.",netral,0.7617
e2375ed36b44,Antara,2026-06-04,https://www.antaranews.com/berita/5594211/kejagung-tiga-tersangka-kasus-mbg-diduga-selewengkan-insentif-sppg,Kejagung: Tiga tersangka kasus MBG diduga selewengkan insentif SPPG,"Kejagung: Tiga tersangka kasus MBG diduga selewengkan insentif SPPG. Kita masih penyidikan murni penyidikan tindak pidana korupsi Jakarta (ANTARA) - Kejaksaan Agung (Kejagung) mengatakan bahwa tiga tersangka kasus dugaan korupsi tata kelola program Makan Bergizi Gratis (MBG) diduga menyelewengkan insentif yang diberikan Badan Gizi Nasional (BGN) kepada Satuan Pemenuhan Pelayanan Gizi (SPPG). Tiga tersangka itu adalah mantan Kepala BGN Dadan Hindayana dan dua mantan Wakil Kepala BGN, Lodewyk Pusung dan Sony Sonjaya.",negatif,0.7623
dc3dd43535c1,Tribunnews,2026-06-07,https://www.tribunnews.com/nasional/7839047/pengamat-penetapan-tersangka-dadan-cs-bisa-jadi-pintu-masuk-evaluasi-program-mbg,Pengamat: Penetapan Tersangka Dadan Cs Bisa Jadi Pintu Masuk Evaluasi Program MBG - Tribunnews.com,Pengamat: Penetapan Tersangka Dadan Cs Bisa Jadi Pintu Masuk Evaluasi Program MBG - Tribunnews.com. Kasus Korupsi di BGN Pengamat: Penetapan Tersangka Dadan Cs Bisa Jadi Pintu Masuk Evaluasi Program MBG Pengamat Hendri Satrio nilai kasus korupsi BGN bisa jadi momentum evaluasi dan penghentian sementara program MBG oleh Prabowo. Ringkasan Berita: - Pengamat Hendri Satrio menilai penetapan tersangka Dadan Hindayana cs dapat jadi momentum evaluasi program MBG.,positif,0.7624
0a3cdf7c4919,Detik,2026-02-06,https://www.detik.com/kalimantan/foto/d-8343780/korban-diduga-keracunan-mbg-jadi-340-orang-begini-potret-di-puskesmas-marau,"Korban Diduga Keracunan MBG Jadi 340 Orang, Begini Potret di Puskesmas Marau","Korban Diduga Keracunan MBG Jadi 340 Orang, Begini Potret di Puskesmas Marau. Ketapang - Kasus dugaan keracunan menu MBG di Kecamatan Marau, Kabupaten Ketapang, menelan lebih banyak korban. Dari yang tadinya 206 orang bertambah menjadi 340 orang.",negatif,0.7626
0cae5e81a660,Antara,2026-06-05,https://www.antaranews.com/berita/5595552/menteri-pu-siap-berkoordinasi-dengan-kepala-bgn-baru-terkait-sppg,Menteri PU siap berkoordinasi dengan Kepala BGN baru terkait SPPG,"Menteri PU siap berkoordinasi dengan Kepala BGN baru terkait SPPG. Mungkin minggu depan kita koordinasi dengan jajaran pimpinan BGN yang baru, karena kita sudah punya 222 SPPG yang harus segera kita serahkan Jakarta (ANTARA) - Menteri Pekerjaan Umum (PU) Dody Hanggodo siap berkoordinasi dengan Kepala Badan Gizi Nasional (BGN) yang baru Nanik Sudaryati Deyang terkait pembangunan Satuan Pelayanan Pemenuhan Gizi atau SPPG. ""Mungkin minggu depan kita koordinasi dengan jajaran pimpinan BGN yang baru, karena kita sudah punya 222 SPPG yang harus segera kita serahkan,"" ujar Dody dalam konferensi pers di Jakarta, Jumat.",positif,0.7627
da665af8ee81,Antara,2026-06-03,https://www.antaranews.com/berita/5592448/menko-zulhas-sebut-pergantian-pimpinan-bgn-jadi-momentum-perkuat-mbg,Menko Zulhas sebut pergantian pimpinan BGN jadi momentum perkuat MBG,"Menko Zulhas sebut pergantian pimpinan BGN jadi momentum perkuat MBG. Saya kenal baik ketiganya, Kepala Badan dan Wakil Kepala Badan yang baru. Mereka adalah orang yang tepat Jakarta (ANTARA) - Menteri Koordinator (Menko) Bidang Pangan Zulkifli Hasan (Zulhas) menyebutkan pergantian pimpinan Badan Gizi Nasional (BGN) menjadi momentum memperkuat tata kelola dan pelaksanaan Program Makan Bergizi Gratis (MBG).",netral,0.7628
434863a2d3af,Liputan6,2026-05-14,https://berita.liputan6.com/megapolitan/read/6520981/usai-dudung-sidak-2-dapur-mbg-di-jakarta-barat-kena-suspend,"Usai Dudung Sidak, 2 Dapur MBG di Jakarta Barat Kena Suspend","Usai Dudung Sidak, 2 Dapur MBG di Jakarta Barat Kena Suspend. Liputan6.com, Jakarta - Kepala Staf Kepresidenan (KSP) Dudung Abdurachman mengambil langkah tegas demi menjaga kualitas pelaksanaan program Makan Bergizi Gratis (MBG). Sebanyak 2 Satuan Pelayanan Pemenuhan Gizi (SPPG) atau dapur MBG di kawasan Jakarta Barat diberikan sanksi penghentian sementara atau suspend akibat tak layak.",negatif,0.7636
9e9b8d853b8a,Antara,2026-06-03,https://www.antaranews.com/berita/5592401/pergantian-kepemimpinan-bgn-momentum-mbg-fokus-jangkau-anak-wilayah-3t,Pergantian kepemimpinan BGN momentum MBG fokus jangkau anak wilayah 3T,"Pergantian kepemimpinan BGN momentum MBG fokus jangkau anak wilayah 3T. pergantian kepemimpinan di BGN harus menjadi titik balik untuk memperbaiki arah program MBG secara menyeluruh. Jakarta (ANTARA) - Komisi Perlindungan Anak Indonesia (KPAI) berharap kepemimpinan baru Badan Gizi Nasional (BGN) menjadi momentum program Makan Bergizi Gratis (MBG) lebih berfokus pada keluarga berisiko stunting, menjangkau anak-anak di wilayah terdepan, terluar, tertinggal, dan kelompok rentan.",positif,0.7638
22bf6b08247b,Kompas,2026-06-07,https://money.kompas.com/read/2026/06/07/140719426/mbg-dan-kopdes-dianggap-bebani-apbn-ini-respons-purbaya,"MBG dan Kopdes Dianggap Bebani APBN, Ini Respons Purbaya","MBG dan Kopdes Dianggap Bebani APBN, Ini Respons Purbaya. Baca berita tanpa iklan. Gabung Kompas.com+ Kompas.com, 7 Juni 2026, 14:07 WIB Nur Jamal Shaid Penulis JAKARTA, KOMPAS.com – Menteri Keuangan Purbaya Yudhi Sadewa membantah anggapan bahwa program-program prioritas pemerintah, termasuk Makan Bergizi Gratis (MBG) dan Koperasi Desa (Kopdes), menjadi sumber kekhawatiran terhadap kondisi fiskal Indonesia.",negatif,0.7654
82e7b446bcad,Detik,2026-06-05,https://oto.detik.com/motor/d-8519158/gimana-nasib-puluhan-ribu-motor-listrik-mbg-dari-kasus-markup-bgn,Gimana Nasib Puluhan Ribu Motor Listrik MBG dari Kasus Markup BGN?,"Gimana Nasib Puluhan Ribu Motor Listrik MBG dari Kasus Markup BGN?. BGN diketahui telah membayar vendor motor listrik senilai Rp 1 triliun. Lalu dengan adanya kasus markup, gimana nasib motor listrik tersebut?",negatif,0.7655
d8b6987e4dde,Antara,2026-06-02,https://www.antaranews.com/berita/5591216/mendiktisaintek-kampus-boleh-dirikan-sppg-sebagai-sarana-praktik,Mendiktisaintek: Kampus boleh dirikan SPPG sebagai sarana praktik,"Mendiktisaintek: Kampus boleh dirikan SPPG sebagai sarana praktik. Jadi, kami tidak pernah ada edaran kebijakan bahwa setiap kampus harus mendirikan SPPG, itu tidak pernah ada Jakarta (ANTARA) - Menteri Pendidikan Tinggi, Sains, dan Teknologi (Mendiktisaintek) Brian Yuliarto menyebutkan perguruan tinggi boleh memiliki Satuan Pelayanan Pemenuhan Gizi (SPPG) sebagai wadah teaching factory atau sarana praktik langsung bagi para mahasiswa. Dalam rapat kerja bersama Komisi X DPR RI di Kompleks Parlemen, Jakarta, Selasa, Mendiktisaintek menyebutkan keberadaan SPPG tersebut terintegrasi dengan implementasi Program Makan Bergizi Gratis (MBG), dimana kampus diharapkan mengambil peran strategis melalui riset dan pengabdian masyarakat.",netral,0.7657
59d7d4037944,Kompas,2026-06-05,https://nasional.kompas.com/read/2026/06/05/12145811/golkar-minta-bgn-evaluasi-menyeluruh-program-mbg-buntut-kasus-korupsi-dadan,Golkar Minta BGN Evaluasi Menyeluruh Program MBG Buntut Kasus Korupsi Dadan dkk,"Golkar Minta BGN Evaluasi Menyeluruh Program MBG Buntut Kasus Korupsi Dadan dkk. Baca berita tanpa iklan. Gabung Kompas.com+ Kompas.com, 5 Juni 2026, 12:14 WIB JAKARTA, KOMPAS.com - Ketua Fraksi Partai Golkar di DPR RI M Sarmuji meminta Kepala Badan Gizi Nasional (BGN) Nanik S Deyang mengevaluasi menyeluruh pelaksanaan Program Makan Bergizi Gratis (MBG) pasca-kasus korupsi yang menjerat pimpinan BGN sebelumnya.",negatif,0.7659
5219e90b6be0,Liputan6,2026-06-02,https://www.liputan6.com/regional/read/7584800/petani-di-cipanas-rasakan-dampak-nyata-mbg-penghasilan-naik-uang-sekolah-terjamin,"Petani di Cipanas Rasakan Dampak Nyata MBG: Penghasilan Naik, Uang Sekolah Terjamin","Petani di Cipanas Rasakan Dampak Nyata MBG: Penghasilan Naik, Uang Sekolah Terjamin. Liputan6.com, Cipanas - Di tengah hamparan kebun sayur yang hijau, Bayu Sudrajat (43 tahun) memulai aktivitasnya seperti biasa. Sudah hampir tiga dekade sejak 1996, ia menggantungkan hidup dari bertani sayur.",positif,0.766
b549cc212b50,Antara,2026-06-02,https://www.antaranews.com/berita/5591596/round-up-prabowo-rombak-jajaran-petinggi-bgn,Round up - Prabowo rombak jajaran petinggi BGN,"Round up - Prabowo rombak jajaran petinggi BGN. Tentunya, (pergantian pimpinan, red.) disertai dengan ucapan terima kasih atas kerja keras dan dedikasinya selama ini di dalam membangun pondasi dan mengembangkan Badan Gizi Nasional Jakarta (ANTARA) - Presiden Prabowo Subianto pada Selasa malam resmi mencopot Dadan Hindayana dari jabatannya sebagai kepala Badan Gizi Nasional (BGN), kemudian menetapkan Nanik Sudaryati Deyang sebagai penggantinya. Dalam keputusannya yang sama, Presiden Prabowo juga mencopot Lodewyk Pusung, dan Sony Sanjaya dari jabatannya sebagai wakil kepala BGN dan menetapkan Agustina Arumsari beserta Mayjen TNI Trenggono sebagai dua orang wakil kepala BGN yang baru.",netral,0.7663
b57d41d4f4b1,Antara,2026-06-04,https://www.antaranews.com/berita/5593521/wamen-imipas-jadi-tahanan-kpk-istana-hormati-proses-hukum,"Wamen Imipas jadi tahanan KPK, Istana hormati proses hukum","Wamen Imipas jadi tahanan KPK, Istana hormati proses hukum. Jakarta (ANTARA) - Menteri Sekretaris Negara Prasetyo Hadi menyatakan pemerintah menghormati proses hukum terhadap Wakil Menteri Imigrasi dan Pemasyarakatan Silmy Karim yang telah menjadi tahanan Komisi Pemberantasan Korupsi (KPK), Kamis. Selain itu, Prasetyo juga menyinggung penetapan tersangka terhadap mantan pimpinan Badan Gizi Nasional (BGN) oleh Kejaksaan Agung pada Rabu (3/6).",negatif,0.7692
e5a402b288e1,Republika,2026-05-26,https://news.republika.co.id/berita/tfnfna377/bgn-kena-efisiensi-siswa-libur-sekolah-tak-lagi-diberi-mbg,"BGN Kena Efisiensi, Siswa Libur Sekolah tak Lagi Diberi MBG |Republika Online","BGN Kena Efisiensi, Siswa Libur Sekolah tak Lagi Diberi MBG |Republika Online. REPUBLIKA.CO.ID, JAKARTA -- Badan Gizi Nasional (BGN) mulai melakukan penyesuaian pola distribusi program Makan Bergizi Gratis (MBG) sebagai bagian daribefisiensi anggaran pemerintah. Meski begitu, BGN memastikan efisiensi itu tidak akan mengurangi kualitas layanan dan pemenuhan gizi kepada para penerima manfaat.",negatif,0.7703
bc34098cfcbb,CNN Indonesia,2026-06-04,https://www.cnnindonesia.com/nasional/20260604092526-36-1365205/prabowo-mengaku-sedih-copot-dadan-dari-bgn,Prabowo Mengaku Sedih Copot Dadan dari BGN,"Prabowo Mengaku Sedih Copot Dadan dari BGN. 25 VIDEO Prabowo Mengaku Sedih Copot Dadan dari BGN CNN Indonesia CNN Indonesia Kamis, 04 Jun 2026 09:46 WIB Presiden Prabowo Subianto menyampaikan sejumlah pernyataan usai mantan Kepala Badan Gizi Nasional (BGN) Dadan Hindayana bersama dua mantan wakil kepala BGN, Sony Sonjaya dan Lodewyk Pusung, ditetapkan sebagai tersangka dugaan korupsi program Makan Bergizi Gratis (MBG) oleh Kejaksaan Agung. Dalam arahannya pada acara Building Indonesia's Future Generations Through Nutrition di Sentul International Convention Center (SICC), Bogor, Jawa Barat, Rabu (3/6), Prabowo mengaku sedih atas kasus yang menjerat orang-orang yang sebelumnya ia percayai untuk menjalankan program prioritas pemerintah tersebut.",netral,0.7711
9f95962da1ef,Tempo,2026-05-08,https://www.tempo.co/lingkungan/potensi-sampah-mbg-di-bandung-40-60-ton-setiap-hari-2134457,Potensi Sampah MBG di Bandung 40-60 Ton Setiap Hari,Potensi Sampah MBG di Bandung 40-60 Ton Setiap Hari. PROGRAM Makan Bergizi Gratis (MBG) ikut menambah beban masalah sampah di Kota Bandung. Kepala Dinas Lingkungan Hidup Kota Bandung Darto mengatakan Dinas pada April lalu telah mengumpulkan para pengelola Satuan Pelayanan Pemenuhan Gizi (SPPG) untuk sosialisasi tentang pengelolaan sampah MBG dari dapur hingga sisanya di sekolah.,negatif,0.7714
15436528000000,Antara,2026-05-26,,Setetes ASI yang tak mampu ditiru laboratorium,"Setetes ASI yang tak mampu ditiru laboratorium. ASI bukan sekadar ""makanan"", tapi ""zat hidup"" yang diproduksi oleh tubuh ibu untuk memenuhi kebutuhan bayi Jakarta (ANTARA) - Pada 21 Mei 2026, Ikatan Dokter Anak Indonesia (IDAI) melayangkan surat terbuka kepada Kepala Badan Gizi Nasional (BGN) Dadan Hindayana beserta tiga wakil kepalanya. Surat dari Satgas ASI dan UKK Nutrisi Penyakit Metabolik IDAI itu bukan surat biasa.",negatif,0.7717
914d59227c1f,CNN Indonesia,2026-06-03,https://www.cnnindonesia.com/otomotif/20260603154900-579-1364972/daftar-mobil-dadan-hindayana-kepala-bgn-yang-dilengserkan-prabowo,"Daftar Mobil Dadan Hindayana, Kepala BGN yang Dilengserkan Prabowo","Daftar Mobil Dadan Hindayana, Kepala BGN yang Dilengserkan Prabowo. Daftar Mobil Dadan Hindayana, Kepala BGN yang Dilengserkan Prabowo Jajaran pimpinan Badan Gizi Nasional (BGN) telah dirombak Presiden Prabowo Subianto, termasuk mencopot Dadan Hindayana dari posisi kepala lembaga. Dadan yang sudah menduduki posisi itu sejak era Presiden Joko Widodo tercatat memiliki kekayaan Rp9 miliar dengan sebagian berupa tiga mobil.",negatif,0.7717
b29fb19667ab,Detik,2026-06-05,https://health.detik.com/berita-detikhealth/d-8519126/sosok-viral-tony-robbins-bule-kekar-yang-diundang-prabowo-hingga-ikut-icip-mbg,"Sosok Viral Tony Robbins, 'Bule Kekar' yang Diundang Prabowo hingga Ikut Icip MBG","Sosok Viral Tony Robbins, 'Bule Kekar' yang Diundang Prabowo hingga Ikut Icip MBG. Sosok Tony Robbins mendadak mencuri perhatian setelah diperkenalkan Presiden Prabowo Subianto dalam acara Building Indonesia's Future Generations Through Nutrition di Sentul International Convention Center (SICC), Bogor, Jawa Barat, Rabu (3/6/2026). Bukan sekadar motivator kelas dunia, Robbins disebut Prabowo sebagai sahabat yang memiliki pandangan serupa soal kepemimpinan hingga kepedulian terhadap masyarakat yang kesulitan mendapatkan makanan.",netral,0.7721
675da7358c52,Antara,2026-06-04,https://www.antaranews.com/berita/5593817/ketua-banggar-dpr-dorong-perbaikan-tata-kelola-bgn-pascakasus-korupsi,Ketua Banggar DPR dorong perbaikan tata kelola BGN pascakasus korupsi,"Ketua Banggar DPR dorong perbaikan tata kelola BGN pascakasus korupsi. Jakarta (ANTARA) - Ketua Badan Anggaran (Banggar) DPR RI Said Abdullah mendorong perbaikan tata kelola Badan Gizi Nasional (BGN) pascakasus dugaan korupsi yang menjerat tiga mantan pimpinan badan tersebut. “Saya sampaikan, apa yang terjadi di BGN, kita tahu bersama, itulah yang saya maksud, perbaiki tata kelola,” kata Said ditemui di kompleks parlemen, Senayan, Jakarta, Kamis.",positif,0.7725
5b584773318a,Antara,2026-06-03,https://www.antaranews.com/berita/5593243/presiden-ingatkan-mbg-tidak-boleh-jadi-sarana-memperkaya-oknum,Presiden ingatkan MBG tidak boleh jadi sarana memperkaya oknum,"Presiden ingatkan MBG tidak boleh jadi sarana memperkaya oknum. MBG memiliki peran penting memastikan asupan gizi terhadap anak-anak Indonesia, mencegah kekurangan gizi yang menjadi salah satu faktor stunting Jakarta (ANTARA) - Presiden Prabowo Subianto memperingatkan kepada para mitra Satuan Pelayanan Pemenuhan Gizi (SPPG) untuk menjalankan program Makan Bergizi Gratis (MBG) dengan baik dan tidak boleh jadi sarana memperkaya oknum. Dalam Konsolidasi Nasional Program MBG yang diinisiasi Badan Gizi Nasional (BGN) di Sentul International Convention Center (SICC), Bogor, Jawa Barat, Rabu, Presiden Prabowo berkelakar bahwa mitra SPPG yang nakal untuk kembali ke jalan yang benar dan mengakui jika memang melakukan kesalahan dalam pelaksanaan MBG.",negatif,0.7744
a7d9449e6795,Antara,2026-06-03,https://www.antaranews.com/berita/5592725/tiga-eks-pejabat-bgn-jadi-tersangka-korupsi-tata-kelola-mbg,Tiga eks pejabat BGN jadi tersangka korupsi tata kelola MBG,"Tiga eks pejabat BGN jadi tersangka korupsi tata kelola MBG. Jakarta (ANTARA) - Kejaksaan Agung menetapkan tiga orang mantan pejabat Badan Gizi Nasional (BGN) sebagai tersangka kasus dugaan korupsi tata kelola program Makan Bergizi Gratis (MBG) pada BGN tahun 2025–2026. Tiga orang itu adalah mantan Kepala BGN Dadan Hindayana (DH), mantan Wakil Kepala BGN Bidang Pengembangan Organisasi dan Dukungan Kelembagaan Lodewyk Pusung (LP), serta mantan Wakil Kepala BGN Bidang Operasional Pemenuhan Gizi Sony Sonjaya (SS).",negatif,0.7777
aee4e844488d,Antara,2026-05-26,https://www.antaranews.com/berita/5582629/kemarin-penangguhan-1152-sppg-hingga-tips-jaga-stamina-jamaah-haji,"Kemarin, penangguhan 1.152 SPPG hingga tips jaga stamina jamaah haji","Kemarin, penangguhan 1.152 SPPG hingga tips jaga stamina jamaah haji. Badan Gizi Nasional (BGN) masih menangguhkan atau suspend 1.152 Satuan Pelayanan Pemenuhan Gizi (SPPG) sebagai langkah tegas bahwa tidak ada kompromi untuk penyalahgunaan standar Program Makan Bergizi Gratis (MBG). Jakarta (ANTARA) - Sejumlah warta humaniora kemarin, Senin (25/5) masih menarik dibaca hari ini, mulai penangguhan atau suspend 1.152 Satuan Pelayanan Pemenuhan Gizi (SPPG) hingga tips dari Wakil Menteri Haji (Wamenhaj) untuk menyiapkan stamina saat jalan kaki di jalur Mina-Jamarat.",negatif,0.7791
85121b152c22,Detik,2026-06-04,https://food.detik.com/info-kuliner/d-8517910/viral-seruan-prabowo-soal-ayam-potong-14-untuk-menu-mbg-sebenarnya-idealnya-berapa,"Viral Seruan Prabowo Soal Ayam Potong 14 untuk Menu MBG, Sebenarnya Idealnya Berapa?","Viral Seruan Prabowo Soal Ayam Potong 14 untuk Menu MBG, Sebenarnya Idealnya Berapa?. Prabowo sempat menyoroti potongan ayam MBG yang tak boleh menyentuh 14 potong. Ternyata, menurut Chef Kumink yang mengelola MBG di Bogor, segini jumlah idealnya!",netral,0.7804
f07030bfc35a,Antara,2026-06-03,https://www.antaranews.com/berita/5592415/kemenperin-perkuat-industri-susu-lewat-digitalisasi-tps,Kemenperin perkuat industri susu lewat digitalisasi TPS,Kemenperin perkuat industri susu lewat digitalisasi TPS. Industri susu memiliki peran yang sangat penting dalam mendukung peningkatan kualitas gizi masyarakat Jakarta (ANTARA) - Kementerian Perindustrian (Kemenperin) terus memperkuat daya saing industri susu nasional melalui digitalisasi tempat penerimaan susu (TPS) sebagai bagian dari upaya penguatan rantai pasok susu segar dalam negeri. Menteri Perindustrian (Menperin) Agus Gumiwang Kartasasmita mengatakan susu merupakan komoditas strategis yang memiliki peran penting dalam mendukung ketahanan pangan serta peningkatan kualitas sumber daya manusia melalui pemenuhan gizi masyarakat.,positif,0.7805
9ba007a9d35f,Detik,2026-04-29,https://www.detik.com/jateng/bisnis/d-8467492/menteri-ppn-dorong-susu-sapi-boyolali-disalurkan-ke-dapur-mbg,Menteri PPN Dorong Susu Sapi Boyolali Disalurkan ke Dapur MBG,Menteri PPN Dorong Susu Sapi Boyolali Disalurkan ke Dapur MBG. Menteri Perencanaan Pembangunan Nasional/Kepala Badan Perencanaan Pembangunan Nasional (PPN/Bappenas) Rachmat Pambudy mendorong hilirasi peternakan Boyolali. Ia berharap produk susu dari Boyolali disalurkan ke Satuan Pelayanan Pemenuhan Gizi (SPPG).,positif,0.7805
16d94da4973d,Liputan6,2026-06-04,https://www.liputan6.com/news/read/7659510/kepala-bgn-nanik-s-deyang-saya-sarjana-biologi-bukan-kehutanan,Kepala BGN Nanik S Deyang: Saya Sarjana Biologi Bukan Kehutanan,"Kepala BGN Nanik S Deyang: Saya Sarjana Biologi Bukan Kehutanan. Liputan6.com, Jakarta - Kepala Badan Gizi Nasional (BGN) yang baru, Nanik S. Deyang memperkenalkan diri setelah ditunjuk Presiden Prabowo Subianto menggantikan Dadan Hindayana.",netral,0.7811
3164b7c71e11,Liputan6,2026-06-03,https://www.liputan6.com/news/read/7624344/prabowo-usai-copot-3-pimpinan-bgn-saya-tak-mau-uang-rakyat-dicuri,Prabowo Usai Copot 3 Pimpinan BGN: Saya Tak Mau Uang Rakyat Dicuri,"Prabowo Usai Copot 3 Pimpinan BGN: Saya Tak Mau Uang Rakyat Dicuri. Liputan6.com, Jakarta - Presiden Prabowo Subianto buka suara soal pencopotan tiga pimpinan Badan Gizi Nasional (BGN). Dia menegaskan, pencopotan dilakukan usai dirinya menerima laporan indikasi penyelewengan dalam pelaksanaan program di lembaga tersebut, termasuk Makan Bergizi Gratis (MBG).",positif,0.7812
cc5cd0c5d927,Detik,2026-06-05,https://www.detik.com/bali/bisnis/d-8519403/bgn-rem-dulu-target-mbg-82-juta-penerima-ini-alasannya,"BGN Rem Dulu Target MBG 82 Juta Penerima, Ini Alasannya","BGN Rem Dulu Target MBG 82 Juta Penerima, Ini Alasannya. Kepala Badan Gizi Nasional (BGN) Nanik Sudarti Deyang mengakui pemerintah tak lagi mengejar target 82 juta penerima program makan bergizi gratis (MBG) pada 2026. Di tengah pemangkasan anggaran, BGN memilih fokus memperbaiki kualitas program ketimbang mengejar jumlah penerima.",negatif,0.7814
1e14ef291fe8,Antara,2026-06-03,https://www.antaranews.com/berita/5592907/prabowo-tegaskan-pentingnya-integritas-dan-akuntabilitas-program-mbg,Prabowo tegaskan pentingnya integritas dan akuntabilitas program MBG,Prabowo tegaskan pentingnya integritas dan akuntabilitas program MBG. Saya tidak mau uang rakyat dicuri. Saya tidak mau uang rakyat dicuri.,positif,0.7816
26dd90b322b3,Suara,2026-06-04,https://www.suara.com/video/2026/06/04/180252/kala-prabowo-sapa-jaksa-agung-setelah-tangkap-kepala-bgn-yang-sekarang-agak-diwaspadai,Kala Prabowo Sapa Jaksa Agung setelah Tangkap Kepala BGN: Yang Sekarang Agak Diwaspadai,"Kala Prabowo Sapa Jaksa Agung setelah Tangkap Kepala BGN: Yang Sekarang Agak Diwaspadai. Suara.com - Presiden Prabowo Subianto melontarkan seloroh hangat kepada Jaksa Agung ST Burhanuddin dalam acara Konsolidasi Nasional Program Makan Bergizi Gratis di Sentul International Convention Center (SICC), Bogor, Rabu (3/6/2026). Di hadapan peserta, Prabowo menyebut Jaksa Agung sebagai figur pejabat yang saat ini paling menyita perhatian dan sedang diwaspadai.",netral,0.7818
a9bb99279355,Suara,2026-05-25,https://www.suara.com/video/2026/05/25/175455/lagu-mbg-mas-bahlil-ganteng-yang-viral-dari-mana-usulnya,"Lagu 'MBG Mas Bahlil Ganteng' yang Viral, Dari Mana Usulnya?","Lagu 'MBG Mas Bahlil Ganteng' yang Viral, Dari Mana Usulnya?. Suara.com - Lagu “MBG Mas Bahlil Ganteng” tiba-tiba meledak di TikTok dan bikin netizen gagal fokus. Dari lirik absurd sampai punchline “Buahlil”, sound ini sukses jadi racun FYP yang terus diputar ulang.",negatif,0.7821
ab3071ad7f0e,Antara,2026-06-05,https://www.antaranews.com/berita/5595289/lpsk-siap-lindungi-saksi-dan-jadi-jc-kasus-korupsi-bgn-imipas,LPSK siap lindungi saksi dan jadi JC kasus korupsi BGN-Imipas,"LPSK siap lindungi saksi dan jadi JC kasus korupsi BGN-Imipas. LPSK siap memberikan pelindungan kepada saksi, pelapor, ahli, maupun Justice Collaborator yang memiliki informasi penting dalam pengungkapan kasus korupsi di BGN maupun Imipas Jakarta (ANTARA) - Lembaga Perlindungan Saksi dan Korban (LPSK) menyatakan siap memberikan perlindungan kepada saksi, pelapor, ahli, maupun saksi pelaku (Justice Collaborator/JC) dalam penanganan kasus dugaan korupsi di Badan Gizi Nasional (BGN) dan Kementerian Imigrasi dan Pemasyarakatan (Imipas). Hal ini guna mendukung pengungkapan perkara secara menyeluruh.",netral,0.7823
4c8320d82404,CNN Indonesia,2026-06-05,https://www.cnnindonesia.com/otomotif/20260605142458-579-1365739/tak-semua-motor-listrik-bgn-hasil-mark-up-dadan-disita-kejagung,Tak Semua Motor Listrik BGN Hasil Mark Up Dadan Disita Kejagung,Tak Semua Motor Listrik BGN Hasil Mark Up Dadan Disita Kejagung. Tak Semua Motor Listrik BGN Hasil Mark Up Dadan Disita Kejagung Kejaksaan Agung (Kejagung) menyatakan tak akan menyita seluruh motor listrik hasil pengadaan Badan Gizi Nasional (BGN) era kepemimpinan Dadan Hindayana yang nilai proyeknya telah digelembungkan hingga tembus Rp1 triliun. Direktur Penyidikan Jampidsus Kejagung Syarief Sulaeman Nahdi mengatakan hal itu karena barang-barang hasil pengadaan sudah tersebar di berbagai wilayah.,netral,0.7826
986807737a22,Antara,2026-05-23,https://www.antaranews.com/berita/5579481/gubernur-papua-manfaatkan-hasil-kebun-ikan-lokal-untuk-kebutuhan-mbg,Gubernur Papua: Manfaatkan hasil kebun-ikan lokal untuk kebutuhan MBG,"Gubernur Papua: Manfaatkan hasil kebun-ikan lokal untuk kebutuhan MBG. Keterlibatan masyarakat dalam penyediaan bahan pangan menjadi langkah strategis agar Program MBG tidak hanya meningkatkan kualitas gizi penerima manfaat, tetapi juga mampu mendorong pertumbuhan ekonomi masyarakat setempat... Jayapura (ANTARA) - Gubernur Papua Matius D Fakhiri mengingatkan pentingnya pemanfaatan hasil kebun dan tangkapan ikan milik masyarakat lokal guna mendukung kebutuhan Program Makan Bergizi Gratis (MBG) di Kabupaten Supiori.",positif,0.7837
df9d04adafd3,Antara,2026-06-04,https://www.antaranews.com/berita/5594589/bgn-integrasikan-sistem-data-perbaiki-tata-kelola-mbg,BGN integrasikan sistem data perbaiki tata kelola MBG,"BGN integrasikan sistem data perbaiki tata kelola MBG. Jakarta (ANTARA) - Wakil Kepala Badan Gizi Nasional (BGN) Agustina Arumsari menyatakan pihaknya akan mengintegrasikan sistem data untuk memperbaiki tata kelola Program Makan Bergizi Gratis (MBG) agar memenuhi target peningkatan kualitas gizi bangsa. Agustina yang memiliki latar belakang sebagai auditor tersebut mengakui bahwa hari ini memang masih hari pertama melaksanakan tugas sebagai wakil kepala BGN, sehingga belum ada inovasi-inovasi konkret yang dilakukan, tetapi ia berkomitmen untuk membenahi tata kelola MBG lewat perbaikan sistem.",positif,0.785
ebf5427d7210,Republika,2026-06-03,https://analisis.republika.co.id/berita/tg1fd6415/bukan-dapur-asal-ngebul,Bukan Dapur Asal Ngebul |Republika Online,"Bukan Dapur Asal Ngebul |Republika Online. Oleh Ahmadie Thaha, Kolumnis REPUBLIKA.CO.ID, JAKARTA -- Program Makan Bergizi Gratis (MBG) sering dibayangkan orang sebagai urusan dapur. Mungkin karena itu barusan Prabowo Subianto mengganti kepala MBG dengan perempuan.",negatif,0.786
f997f214e231,Liputan6,2026-04-05,https://www.liputan6.com/disabilitas/read/6310295/kisah-budi-difabel-yang-temukan-kesempatan-kedua-di-dapur-mbg,"Kisah Budi, Difabel yang Temukan Kesempatan Kedua di Dapur MBG","Kisah Budi, Difabel yang Temukan Kesempatan Kedua di Dapur MBG. Liputan6.com, Jakarta - Pagi itu, Budi Setiawan (27) sudah lebih dulu tiba di Satuan Pelayanan Pemenuhan Gizi (SPPG), atau dapur Makan Bergizi Gratis (MBG) di Desa Pojok, Kecamatan Mojogedang, Kabupaten Karanganyar, Jawa Tengah. Meski berstatus sebagai penyandang disabilitas, d tetap menjalankan tugas utamanya membersihkan setiap sudut dapur dengan penuh tanggung jawab.",positif,0.7876
46e8ee72030a,Detik,2026-06-04,https://finance.detik.com/berita-ekonomi-bisnis/d-8518313/bos-baru-bgn-tak-lagi-kejar-target-82-juta-penerima-mbg,Bos Baru BGN Tak Lagi Kejar Target 82 Juta Penerima MBG,Bos Baru BGN Tak Lagi Kejar Target 82 Juta Penerima MBG. Kepala Badan Gizi Nasional (BGN) Nanik S Deyang mengakui tidak mengejar target penerima program Makan Bergizi Gratis (MBG) sebanyak 82 juta penerima tahun ini. Hal ini telah disampaikan langsung olehnya kepada Presiden Prabowo Subianto.,negatif,0.7878
6c2d99af31fb,Antara,2026-06-04,https://www.antaranews.com/berita/5594704/poltracking-popularitas-mbg-jadi-modal-pemerintah-perkuat-kualitas,Poltracking: Popularitas MBG jadi modal pemerintah perkuat kualitas,"Poltracking: Popularitas MBG jadi modal pemerintah perkuat kualitas. Jakarta (ANTARA) - Lembaga survei Poltracking Indonesia menilai tingginya popularitas Program Makan Bergizi Gratis (MBG) menjadi modal penting bagi pemerintah untuk memperkuat kualitas pelaksanaan dan memperluas manfaat program prioritas tersebut kepada masyarakat. Peneliti Poltracking Indonesia Ahmad Ziaul Fitrauddin dalam pemaparan hasil survei bertajuk Evaluasi Kinerja Pemerintah dan Isu Aktual Strategis diikuti daring di Jakarta, Kamis mengatakan tingginya perhatian publik terhadap MBG menunjukkan besarnya harapan masyarakat terhadap keberhasilan program tersebut.",positif,0.788
8adcd9dbe534,Republika,2026-05-15,https://news.republika.co.id/berita/tf2hnb484/menag-resmikan-dapur-mbg-karawang-milik-yayasan-garuda-indonesia,Menag Resmikan Dapur MBG Karawang Milik Yayasan Garuda Indonesia |Republika Online,"Menag Resmikan Dapur MBG Karawang Milik Yayasan Garuda Indonesia |Republika Online. REPUBLIKA.CO.ID, JAKARTA -- Menteri Agama (Menag) RI Prof Nasaruddin Umar dan Wakil Kepala Badan Gizi Nasional (BGN) Letjen (Purn) Lodewyk Pusung meresmikan Dapur MBG Karawang, Kamis (14/5/2026). Lokasi dapur yang akan menyuplai makanan bergizi bagi anak-anak sekolah itu berada di Kelurahan Kutaampel, Kecamatan Batu Jaya, Kabupaten Karawang, Jawa Barat.",netral,0.7882
e61bf79ccaa9,Antara,2026-06-01,https://www.antaranews.com/berita/5589248/presiden-akan-hadapi-perlawanan-para-pelaku-praktik-ekonomi-ilegal,Presiden akan hadapi perlawanan para pelaku praktik ekonomi ilegal,"Presiden akan hadapi perlawanan para pelaku praktik ekonomi ilegal. Kita akan menghadapi rintangan, kita akan menghadapi tantangan, mungkin juga kita akan menghadapi perlawanan dari kelompok-kelompok yang suka dengan korupsi, suka dengan penyelundupan, suka dengan tindakan-tindakan ekonomi yang ilegal Jakarta (ANTARA) - Presiden Republik Indonesia Prabowo Subianto menegaskan bahwa dirinya siap menghadapi perlawanan dari kelompok-kelompok pelaku praktik ilegal yang dinilai menghambat transformasi ekonomi nasional serta memperlemah Negara Kesatuan Republik Indonesia. ""Kita akan menghadapi rintangan, kita akan menghadapi tantangan, mungkin juga kita akan menghadapi perlawanan dari kelompok-kelompok yang suka dengan korupsi, suka dengan penyelundupan, suka dengan tindakan-tindakan ekonomi yang ilegal,"" kata Presiden Prabowo saat bertindak sebagai Inspektur Upacara Peringatan Hari Lahir Pancasila di Gedung Pancasila kompleks Kementerian Luar Negeri Jakarta, Senin.",negatif,0.7884
f10bcf82400d,Suara,2026-06-06,https://www.suara.com/bisnis/2026/06/06/174625/disorot-pemeringkat-internasional-purbaya-klaim-mbg-dan-koperasi-tak-bebani-fiskal,"Disorot Pemeringkat Internasional, Purbaya Klaim MBG dan Koperasi Tak Bebani Fiskal","Disorot Pemeringkat Internasional, Purbaya Klaim MBG dan Koperasi Tak Bebani Fiskal. - Menteri Keuangan Purbaya Yudhi Sadewa menegaskan program Makan Bergizi Gratis dan Koperasi Desa tidak membebani fiskal nasional. - Pemerintah memastikan defisit anggaran tetap terjaga di bawah tiga persen melalui pengaturan anggaran yang bersifat fleksibel.",positif,0.7887
17e2e15d084a,Antara,2026-06-02,https://www.antaranews.com/berita/5590991/prabowo-dorong-pelajar-smpn-111-jakarta-bawa-indonesia-ke-piala-dunia,Prabowo dorong pelajar SMPN 111 Jakarta bawa Indonesia ke Piala Dunia,"Prabowo dorong pelajar SMPN 111 Jakarta bawa Indonesia ke Piala Dunia. Jakarta (ANTARA) - Presiden RI Prabowo Subianto mendorong para pelajar SMP Negeri 111 Jakarta yang bercita-cita menjadi atlet untuk membawa Indonesia tampil di ajang Piala Dunia. ""Bawa Indonesia ke Piala Dunia,"" kata Presiden Prabowo saat menanggapi keinginan siswa yang bercita-cita menjadi pemain sepak bola profesional, di sela-sela kunjungannya meninjau uji coba program Makan Bergizi Gratis (MBG) di sekolah tersebut, Selasa.",positif,0.7897
0bae35838cc2,Detik,2026-06-03,https://www.detik.com/bali/hukum-dan-kriminal/d-8516681/skandal-mbg-sppg-terafiliasi-dadan-cs-kantongi-insentif-miliaran-per-hari,"Skandal MBG, SPPG Terafiliasi Dadan Cs Kantongi Insentif Miliaran Per Hari","Skandal MBG, SPPG Terafiliasi Dadan Cs Kantongi Insentif Miliaran Per Hari. Aliran dana dalam program Makan Bergizi Gratis (MBG) diduga tak sepenuhnya berjalan sesuai aturan. Kejaksaan Agung (Kejagung) mengungkap adanya yayasan Satuan Pelayanan Pemenuhan Gizi (SPPG) yang terafiliasi dengan eks pimpinan Badan Gizi Nasional (BGN) dan menerima insentif hingga miliaran rupiah setiap hari.",negatif,0.7901
0f455ae8bc70,Tempo,2026-06-07,https://www.tempo.co/hukum/penyidik-kpk-segera-gelar-perkara-dugaan-korupsi-program-mbg-2253452,Penyidik KPK segera Gelar Perkara Dugaan Korupsi Program MBG,"Penyidik KPK segera Gelar Perkara Dugaan Korupsi Program MBG. Iklan KOMISI Pemberantasan Korupsi (KPK) akan mengusut dugaan rasuah pada program makan bergizi gratis atau MBG. Pelaksana tugas Direktur Penyidikan KPK, Achmad Taufik Husein, mengatakan pengusutan tersebut bergantung pada hasil ekspose atau gelar perkara yang segera dilakukan lembaganya.",negatif,0.7911
cc1dcd892db8,Antara,2026-06-05,https://www.antaranews.com/berita/5595403/sarmuji-bgn-harus-jamin-penunjukan-sppg-transparan,Sarmuji: BGN harus jamin penunjukan SPPG transparan,"Sarmuji: BGN harus jamin penunjukan SPPG transparan. Jakarta (ANTARA) - Ketua Fraksi Partai Golkar DPR RI M. Sarmuji mendorong Badan Gizi Nasional (BGN) untuk memberikan jaminan tegas bahwa penunjukan dan pengelolaan titik satuan pelayanan pemenuhan gizi (SPPG) dilakukan secara transparan, akuntabel, dan bebas dari praktik transaksional.",netral,0.793
1b386366e607,Tempo,2026-06-04,https://www.tempo.co/hukum/penyaluran-duit-mbg-tak-dihentikan-meski-ada-dugaan-korupsi-2246037,Penyaluran Duit MBG Tak Dihentikan Meski Ada Dugaan Korupsi,Penyaluran Duit MBG Tak Dihentikan Meski Ada Dugaan Korupsi. KEPALA Badan Gizi Nasional (BGN) Nanik S. Deyang membantah informasi yang menyebut penyaluran duit program Makan Bergizi Gratis (MBG) dihentikan.,negatif,0.7942
136206141eb5,Tempo,2026-06-03,https://www.tempo.co/hukum/apa-saja-yang-diduga-dikorupsi-eks-pimpinan-bgn-2217826,Apa Saja yang Diduga Dikorupsi Eks Pimpinan BGN,"Apa Saja yang Diduga Dikorupsi Eks Pimpinan BGN. JAKSA mengungkap sejumlah dugaan penyimpangan dalam program Makan Bergizi Gratis (MBG) setelah menetapkan mantan Kepala Badan Gizi Nasional (BGN) Dadan Hindayana serta dua mantan wakilnya, Sony Sonjaya dan Lodewyk Pusung, sebagai tersangka korupsi. Direktur Penyidikan Jaksa Agung Muda Tindak Pidana Khusus Kejaksaan Agung Syarief Sulaiman Nahdi mengatakan dugaan korupsi tidak hanya terjadi dalam pengelolaan yayasan pengelola dapur MBG, tetapi juga pada berbagai proyek pengadaan barang.",negatif,0.7945
7054bfc52bba,Suara,2026-06-05,https://www.suara.com/news/2026/06/05/092027/stop-mbg-dan-kdmp-niluh-djelantik-bongkar-gaji-guru-paud-dipotong-demi-program-baru-pemerintah,Stop MBG dan KDMP! Niluh Djelantik Bongkar Gaji Guru PAUD 'Dipotong' Demi Program Baru Pemerintah,Stop MBG dan KDMP! Niluh Djelantik Bongkar Gaji Guru PAUD 'Dipotong' Demi Program Baru Pemerintah. - Anggota DPD RI Niluh Djelantik meminta pemerintah menghentikan program Makan Bergizi Gratis dan Koperasi Desa Merah Putih segera. - Program tersebut dikritik karena memicu efisiensi anggaran desa serta terdapat kendala teknis penyediaan lahan pembangunan dapur khusus.,negatif,0.7952
7dd5479d8936,Antara,2026-05-26,https://www.antaranews.com/berita/5583563/wakil-kepala-bgn-pendaftaran-mitra-sppg-hanya-lewat-portal-resmi,Wakil Kepala BGN: Pendaftaran mitra SPPG hanya lewat portal resmi,"Wakil Kepala BGN: Pendaftaran mitra SPPG hanya lewat portal resmi. Jakarta (ANTARA) - Wakil Kepala Badan Gizi Nasional (BGN), Sony Sonjaya menegaskan pendaftaran mitra Satuan Pelayanan Pemenuhan Gizi (SPPG) hanya melalui portal resmi mitra.bgn.go.id. Saat menemui para korban dugaan penipuan yang berasal dari Jawa Barat di Kantor BGN Jakarta Pusat, Selasa, Sony menegaskan BGN menerima seluruh aspirasi dari masyarakat dan mengimbau agar hati-hati terhadap segala bentuk modus penipuan dapur Makan Bergizi Gratis (MBG).",netral,0.7956
5f2fa01d749d,Antara,2026-05-23,https://www.antaranews.com/berita/5579779/program-mbg-serap-128-juta-pekerja-gerakkan-perekonomian-nasional,"Program MBG serap 1,28 juta pekerja gerakkan perekonomian nasional","Program MBG serap 1,28 juta pekerja gerakkan perekonomian nasional. dampak ekonomi program MBG tidak hanya berasal dari penyerapan tenaga kerja, tetapi juga melalui keterlibatan pelaku usaha lokal dalam rantai pasok bahan pangan hingga distribusi makanan. Jakarta (ANTARA) - Program Makan Bergizi Gratis (MBG) terus memberikan dampak signifikan terhadap penyerapan tenaga kerja dan perputaran ekonomi nasional melalui penyerapan 1,28 juta pekerja.",positif,0.7973
9157b05778e7,Detik,2026-06-05,https://health.detik.com/berita-detikhealth/d-8518582/fakta-fakta-nanik-sarjana-biologi-jadi-kepala-bgn-sebut-tak-bakal-utamakan-kuantitas-mbg,"Fakta-fakta Nanik Sarjana Biologi Jadi Kepala BGN, Sebut Tak Bakal Utamakan Kuantitas MBG","Fakta-fakta Nanik Sarjana Biologi Jadi Kepala BGN, Sebut Tak Bakal Utamakan Kuantitas MBG. Kepala Badan Gizi Nasional (BGN) yang baru, Nanik S Deyang, mengisyaratkan perubahan arah pelaksanaan Makan Bergizi Gratis (MBG) setelah kasus dugaan korupsi yang menjerat pimpinan sebelumnya. Alih-alih mengejar jumlah penerima manfaat, BGN kini akan memprioritaskan kualitas program dan ketepatan sasaran.",netral,0.7976
aa6218e22f76,Suara,2026-05-18,https://www.suara.com/video/2026/05/18/140500/menteri-pu-disiplinkan-asn-tugas-belajar-di-london-diduga-hina-program-mbg,Menteri PU Disiplinkan ASN Tugas Belajar di London Diduga Hina Program MBG,Menteri PU Disiplinkan ASN Tugas Belajar di London Diduga Hina Program MBG. Suara.com - Menteri Pekerjaan Umum (PU) Dody Hanggodo memanggil pulang seorang ASN yang sedang menjalani tugas belajar di London setelah diduga menghina program Makan Bergizi Gratis (MBG). Langkah tersebut diumumkan sebagai bentuk tindakan tegas terhadap dugaan pelanggaran etika aparatur negara.,negatif,0.7989
f43938d5b5fa,Republika,2026-06-01,https://ekonomi.republika.co.id/berita/tfyiym490/harga-telur-anjlok-bgn-instruksikan-sppg-beli-telur-langsung-dari-peternak,"Harga Telur Anjlok, BGN Instruksikan SPPG Beli Telur Langsung dari Peternak |Republika Online","Harga Telur Anjlok, BGN Instruksikan SPPG Beli Telur Langsung dari Peternak |Republika Online. REPUBLIKA.CO.ID, MAGETAN -- Badan Gizi Nasional (BGN) menginstruksikan Satuan Pelayanan Pemenuhan Gizi (SPPG), khususnya yang ada di Kabupaten Magetan, Jawa Timur, untuk membeli telur ayam ras langsung dari peternak. Hal itu guna mendongkrak harga jual telur yang anjlok.",negatif,0.7989
ed1ff741c300,Antara,2026-06-06,https://www.antaranews.com/berita/5597140/wamentan-pastikan-pemerintah-perkuat-sektor-persusuan-nasional,Wamentan pastikan pemerintah perkuat sektor persusuan nasional,"Wamentan pastikan pemerintah perkuat sektor persusuan nasional. KementerianPertanian terus memperkuat sektor persusuan nasional melalui peningkatan populasi sapi perah, produksi susu dalam negeri serta konsumsi susu masyarakat Jakarta (ANTARA) - Wakil Menteri Pertanian (Wamentan) Sudaryono memastikan pemerintah terus memperkuat sektor persusuan nasional melalui peningkatan produksi susu dalam negeri, memperkuat populasi sapi perah, guna memenuhi kebutuhan gizi masyarakat Indonesia. ""Kementerian Pertanian terus memperkuat sektor persusuan nasional melalui peningkatan populasi sapi perah, produksi susu dalam negeri serta konsumsi susu masyarakat,"" kata Sudaryono dalam peringatan Hari Susu Nusantara (HSN) 2026 di Jakarta, Sabtu.",positif,0.7989
996ad3ad72e5,Antara,2026-06-04,https://www.antaranews.com/berita/5593368/politik-prabowo-soal-mbg-hingga-perintah-gibran-ke-siswa-lemhannas,"Politik, Prabowo soal MBG hingga perintah Gibran ke siswa Lemhannas","Politik, Prabowo soal MBG hingga perintah Gibran ke siswa Lemhannas. Jakarta (ANTARA) - Beberapa peristiwa yang berkaitan dengan isu politik atau yang melibatkan tokoh-tokoh politik terjadi sepanjang Rabu (3/6), mulai ragam pernyataan Presiden Prabowo Subianto soal Makan Bergizi Gratis (MBG) hingga Wakil Presiden Gibran Rakabuming Raka yang meminta peserta Pendidikan Pemantapan Pimpinan Nasional (P3N) XXVII dan Pendidikan Penyiapan dan Pemantapan Pimpinan Nasional (P4N) LXIX Lemhannas RI untuk lebih peka terhadap kondisi masyarakat. Berikut rangkaian berita politik yang telah dirangkum ANTARA.",netral,0.7992
f537323e011a,Tempo,2026-06-03,https://www.tempo.co/hukum/icw-minta-jaksa-usut-tuntas-tersangka-korupsi-bgn-2217804,ICW Minta Jaksa Usut Tuntas Tersangka Korupsi BGN,"ICW Minta Jaksa Usut Tuntas Tersangka Korupsi BGN. INDONESIA Corruption Watch (ICW) mendesak Kejaksaan Agung mengusut tuntas kasus dugaan korupsi program Makan Bergizi Gratis (MBG) di Badan Gizi Nasional (BGN) setelah penyidik menetapkan tiga mantan pimpinan BGN sebagai tersangka. Kepala Divisi Advokasi ICW Egi Primayogha mengatakan aparat penegak hukum tidak boleh berhenti pada penetapan tersangka terhadap mantan Kepala BGN Dadan Hindayana serta dua mantan wakilnya, Sony Sonjaya dan Lodewyk Pusung.",netral,0.7992
f99f8a1aad3f,Detik,2026-06-03,https://www.detik.com/sumbagsel/berita/d-8516116/gubernur-bengkulu-berharap-kepala-bgn-baru-tingkatkan-kualitas-mbg,Gubernur Bengkulu Berharap Kepala BGN Baru Tingkatkan Kualitas MBG,"Gubernur Bengkulu Berharap Kepala BGN Baru Tingkatkan Kualitas MBG. Pergantian kepemimpinan di Badan Gizi Nasional (BGN) berpotensi membawa perubahan terhadap sistem kerja maupun pengelolaan anggaran Program Makan Bergizi Gratis (MBG) yang selama ini berjalan di berbagai daerah, termasuk di Provinsi Bengkulu. Perubahan kebijakan di tingkat pusat tersebut diperkirakan akan berdampak pada mekanisme pelaksanaan program hingga pola penganggaran yang menjadi penopang keberlangsungan MBG di daerah.",positif,0.7993
40019583d233,Republika,2026-06-08,https://analisis.republika.co.id/berita/tg9xp9291/tidak-ada-makan-siang-yang-benarbenar-gratis-mbg-dan-keberlanjutan-fiskal-negara,Tidak Ada Makan Siang Yang Benar-Benar Gratis: MBG dan Keberlanjutan Fiskal Negara |Republika Online,"Tidak Ada Makan Siang Yang Benar-Benar Gratis: MBG dan Keberlanjutan Fiskal Negara |Republika Online. REPUBLIKA.CO.ID, Oleh: Mubasyier Fatah (Bendahara Umum Pimpinan Pusat Ikatan Sarjana Nahdlatul Ulama (PP ISNU)) Program Makan Bergizi Gratis (MBG) merupakan salah satu kebijakan paling ambisius dalam sejarah pembangunan sosial Indonesia. Pemerintah menempatkan program ini sebagai instrumen strategis untuk meningkatkan kualitas sumber daya manusia melalui pemenuhan kebutuhan gizi anak-anak sekolah dan kelompok rentan.",negatif,0.7994
568e5c101e36,Liputan6,2026-06-06,https://kesehatan.liputan6.com/info-sehat/read/7730458/kolom-pakar-prof-tjandra-yoga-aditama-gunakan-momentum-untuk-penilaian-dampak-kesehatan-mbg,[Kolom Pakar] Prof Tjandra Yoga Aditama: Gunakan Momentum untuk Penilaian Dampak Kesehatan MBG,"[Kolom Pakar] Prof Tjandra Yoga Aditama: Gunakan Momentum untuk Penilaian Dampak Kesehatan MBG. Liputan6.com, Jakarta - Gonjang-ganjing BGN di hari-hari ini seharusnya dijadikan momentum untuk bekerja jauh lebih baik. Dalam hal ini, kita soroti salah satu aspek pentingnya, yaitu lima hal yang dapat dilakukan untuk menilai dampak kesehatan program MBG.",netral,0.7996
01cc17caa31b,Detik,2026-06-06,https://food.detik.com/info-kuliner/d-8520330/prabowo-tak-anjurkan-telur-dadar-di-menu-mbg-begini-fakta-nutrisinya,"Prabowo Tak Anjurkan Telur Dadar di Menu MBG, Begini Fakta Nutrisinya","Prabowo Tak Anjurkan Telur Dadar di Menu MBG, Begini Fakta Nutrisinya. Dalam pidato terbaru, Presiden Prabowo melarang telur dadar yang biasa dicampur tepung dalam menu MBG karena dianggap tidak bernutrisi. Namun bagaimana dengan telur dadar biasa?",negatif,0.8002
3ca6703dccf3,Liputan6,2026-06-03,https://www.liputan6.com/news/read/7622327/dadan-hindayana-intervensi-ppk-dalam-program-mbg,Dadan Hindayana Intervensi PPK dalam Program MBG,"Dadan Hindayana Intervensi PPK dalam Program MBG. Liputan6.com, Jakarta - Mantan Kepala Badan Gizi Nasional (BGN) Dadan Hindayana (DH) ditahan Kejaksaan Agung (Kejagung). Dia ditahan setelah ditetapkan sebagai tersangka kasus dugaan korupsi tata kelola program Makan Bergizi Gratis (MBG).",netral,0.8004
15b24e2e6f5b,Detik,2026-06-03,https://health.detik.com/berita-detikhealth/d-8515665/dadan-hindayana-buka-suara-usai-dicopot-jadi-kepala-bgn,Dadan Hindayana Buka Suara usai Dicopot Jadi Kepala BGN,"Dadan Hindayana Buka Suara usai Dicopot Jadi Kepala BGN. Dadan Hindayana menyebut pencopotan jabatan dirinya sebagai Kepala Badan Gizi Nasional, menjadi hak sepenuhnya presiden. Ia juga berterima kasih atas kesempatan yang diberikan mengemban amanah Kepala BGN dalam kurang lebih 18 bulan.",netral,0.8013
92510f2595ad,Tribunnews,2026-06-06,https://www.tribunnews.com/nasional/7838913/dadan-cs-jadi-tersangka-korupsi-diler-motor-listrik-mbg-di-daan-mogot-jakbar-tak-beroperasi,"Dadan Cs Jadi Tersangka Korupsi, Diler Motor Listrik MBG di Daan Mogot Jakbar Tak Beroperasi - Tribunnews.com","Dadan Cs Jadi Tersangka Korupsi, Diler Motor Listrik MBG di Daan Mogot Jakbar Tak Beroperasi - Tribunnews.com. Program Makan Bergizi Gratis Dadan Cs Jadi Tersangka Korupsi, Diler Motor Listrik MBG di Daan Mogot Jakbar Tak Beroperasi Diler tersebut tampak tidak beroperasi. Namun, dari sela-sela gerbang biru yang menggunakan pagar lipat terlihat ada seseorang di bagian dalam.",negatif,0.8036
5711b99837d0,Antara,2026-06-03,https://www.antaranews.com/berita/5592976/prabowo-berterima-kasih-kepada-petugas-mbg-di-seluruh-pelosok-negeri,Prabowo berterima kasih kepada petugas MBG di seluruh pelosok negeri,"Prabowo berterima kasih kepada petugas MBG di seluruh pelosok negeri. Jakarta (ANTARA) - Presiden Prabowo Subianto menyampaikan terima kasih secara langsung kepada seluruh petugas program Makan Bergizi Gratis (MBG) yang selama ini bertugas di seluruh pelosok negeri. Apresiasi tersebut disampaikan Prabowo saat menghadiri Konsolidasi Nasional Program MBG yang diinisiasi Badan Gizi Nasional (BGN) di SICC, Bogor, Jawa Barat, Rabu, yang mengusung tema “500 Billion Meals Challenge: Building Indonesia’s Future Generations Through Nutrition – An Inspiring Session”.",positif,0.8063
2b605edca93c,Tempo,2026-06-05,https://www.tempo.co/arsip/penyaluran-duit-mbg-tak-dihentikan-meski-ada-dugaan-korupsi-2252980,Penyaluran Duit MBG Tak Dihentikan Meski Ada Dugaan Korupsi | tempo.co,Penyaluran Duit MBG Tak Dihentikan Meski Ada Dugaan Korupsi | tempo.co. Kepala Badan Gizi Nasional (BGN) Nanik S. Deyangmembantah informasi yang menyebut penyaluran duit program Makan Bergizi Gratis (MBG) dihentikan.,negatif,0.8065
619e4e92eee6,Antara,2026-05-26,https://www.antaranews.com/berita/5583023/bgn-sedikitnya-5-kasus-teridentifikasi-penipuan-jual-beli-titik-sppg,BGN: Sedikitnya 5 kasus teridentifikasi penipuan jual-beli titik SPPG,"BGN: Sedikitnya 5 kasus teridentifikasi penipuan jual-beli titik SPPG. Jakarta (ANTARA) - Badan Gizi Nasional (BGN) mengungkap sedikitnya ada lima kasus yang teridentifikasi penipuan jual-beli titik Satuan Pelayanan Pemenuhan Gizi (SPPG) dalam Program Makan Bergizi Gratis (MBG) dengan nilai kerugian korban mencapai ratusan juta rupiah. Wakil Kepala BGN Sony Sonjaya mengatakan, BGN bekerja sama dengan Kepolisian Negara Republik Indonesia (Polri) terus menyelidiki kasus penipuan tersebut karena jumlah korban diperkirakan lebih banyak dan belum melapor.",negatif,0.8075
7331a8a48f57,Detik,2026-02-21,https://www.detik.com/hikmah/ziswaf/d-8365714/kemenag-ri-tegaskan-zakat-tak-digunakan-untuk-program-mbg,Kemenag RI Tegaskan Zakat Tak Digunakan untuk Program MBG,Kemenag RI Tegaskan Zakat Tak Digunakan untuk Program MBG. Kementerian Agama Republik Indonesia (Kemenag RI) menegaskan penyaluran zakat tidak digunakan untuk program Makan Bergizi Gratis (MBG). Pihaknya memastikan penyaluran zakat dilakukan sesuai ketentuan syariat.,netral,0.8079
c52622fad64c,Tempo,2026-06-03,https://www.tempo.co/politik/komisi-ix-dpr-beri-tiga-catatan-penting-ke-kepala-bgn-baru-2217719,Komisi IX DPR Beri Tiga Catatan Penting ke Kepala BGN Baru,"Komisi IX DPR Beri Tiga Catatan Penting ke Kepala BGN Baru. WAKIL Ketua Komisi IX DPR Yahya Zaini mengatakan, pengangkatan Nanik Sudaryati Deyang menjadi Kepala Badan Gizi Nasional (BGN) oleh Presiden Prabowo Subianto merupakan keputusan yang tepat. Penggantian itu, kata dia, untuk memperbaiki kinerja badan tersebut.",netral,0.8092
478d293c4ea4,Antara,2026-05-26,https://www.antaranews.com/berita/5583133/16-sekolah-rakyat-rintisan-tidak-rekrut-siswa-baru,16 Sekolah Rakyat rintisan tidak rekrut siswa baru,"16 Sekolah Rakyat rintisan tidak rekrut siswa baru. Jakarta (ANTARA) - Kementerian Sosial mengungkapkan sebanyak 16 Sekolah Rakyat (SR) rintisan tidak merekrut siswa atau peserta didik baru selama masa transisi menuju standardisasi bangunan permanen. Menteri Sosial Saifullah Yusuf di Jakarta, Selasa, mengatakan bahwa kebijakan tersebut diambil lantaran lokasi 16 titik sekolah rintisan itu dinilai terlalu jauh dari lokasi Sekolah Rakyat permanen terdekat, sehingga tidak memungkinkan dilakukan skema penitipan siswa.",negatif,0.8104
a9662781c6cc,Tempo,2026-06-03,https://www.tempo.co/hukum/modus-korupsi-mbg-di-bgn-pengaturan-sppg-hingga-mark-up-2217809,Modus Korupsi MBG di BGN: Pengaturan SPPG hingga Mark Up,"Modus Korupsi MBG di BGN: Pengaturan SPPG hingga Mark Up. JAKSA menetapkan mantan Kepala Badan Gizi Nasional (BGN) Dadan Hindayana serta dua mantan wakilnya, Inspektur Jenderal Polisi (Purnawirawan) Sony Sonjaya dan Letnan Jenderal TNI (Purnawirawan) Lodewyk Pusung, sebagai tersangka kasus dugaan korupsi penyimpangan tata kelola program Makan Bergizi Gratis (MBG) periode 2025–2026. Direktur Penyidikan Jaksa Agung Muda Tindak Pidana Khusus Kejaksaan Agung Syarief Sulaiman Nahdi mengatakan para tersangka diduga meloloskan Satuan Pelayanan Pemenuhan Gizi (SPPG) yang sebenarnya tidak memenuhi syarat.",negatif,0.8107
13231f3ba845,Antara,2026-05-25,https://www.antaranews.com/berita/5581368/waka-bgn-sony-sonjaya-bantah-terkena-ott-aph,Waka BGN Sony Sonjaya bantah terkena OTT APH,Waka BGN Sony Sonjaya bantah terkena OTT APH. Jakarta (ANTARA) - Wakil Kepala Badan Gizi Nasional (BGN) Irjen Pol. (Purn) Sony Sonjaya membantah bahwa dirinya terkena operasi tangkap tangan (OTT) oleh aparat penegak hukum (APH).,negatif,0.8108
c3e02060e7df,Tempo,2026-06-07,https://www.tempo.co/hukum/sony-sonjaya-kolaborator-korupsi-mbg-2253342,Apa yang Akan Dibongkar Sony Sonjaya dalam Korupsi MBG,"Apa yang Akan Dibongkar Sony Sonjaya dalam Korupsi MBG. BEBERAPA jam setelah ditetapkan sebagai tersangka, Sony Sonjaya mengunggah selembar surat untuk Kepala Badan Gizi Nasional (BGN) yang baru, Nanik Sudaryati Deyang, di akun Instagram pribadinya. Selain mengucapkan selamat atas pemilihan Nanik, ia berterima kasih atas “hadiah indah” yang diberikan.",negatif,0.8109
761e21a26aef,Suara,2026-06-04,https://www.suara.com/tekno/2026/06/04/204608/7-meme-dadan-bgn-viral-jadi-parodi-dapat-hukuman-netizen-trending-lama-di-x,"7 Meme Dadan BGN Viral Jadi Parodi: Dapat Hukuman Netizen, Trending Lama di X","7 Meme Dadan BGN Viral Jadi Parodi: Dapat Hukuman Netizen, Trending Lama di X. - Meme Dadan BGN viral di X sebagai bentuk hukuman sosial netizen. - Mantan Kepala BGN Dadan Hindayana resmi jadi tersangka korupsi program MBG.",netral,0.8113
134df493fa26,CNN Indonesia,2026-06-07,https://www.cnnindonesia.com/nasional/20260607155917-12-1366364/hasto-pdip-prihatin-kasus-korupsi-mbg-bisa-dicegah-sejak-awal,Hasto PDIP Prihatin Kasus Korupsi MBG: Bisa Dicegah Sejak Awal,Hasto PDIP Prihatin Kasus Korupsi MBG: Bisa Dicegah Sejak Awal. Hasto PDIP Prihatin Kasus Korupsi MBG: Bisa Dicegah Sejak Awal Sekretaris Jenderal PDI Perjuangan Hasto Kristiyanto mengaku prihatin dengan kasus dugaan korupsi tata kelola program Makan Bergizi Gratis (MBG) yang menyeret tiga eks pimpinan Badan Gizi Nasional sebagai tersangka. Hasto mengatakan pihaknya mendukung proses hukum yang dilakukan Kejagung dalam kasus itu.,negatif,0.812
46601b85dacb,Tempo,2026-06-05,https://www.tempo.co/politik/wakil-kepala-bgn-tata-kelola-mbg-masih-lemah-2252983,Wakil Kepala BGN: Tata Kelola MBG Masih Lemah,Wakil Kepala BGN: Tata Kelola MBG Masih Lemah. WAKIL Kepala Badan Gizi Nasional (BGN) Agustina Arumsari mengatakan sistem tata kelola makan bergizi gratis (MBG) selama ini belum terintegrasi dengan baik. Ia juga menuturkan proses validasi data masih lemah.,negatif,0.8132
d8bc38e9309d,Republika,2026-06-05,https://news.republika.co.id/berita/tg4u8f484/kawal-arahan-presiden-ri-ketum-garuda-siap-akselerasi-program-mbg,"Kawal Arahan Presiden RI, Ketum Garuda Siap Akselerasi Program MBG |Republika Online","Kawal Arahan Presiden RI, Ketum Garuda Siap Akselerasi Program MBG |Republika Online. REPUBLIKA.CO.ID, JAKARTA – Gerakan Dapur Indonesia (Garuda) menegaskan komitmen penuhnya dalam mengawal kesiapan operasional program Makan Bergizi Gratis (MBG) di seluruh pelosok Tanah Air. Komitmen itu diperkuat setelah Ketua Umum Garuda, Nofalia Heikal Safar, menghadiri Konsolidasi Nasional Program MBG yang dipimpin Presiden RI di Sentul International Convention Center, Kabupaten Bogor, Jawa Barat, Rabu (3/6/2026).",positif,0.8141
73267a164586,Tempo,2026-06-04,https://www.tempo.co/hukum/jaksa-buka-peluang-periksa-kepala-bgn-nanik-s-deyang-2234664,Jaksa Buka Peluang Periksa Kepala BGN Nanik S. Deyang,Jaksa Buka Peluang Periksa Kepala BGN Nanik S. Deyang. Iklan PENYIDIK Kejaksaan Agung atau Kejagung membuka peluang memeriksa Kepala Badan Gizi Nasional (BGN) Nanik S. Deyang dalam penyidikan kasus dugaan korupsi Program Makan Bergizi Gratis (MBG).,netral,0.8144
4d3a8cf0a243,Republika,2026-06-04,https://news.republika.co.id/berita/tg3x9w368/bgn-lakukan-efisiensi-anggaran-perkuat-tata-kelola-dan-tingkatkan-efektivitas-program-mbg,"BGN Lakukan Efisiensi Anggaran, Perkuat Tata Kelola dan Tingkatkan Efektivitas Program MBG |Republika Online","BGN Lakukan Efisiensi Anggaran, Perkuat Tata Kelola dan Tingkatkan Efektivitas Program MBG |Republika Online. REPUBLIKA.CO.ID, JAKARTA - Badan Gizi Nasional (BGN) menegaskan komitmennya untuk meningkatkan efektivitas pelaksanaan Program Makan Bergizi Gratis (MBG) melalui penguatan tata kelola, efisensi anggaran, penajaman sasaran penerima manfaat, serta optimalisasi pemanfaatan sumber daya yang tersedia. Langkah tersebut dilakukan untuk memastikan program berjalan lebih tepat sasaran, berkelanjutan, dan memberikan manfaat maksimal bagi masyarakat.",positif,0.815
4a790e8c4742,Antara,2026-06-06,https://www.antaranews.com/berita/5596900/mensesneg-pencegahan-korupsi-harus-dimulai-dari-jajaran-pemerintah,Mensesneg: Pencegahan korupsi harus dimulai dari jajaran pemerintah,Mensesneg: Pencegahan korupsi harus dimulai dari jajaran pemerintah. Jakarta (ANTARA) - Menteri Sekretaris Negara Prasetyo Hadi mengingatkan bahwa perlawanan terhadap korupsi merupakan salah satu tugas berat yang harus dimulai dari jajaran pemerintah yang tengah diberi amanat. Prasetyo mengatakan bahwa Presiden Prabowo Subianto sudah berulang kali mengingatkan komitmennya soal pemberantasan korupsi kepada jajarannya.,positif,0.8168
985275ad81a3,Tribunnews,2026-06-06,https://www.tribunnews.com/nasional/7838929/mahfud-md-korupsi-mbg-sudah-lama-diteriakkan-tapi-dibela-pak-prabowo-imbasnya-bgn-luput-dari-hukum,"Mahfud MD: Korupsi MBG Sudah Lama Diteriakkan tapi Dibela Pak Prabowo, Imbasnya BGN Luput dari Hukum - Tribunnews.com","Mahfud MD: Korupsi MBG Sudah Lama Diteriakkan tapi Dibela Pak Prabowo, Imbasnya BGN Luput dari Hukum - Tribunnews.com. Kasus Korupsi di BGN Mahfud MD: Korupsi MBG Sudah Lama Diteriakkan tapi Dibela Pak Prabowo, Imbasnya BGN Luput dari Hukum Mahfud MD menyebut isu korupsi tata kelola MBG di BGN sebenarnya sudah lama diteriakkan masyarakat, tapi selalu dibela Presiden Prabowo Subianto. Ringkasan Berita: - Mahfud MD isu korupsi tata kelola MBG di BGN sebenarnya sudah lama diteriakkan masyarakat, tapi selalu dibela oleh Presiden Prabowo Subianto.",negatif,0.8179
f8e75f1d9241,Detik,2026-06-03,https://health.detik.com/berita-detikhealth/d-8515426/profil-agustina-arumsari-dan-mayjen-tni-trenggono-wakil-kepala-bgn-baru,"Profil Agustina Arumsari dan Mayjen TNI Trenggono, Wakil Kepala BGN Baru","Profil Agustina Arumsari dan Mayjen TNI Trenggono, Wakil Kepala BGN Baru. Melalui Menteri Sekretaris Negara (Mensesneg) Prasetyo Hadi, Presiden Prabowo menunjuk Agustina Arumsari dan Mayjen TNI Trenggono sebagai Wakil Kepala Badan Gizi Nasional (BGN) yang baru. Penunjukan tersebut diharapkan dapat memperkuat tata kelola, utamanya pengawasan dan akuntabilitas keuangan dari pelaksanaan Program Makan Bergizi Gratis (MBG).",netral,0.8184
d3f38c0d998e,Liputan6,2026-06-02,https://berita.liputan6.com/peristiwa/read/7590886/kepala-bgn-diganti-istana-mbg-jalan-terus,"Kepala BGN Diganti, Istana: MBG Jalan Terus","Kepala BGN Diganti, Istana: MBG Jalan Terus. Liputan6.com, Jakarta - Presiden Prabowo Subianto mencopot Dadan Hindayana sebagai Kepala Badan Gizi Nasional (BGN) serta dua Wakil Kepala BGN lainnya yakni, Letjen TNI (Purn) Lodewyk Pusung dan Irjen (Purn) Sony Sanjaya. Pemerintah memastikan pergantian kepemimpinan di BGN tersebut tak akan menganggu pelaksanaan program makan bergizi gratis (MBG).",netral,0.8192
e82d33764d29,Antara,2026-06-02,https://www.antaranews.com/berita/5591084/pemkab-serang-peta-ulang-distribusi-mbg-peluas-jangkauan-ke-daerah-3t,"Pemkab Serang peta ulang distribusi MBG, peluas jangkauan ke daerah 3T","Pemkab Serang peta ulang distribusi MBG, peluas jangkauan ke daerah 3T. Saat ini kami mencatat masih ada sekitar 140.000 calon penerima manfaat dari kalangan sekolah, pesantren, hingga kelompok rentan yang belum terjangkau program ini secara maksimal Serang (ANTARA) - Pemerintah Kabupaten (Pemkab) Serang, Provinsi Banten, tengah melakukan pemetaan ulang dan menyusun strategi distribusi agar Program Makan Bergizi Gratis (MBG) dapat menjangkau masyarakat di wilayah Tertinggal, Terdepan, dan Terluar (3T), termasuk kawasan kepulauan. Wakil Bupati (Wabup) Serang Muhammad Najib Hamas di Serang, Selasa, menyampaikan penyebaran Satuan Pelayanan Pemenuhan Gizi (SPPG) atau dapur MBG saat ini masih terpusat di wilayah perkotaan di tingkat kecamatan.",positif,0.82
f057df16b80a,Republika,2026-05-26,https://ekonomi.republika.co.id/berita/tfndvd416/apgi-3t-sebut-mbg-di-wilayah-terpencil-butuh-strategi-khusus,APGI 3T Sebut MBG di Wilayah Terpencil Butuh Strategi Khusus |Republika Online,"APGI 3T Sebut MBG di Wilayah Terpencil Butuh Strategi Khusus |Republika Online. REPUBLIKA.CO.ID, JAKARTA – Pelaksanaan program Makan Bergizi Gratis (MBG) di wilayah tertinggal, terluar dan terdepan (3T) dinilai masih menghadapi berbagai hambatan distribusi dan operasional. Kondisi tersebut membuat pemerataan akses pangan bergizi di daerah terpencil membutuhkan penguatan sistem distribusi dan pengelolaan yang lebih terintegrasi.",netral,0.822
2c3e6bd46118,Detik,2026-06-03,https://news.detik.com/foto-news/d-8515809/potret-dadan-hindayana-pernah-usul-menu-serangga-hingga-dicopot-dari-bgn,"Potret Dadan Hindayana, Pernah Usul Menu Serangga hingga Dicopot dari BGN","Potret Dadan Hindayana, Pernah Usul Menu Serangga hingga Dicopot dari BGN. Jakarta - Nama Dadan Hindayana kembali menjadi sorotan usai dicopot dari jabatan Kepala Badan Gizi Nasional. Selama menjabat, Dadan menuai banyak kontroversi.",netral,0.8223
5a1397bcbe8c,Liputan6,2026-06-02,https://www.liputan6.com/regional/read/7590507/daftar-belasan-sppg-di-rembang-dihentikan-sementara,Daftar Belasan SPPG di Rembang Dihentikan Sementara,"Daftar Belasan SPPG di Rembang Dihentikan Sementara. Liputan6.com, Jakarta - Badan Gizi Nasional (BGN) menghentikan sementara operasional 11 dapur satuan pelayanan pemenuhan gizi (SPPG) di Kabupaten Rembang, Jawa Tengah, karena belum memiliki instalasi pengelolaan limbah (IPAL). ""Iya betul.",negatif,0.8244
1cda7b8c9110,Kompas,2026-06-05,https://nasional.kompas.com/read/2026/06/05/16463971/dorongan-reformasi-total-tata-kelola-program-mbg,Dorongan Reformasi Total Tata Kelola Program MBG,"Dorongan Reformasi Total Tata Kelola Program MBG. Baca berita tanpa iklan. Gabung Kompas.com+ Kompas.com, 5 Juni 2026, 16:46 WIB Nawir Arsyad Akbar Penulis JAKARTA, KOMPAS.com - Ekonom Universitas Paramadina sekaligus Ketua DPP Partai Keadilan Sejahtera (PKS), Handi Risza menilai pergantian kepemimpinan Badan Gizi Nasional (BGN) harus menjadi momen evaluasi total terhadap pelaksanaan program Makan Bergizi Gratis (MBG).",netral,0.8245
0c2a1bbedd3b,Antara,2026-05-26,https://www.antaranews.com/berita/5583189/bgn-dasbor-reviu-menu-mbg-dapat-diakses-publik-per-juni-2026,"BGN: Dasbor ""Reviu Menu MBG"" dapat diakses publik per Juni 2026","BGN: Dasbor ""Reviu Menu MBG"" dapat diakses publik per Juni 2026. Jakarta (ANTARA) - Wakil Kepala Badan Gizi Nasional (BGN) Sony Sonjaya mengatakan dasbor aplikasi ""Reviu Menu MBG"" dapat mulai diakses publik per Juni 2026 atau maksimal dua pekan ke depan guna meningkatkan transparansi pelaksanaan program Makan Bergizi Gratis. Melalui dasbor tersebut, masyarakat nantinya bisa memantau penilaian terhadap kinerja Satuan Pelayanan Pemenuhan Gizi (SPPG), mulai dari ketepatan waktu distribusi hingga kualitas makanan yang diterima penerima manfaat.",positif,0.8246
4dd98e9e4895,CNN Indonesia,2026-03-01,https://www.cnnindonesia.com/ekonomi/20260301160451-96-1333077/hitung-hitungan-insentif-dapur-mbg-rp6-juta-per-hari,Hitung-hitungan Insentif Dapur MBG Rp6 Juta per Hari,"Hitung-hitungan Insentif Dapur MBG Rp6 Juta per Hari. EKOPEDIA Hitung-hitungan Insentif Dapur MBG Rp6 Juta per Hari agm | CNN Indonesia Minggu, 01 Mar 2026 16:25 WIB Jakarta, CNN Indonesia -- source on Google Badan Gizi Nasional (BGN) memberikan insentif Rp6 juta per hari untuk setiap Satuan Pelayanan Pemenuhan Gizi (SPPG) alias dapur Makan Bergizi Gratis (MBG) Add as a preferredsource on Google",netral,0.8256
a0561a66619c,Detik,2026-06-05,https://www.detik.com/kalimantan/berita/d-8518792/pengakuan-subkontraktor-dapur-mbg-di-bulungan-rugi-banyak-hingga-gadai-emas,Pengakuan Subkontraktor Dapur MBG di Bulungan Rugi Banyak hingga Gadai Emas,"Pengakuan Subkontraktor Dapur MBG di Bulungan Rugi Banyak hingga Gadai Emas. Sengkarut proyek pembangunan fasilitas dapur program Makan Bergizi Gratis (MBG) di Kalimantan Utara (Kaltara) kian meluas. Setelah sebelumnya program nasional itu dilaporkan mandek di wilayah Krayan Raya Kabupaten Nunukan, kini hal serupa mencuat di Kabupaten Bulungan.",negatif,0.8264
0212343e5a4a,Detik,2026-05-20,https://www.detik.com/edu/edutainment/d-8496874/rencana-awal-rp-335-t-prabowo-bakal-pangkas-anggaran-mbg-jadi-rp-268-t,"Rencana Awal Rp 335 T, Prabowo Bakal Pangkas Anggaran MBG Jadi Rp 268 T","Rencana Awal Rp 335 T, Prabowo Bakal Pangkas Anggaran MBG Jadi Rp 268 T. Presiden Prabowo Subianto menginstruksikan perbaikan manajemen Makan Bergizi Gratis (MBG). Dalam hal anggaran, Prabowo meminta agar anggaran MBG dipangkas.",netral,0.8265
f77065b4d6b6,Antara,2026-06-01,https://www.antaranews.com/berita/5589416/dpn-usulkan-peternakan-sapi-perah-masuk-prioritas-swasembada-pangan,DPN usulkan peternakan sapi perah masuk prioritas swasembada pangan,"DPN usulkan peternakan sapi perah masuk prioritas swasembada pangan. Jakarta (ANTARA) - Dewan Persusuan Nasional (DPN) mengusulkan kepada pemerintah untuk menetapkan usaha peternakan sapi perah, khususnya peternakan sapi perah rakyat, menjadi bagian yang diprioritaskan dalam program swasembada pangan. Ketua DPN Teguh Boediyana menyatakan sudah 18 tahun Hari Susu Nusantara (HSN) diperingati sejak ditetapkan pada 2008, yang mana salah satu tujuan penetapan HSN tanggal 1 Juni antara lain mendorong pertumbuhan peternakan sapi perah rakyat dan meningkatkan konsumsi susu segar.",positif,0.8266
d20fbb86871e,Antara,2026-05-25,https://www.antaranews.com/berita/5582195/ketua-den-sebut-govtech-dapat-bantu-tingkatkan-efisiensi-mbg,"Ketua DEN sebut ""govtech"" dapat bantu tingkatkan efisiensi MBG","Ketua DEN sebut ""govtech"" dapat bantu tingkatkan efisiensi MBG. Misalnya, pelaksanaan MBG dengan data yang ada akan bisa dilihat daerah mana yang membutuhkan, daerah mana yang masih bisa dijadikan prioritas kedua, begitu pun yang lain Jakarta (ANTARA) - Ketua Dewan Ekonomi Nasional (DEN) Luhut Binsar Pandjaitan menyatakan implementasi government technology (govtech) dapat membantu meningkatkan efisiensi tata kelola pelaksanaan Program Makan Bergizi Gratis (MBG). Saat ini pihaknya sedang mengembangkan govtech tersebut sebagai ekosistem digital untuk integrasi data kementerian dan lembaga pemerintah yang dapat digunakan dalam pengawasan dan evaluasi berbagai program pemerintah.",positif,0.8269
bc22df565d76,Antara,2026-05-30,https://www.antaranews.com/berita/5587408/kemarin-dapur-mbg-lolos-verifikasi-29400-hingga-bbm-subsidi-tak-naik,"Kemarin, dapur MBG lolos verifikasi 29.400 hingga BBM subsidi tak naik","Kemarin, dapur MBG lolos verifikasi 29.400 hingga BBM subsidi tak naik. Untuk kenaikan harga BBM yang untuk subsidi, ini kan sudah disampaikan tidak naik hingga akhir tahun Jakarta (ANTARA) - Berbagai peristiwa ekonomi diberitakan Kantor Berita ANTARA pada Jumat (29/05), mulai dari jumlah dapur Makan Bergizi Gratis (MBG) yang lolos verifikasi secara nasional sebagai mitra sebanyak 29.400 hingga harga bahan bakar minyak (BBM) bersubsidi tidak naik meski kurs rupiah tembus Rp17.877 per dolar AS. Berikut rangkuman berita ekonomi kemarin yang layak disimak PADA Sabtu ini.",positif,0.827
c9610f378841,Suara,2026-06-04,https://www.suara.com/video/2026/06/04/134858/usai-copot-dadan-dari-kepala-bgn-prabowo-urusan-makan-paling-gampang-dikorupsi,"Usai Copot Dadan dari Kepala BGN, Prabowo: Urusan Makan Paling Gampang Dikorupsi","Usai Copot Dadan dari Kepala BGN, Prabowo: Urusan Makan Paling Gampang Dikorupsi. Suara.com - Bersamaan dengan ditahannya mantan Kepala BGN Dadan Hindayana oleh Kejaksaan Agung (Kejagung), Presiden Prabowo Subianto berkesempatan berpidato dalam acara konsolidasi program Makan Bergizi Gratis (MBG) bertajuk 'Building Indonesia's Future Generations Through Nutrition' di Sentul International Convention Center (SICC), Kabupaten Bogor, Jawa Barat, Rabu (4/6/2026). Dalam pidatonya, Prabowo menyampaikan bahwa urusan makan itu bersifat sakral.",netral,0.8279
2374472d0b05,Tempo,2026-06-07,https://www.tempo.co/hukum/kepala-bgn-nanik-deyang-yayasan-mbg-2253340,Nanik Deyang: Cek Saja Apa Ada Aliran Uang ke Saya,"Nanik Deyang: Cek Saja Apa Ada Aliran Uang ke Saya. SAAT Presiden Prabowo Subianto mencopot Kepala Badan Gizi Nasional (BGN) Dadan Hindayana serta dua wakilnya, Sony Sonjaya dan Lodewyk Pusung, Nanik Sudaryati Deyang yang masih menjabat Wakil Kepala BGN sedang berada di Surabaya, Jawa Timur. Pada Selasa malam, 2 Juni 2026, itu, ia menyatakan tak mengetahui perihal pencopotan Dadan, Sony, dan Lodewyk.",netral,0.8284
b1739a61dba9,Antara,2026-06-02,https://www.antaranews.com/berita/5590697/prabowo-cek-kebersihan-dan-keamanan-pangan-dapur-mbg-di-palmerah,Prabowo cek kebersihan dan keamanan pangan dapur MBG di Palmerah,"Prabowo cek kebersihan dan keamanan pangan dapur MBG di Palmerah. Jakarta (ANTARA) - Presiden Prabowo Subianto mengecek kebersihan dan keamanan pangan yang diproduksi oleh dapur makan bergizi gratis (MBG) dari Satuan Pelayanan Pemenuhan Gizi (SPPG) Palmerah, Jakarta, Selasa. Pengecekan itu untuk memastikan operasional dapur hingga distribusinya berjalan sesuai standar.",netral,0.8289
e3422981ea39,Detik,2026-06-06,https://oto.detik.com/motor/d-8520208/motor-mbg-bangun-banyak-dealer-50-nya-di-papua,"Motor MBG Bangun Banyak Dealer, 50%-nya di Papua!","Motor MBG Bangun Banyak Dealer, 50%-nya di Papua!. Masih ingat EMMO? Brand motor listrik yang produknya dipakai untuk kendaraan operasional Makan Bergizi Gratis (MBG).",netral,0.829
316cf13010b0,Detik,2026-06-04,https://health.detik.com/berita-detikhealth/d-8517124/tegaskan-lagi-tujuan-mbg-prabowo-singgung-anak-berangkat-sekolah-tak-sarapan,"Tegaskan Lagi Tujuan MBG, Prabowo Singgung Anak Berangkat Sekolah Tak Sarapan","Tegaskan Lagi Tujuan MBG, Prabowo Singgung Anak Berangkat Sekolah Tak Sarapan. Presiden Prabowo Subianto menjelaskan kembali tujuan awal dijalankannya program Makan Bergizi Gratis (MBG) kepada para mitra Satuan Pelayanan Pemenuhan Gizi (SPPG). Selain untuk memberi makan, MBG disebut memiliki tujuan jangka panjang memaksimalkan potensi anak melalui penyeimbangan gizi.",netral,0.8297
d2406d7051c3,Antara,2026-06-03,https://www.antaranews.com/berita/5592369/mendukbangga-tinjau-sppg-pastikan-layanan-gizi-optimal-di-aceh,Mendukbangga tinjau SPPG pastikan layanan gizi optimal di Aceh,"Mendukbangga tinjau SPPG pastikan layanan gizi optimal di Aceh. Banda Aceh (ANTARA) - Menteri Kependudukan dan Pembangunan Keluarga (Mendukbangga)/Kepala Badan Kependudukan dan Keluarga Berencana Nasional (BKKBN) RI Wihaji meninjau Satuan Pelayanan Pemenuhan Gizi (SPPG) di Kabupaten Aceh Tenggara guna memastikan layanan gizi berjalan optimal. Kepala Perwakilan BKKBN Aceh Safrina Salim di Aceh Tenggara, Rabu, mengatakan SPPG yang dikunjungi dan ditinjau Mendukbangga, yakni SPPG Pulonas 02 di Kecamatan Babussalam, Kabupaten Aceh Tenggara.",netral,0.8297
32d22516c7ce,Suara,2026-05-22,https://www.suara.com/video/2026/05/22/180923/idai-kritik-susu-formula-di-program-mbg-pangan-lokal-lebih-efektif,"IDAI Kritik Susu Formula di Program MBG, Pangan Lokal Lebih Efektif","IDAI Kritik Susu Formula di Program MBG, Pangan Lokal Lebih Efektif. Suara.com - Program Makan Bergizi Gratis (MBG) kembali jadi sorotan setelah Ikatan Dokter Anak Indonesia meminta pemerintah mengkaji ulang penggunaan susu formula. Menurut IDAI, pangan lokal seperti telur, ikan, ayam, dan daging justru dinilai lebih efektif untuk mencegah stunting pada anak.",negatif,0.8301
013d8adb69ce,Antara,2026-05-29,https://www.antaranews.com/berita/5587057/kementan-dorong-investasi-vaksin-dan-obat-hewan-perkuat-peternakan-ri,Kementan dorong investasi vaksin dan obat hewan perkuat peternakan RI,"Kementan dorong investasi vaksin dan obat hewan perkuat peternakan RI. Kementerian Pertanian terus memperkuat kemandirian subsektor peternakan nasional melalui pengembangan industri vaksin dan obat hewan dalam negeri Jakarta (ANTARA) - Kementerian Pertanian (Kementan) mendorong investasi vaksin dan obat hewan guna memperkuat industri peternakan nasional, menjaga kesehatan ternak, meningkatkan produksi, serta mendukung ketahanan pangan Indonesia berkelanjutan. ""Kementerian Pertanian terus memperkuat kemandirian subsektor peternakan nasional melalui pengembangan industri vaksin dan obat hewan dalam negeri,"" kata Direktur Jenderal Peternakan dan Kesehatan Hewan Kementan Agung Suganda dalam keterangan di Jakarta, Jumat.",positif,0.8304
d4b79dd77c42,Liputan6,2026-06-03,https://www.liputan6.com/news/read/7628440/gerak-cepat-kejagung-tetapkan-tiga-eks-pimpinan-bgn-tersangka-korupsi,Gerak Cepat Kejagung Tetapkan Tiga Eks Pimpinan BGN Tersangka Korupsi,"Gerak Cepat Kejagung Tetapkan Tiga Eks Pimpinan BGN Tersangka Korupsi. Liputan6.com, Jakarta - Kejaksaan Agung (Kejagung) melakukan penyelidikan sejak seminggu sebelum menetapkan tiga mantan pimpinan Badan Gizi Nasional (BGN) sebagai tersangka. ""Lidiknya sekitar satu minggu.",negatif,0.8311
32a22d872309,Tribunnews,2026-06-06,https://www.tribunnews.com/nasional/7838936/kepala-bgn-jadi-tersangka-pegawai-perusahaan-pemenang-tender-motor-mbg-bekerja-seperti-biasa,"Kepala BGN Jadi Tersangka, Pegawai Perusahaan Pemenang Tender Motor MBG Bekerja Seperti Biasa - Tribunnews.com","Kepala BGN Jadi Tersangka, Pegawai Perusahaan Pemenang Tender Motor MBG Bekerja Seperti Biasa - Tribunnews.com. Kasus Korupsi di BGN Kepala BGN Jadi Tersangka, Pegawai Perusahaan Pemenang Tender Motor MBG Bekerja Seperti Biasa Para pegawai tampak mengenakan pakaian yang di bagian punggungnya tertulis nama perusahaan tempat mereka bekerja itu. Ringkasan Berita: - PT Yasa Artha Trimanunggal tetap beroperasi meski kasus korupsi program MBG sedang diselidiki.",negatif,0.8325
7ebb0a26ddbb,CNN Indonesia,2026-06-07,https://www.cnnindonesia.com/nasional/20260607164046-20-1366374/prabowo-lahap-santap-mbg-bareng-pelajar-sekolah-rakyat-di-bali,Prabowo Lahap Santap MBG Bareng Pelajar Sekolah Rakyat di Bali,"Prabowo Lahap Santap MBG Bareng Pelajar Sekolah Rakyat di Bali. Prabowo Lahap Santap MBG Bareng Pelajar Sekolah Rakyat di Bali Presiden Prabowo Subianto menikmati makan siang dengan menu spesial Makan Bergizi Gratis (MBG) bersama para siswa Sekolah Rakyat Menengah Pertama (SRMP) 17 Tabanan, Bali saat meninjau sekolah tersebut pada Minggu (7/6). Berdasar keterangan Badan Komunikasi Pemerintah (Bakom) RI diterima di Jakarta, momen tersebut terjadi usai Presiden memberikan arahan di hadapan para pelajar dan orang tua murid SRMP 17 Tabanan, Bali.",netral,0.8326
3dfdbcaf8c3b,Tribunnews,2026-06-06,https://www.tribunnews.com/nasional/7838753/pengamat-cap-program-mbg-bagian-dari-proyek-bukan-kebijakan-awal-awal-pakai-dana-pribadi-prabowo,"Pengamat Cap Program MBG Bagian dari Proyek, Bukan Kebijakan: Awal-awal Pakai Dana Pribadi Prabowo - Tribunnews.com","Pengamat Cap Program MBG Bagian dari Proyek, Bukan Kebijakan: Awal-awal Pakai Dana Pribadi Prabowo - Tribunnews.com. Program Makan Bergizi Gratis Pengamat Cap Program MBG Bagian dari Proyek, Bukan Kebijakan: Awal-awal Pakai Dana Pribadi Prabowo Menurut Bivitri, fakta tentang penggunaan dana pribadi Prabowo dalam program MBG itu mencerminkan perencanaan yang kurang matang atau sangat kacau. Ringkasan Berita: - Karena penggunaan dana pribadi Prabowo itulah, Bivitri menilai program tersebut lebih menyerupai proyek daripada kebijakan.",negatif,0.8331
918fdeee0982,Suara,2026-06-07,https://www.suara.com/news/2026/06/07/160712/abaikan-aspirasi-rakyat-berujung-korupsi-pdip-kasus-bgn-harusnya-bisa-dicegah-sejak-awal,"Abaikan Aspirasi Rakyat Berujung Korupsi, PDIP: Kasus BGN Harusnya Bisa Dicegah Sejak Awal!","Abaikan Aspirasi Rakyat Berujung Korupsi, PDIP: Kasus BGN Harusnya Bisa Dicegah Sejak Awal!. - Kejaksaan Agung menetapkan mantan petinggi Badan Gizi Nasional sebagai tersangka kasus korupsi pengadaan barang program Makan Bergizi Gratis. - Tersangka diduga melakukan intervensi proyek serta menyalahgunakan yayasan terafiliasi untuk memperoleh insentif miliaran rupiah setiap harinya.",negatif,0.8332
787c45171fdd,Tempo,2026-06-03,https://www.tempo.co/politik/respons-istana-soal-jaksa-geledah-bgn-setelah-dadan-dicopot-2217776,Respons Istana soal Jaksa Geledah BGN Setelah Dadan Dicopot,"Respons Istana soal Jaksa Geledah BGN Setelah Dadan Dicopot. MENTERI Sekretaris Negara Prasetyo Hadi buka suara ihwal penggeledahan kantor Badan Gizi Nasional atau BGN di bilangan Kebon Sirih, Jakarta Pusat, hanya beberapa jam setelah tiga petinggi di lembaga yang mengurus proyek makan bergizi gratis atau MBG itu dicopot dari jabatannya. Pada Selasa malam, 2 Juni 2026, Presiden Prabowo Subianto memutuskan mencopot Dadan Hindayana dari posisi Kepala BGN sekaligus mengangkat Nanik Sudaryati Deyang sebagai penggantinya.",netral,0.8344
56c29a669948,Republika,2026-05-27,https://news.republika.co.id/berita/tfn2o5320/mbg-dan-tata-kelola-sda-ambar-sebut-danantara-bisa-jadi-kunci-perkuat-apbn,"MBG dan Tata Kelola SDA, Ambar Sebut Danantara Bisa Jadi Kunci Perkuat APBN |Republika Online","MBG dan Tata Kelola SDA, Ambar Sebut Danantara Bisa Jadi Kunci Perkuat APBN |Republika Online. REPUBLIKA.CO.ID, JAKARTA — Wacana penataan ulang tata kelola ekspor sumber daya alam (SDA) melalui penunjukan PT Danantara Sumber Daya Indonesia mulai mendapat dukungan dari berbagai kalangan. Kebijakan yang digagas pemerintahan Presiden Prabowo Subianto itu dinilai bukan sekadar langkah administratif, melainkan upaya strategis untuk menutup kebocoran penerimaan negara dan memperkuat pembiayaan program-program sosial nasional.",positif,0.8358
f8c6bfda0c22,Liputan6,2026-06-02,https://berita.liputan6.com/peristiwa/read/7589628/prabowo-angkat-nanik-s-deyang-jadi-kepala-bgn,Prabowo Angkat Nanik S Deyang jadi Kepala BGN,"Prabowo Angkat Nanik S Deyang jadi Kepala BGN. Liputan6.com, Jakarta - Presiden Prabowo Subianto mengangkat Nanik Sudaryati Deyang sebagai Kepala Badan Gizi Nasional (BGN) yang baru, menggantikan Dadan Hindayana. Keputusan presiden dibacakan oleh Menteri Sekretaris Negara Prasetyo Hadi.",netral,0.8361
81ac7a722a92,Suara,2026-06-05,https://www.suara.com/news/2026/06/05/152615/maki-ungkap-setidaknya-ada-1-lagi-tersangka-korupsi-mbg-dia-pejabat-bgn-punya-20-sppg,MAKI Ungkap Setidaknya Ada 1 Lagi Tersangka Korupsi MBG: Dia Pejabat BGN Punya 20 SPPG,MAKI Ungkap Setidaknya Ada 1 Lagi Tersangka Korupsi MBG: Dia Pejabat BGN Punya 20 SPPG. - MAKI mendesak Kejaksaan Agung mengembangkan penyidikan kasus korupsi tata kelola Makan Bergizi Gratis di Badan Gizi Nasional. - Boyamin Saiman menduga terdapat oknum pejabat eselon satu Badan Gizi Nasional yang terlibat kepemilikan dua puluh dapur umum.,negatif,0.8371
34b2410f8d3b,Liputan6,2026-06-02,https://berita.liputan6.com/peristiwa/read/7590636/komposisi-pimpinan-bgn-nanik-s-deyang-didampingi-dua-wakil-baru,"Komposisi Pimpinan BGN, Nanik S Deyang Didampingi Dua Wakil Baru","Komposisi Pimpinan BGN, Nanik S Deyang Didampingi Dua Wakil Baru. Liputan6.com, Jakarta - Susunan pimpinan Badan Gizi Nasional (BGN) mengalami perubahan. Nanik S Deyang yang sebelumnya menjabat sebagai Wakil Kepala, telah ditetapkan sebagai pimpinan tertinggai lembaga yang bertanggung jawab pada program makan bergizi gratis (MBG) itu.",netral,0.8381
270562930459,Antara,2026-06-02,https://www.antaranews.com/berita/5591605/profil-mayjen-trenggono-yang-jadi-waka-bgn-baru,Profil Mayjen Trenggono yang jadi Waka BGN baru,"Profil Mayjen Trenggono yang jadi Waka BGN baru. keputusan pergantian pimpinan BGN tersebut diambil Presiden setelah melakukan pemantauan dan evaluasi terhadap kinerja lembaga itu selama kurang lebih 1,5 tahun. Jakarta (ANTARA) - Presiden Prabowo Subianto mengangkat Mayor Jenderal TNI Trenggono sebagai Wakil Kepala Badan Gizi Nasional (BGN), menggantikan Sony Sanjaya, pada Selasa.",netral,0.8384
0e68c5f33f4b,Antara,2026-06-04,https://www.antaranews.com/berita/5594041/anggota-dpr-pejabat-bgn-baru-harus-bangun-sistem-mbg-antikorupsi,Anggota DPR: Pejabat BGN baru harus bangun sistem MBG antikorupsi,"Anggota DPR: Pejabat BGN baru harus bangun sistem MBG antikorupsi. Jakarta (ANTARA) - Anggota Komisi III DPR RI Abdullah meminta pejabat Badan Gizi Nasional (BGN) yang baru untuk membangun sistem penyelenggaraan tata kelola program Makan Bergizi Gratis (MBG) antikorupsi sebagai prioritas setelah mantan pejabat BGN ditetapkan sebagai tersangka kasus dugaan korupsi. Menurut dia, pemberantasan praktik korupsi di BGN tidak boleh berhenti hanya pada penetapan dan penangkapan sejumlah tersangka.",netral,0.8391
d08817c3a786,Detik,2026-06-07,https://www.detik.com/jatim/berita/d-8521558/pakar-sarankan-program-mbg-ditunda-usai-dadan-cs-jadi-tersangka,Pakar Sarankan Program MBG Ditunda Usai Dadan Cs Jadi Tersangka,"Pakar Sarankan Program MBG Ditunda Usai Dadan Cs Jadi Tersangka. Pakar Hukum Universitas Muhammadiyah Surabaya (UM Surabaya), Satria Unggul Wicaksana, menyampaikan sejumlah catatan setelah mantan Kepala Badan Gizi Nasional (BGN), Dadan Hindayana, ditetapkan sebagai tersangka. Salah satu usulannya adalah menunda pelaksanaan Program Makan Bergizi Gratis (MBG) hingga dilakukan evaluasi menyeluruh.",negatif,0.8393
9837aef2c438,Liputan6,2026-06-05,https://www.liputan6.com/news/read/7689041/dpr-ungkap-bgn-tak-pernah-konsultasi-pengadaan-motor-hingga-sepatu,DPR Ungkap BGN Tak Pernah Konsultasi Pengadaan Motor hingga Sepatu,"DPR Ungkap BGN Tak Pernah Konsultasi Pengadaan Motor hingga Sepatu. Liputan6.com, Jakarta - Anggota Komisi IX DPR RI Irma Suryani Chaniago menyoroti kasus dugaan korupsi yang menyeret para pimpinan Badan Gizi Nasional (BGN). Irma menegaskan Komisi IX tidak mengetahui adanya pengadaan motor listrik, tablet, maupun sejumlah barang lainnya yang kini menjadi sorotan.",negatif,0.8394
c29865346d62,Kompas,2026-06-06,https://surabaya.kompas.com/read/2026/06/06/153829578/korwil-bgn-pamekasan-diperiksa-10-jam-polisi-selidiki-4-dugaan-pelanggaran,"Korwil BGN Pamekasan Diperiksa 10 Jam, Polisi Selidiki 4 Dugaan Pelanggaran","Korwil BGN Pamekasan Diperiksa 10 Jam, Polisi Selidiki 4 Dugaan Pelanggaran. Baca berita tanpa iklan. Gabung Kompas.com+ Kompas.com, 6 Juni 2026, 15:38 WIB Intan Maharani Penulis PAMEKASAN, KOMPAS.com - Koordinator Wilayah (Korwil) Badan Gizi Nasional (BGN) Pamekasan, Jawa Timur, Hariyanto Rahmansyah Tri Arif, menjalani pemeriksaan selama sekitar 10 jam di Polres Pamekasan, Jumat (5/6/2026).",negatif,0.8402
098b3990d1f7,Antara,2026-05-25,https://www.antaranews.com/berita/5581049/bgn-luncurkan-aplikasi-reviu-menu-mbg-untuk-guru-nilai-kualitas-mbg,BGN luncurkan aplikasi Reviu Menu MBG untuk guru nilai kualitas MBG,BGN luncurkan aplikasi Reviu Menu MBG untuk guru nilai kualitas MBG. Aplikasi ini dikembangkan agar penerima manfaat ikut terlibat dalam pengawasan kualitas MBG. Dengan demikian Kepala SPPG dan seluruh mitra semakin serius menjaga kualitas makanan yang didistribusikan Jakarta (ANTARA) - Badan Gizi Nasional (BGN) meluncurkan aplikasi Reviu Menu Makan Bergizi Gratis (MBG) yang memfasilitasi guru hingga kepala posyandu untuk menilai kualitas makanan yang disajikan kepada penerima manfaat.,positif,0.8411
86dea4fa3462,Suara,2026-06-04,https://www.suara.com/bisnis/2026/06/04/084148/bukan-cuma-soal-gizi-prabowo-ungkap-dampak-ekonomi-dahsyat-kalau-mbg-berjalan-benar,"Bukan Cuma soal Gizi, Prabowo Ungkap Dampak Ekonomi Dahsyat Kalau MBG Berjalan Benar","Bukan Cuma soal Gizi, Prabowo Ungkap Dampak Ekonomi Dahsyat Kalau MBG Berjalan Benar. - Presiden Prabowo meluncurkan program Makan Bergizi Gratis di Bogor untuk meningkatkan kualitas gizi anak serta sumber daya manusia. - Program ini bertujuan mengatasi stunting dan hambatan pendidikan akibat kurangnya asupan nutrisi yang layak bagi anak-anak Indonesia.",positif,0.844
d6104b21ca71,Tempo,2026-04-08,https://www.tempo.co/kolom/mbg-dan-segala-dilemanya-2127357,Ilusi Kebijakan MBG: Stop atau Lanjut?,"Ilusi Kebijakan MBG: Stop atau Lanjut?. Tampilkan Ringkasan Artikel DI tengah tekanan ekonomi global yang berdampak pada Anggaran Pendapatan dan Belanja Negara, Presiden Prabowo Subianto tetap melanjutkan proyek makan bergizi gratis atau MBG. Berlangganan Tempo+ untuk membaca cerita lengkapnyaSudah Berlangganan?",netral,0.8442
3f66614f94e2,Suara,2026-06-05,https://www.suara.com/video/2026/06/05/200500/mensesneg-ungkap-alasan-pemerintah-tunjuk-nanik-deyang-jadi-kepala-bgn,Mensesneg Ungkap Alasan Pemerintah Tunjuk Nanik Deyang Jadi Kepala BGN,"Mensesneg Ungkap Alasan Pemerintah Tunjuk Nanik Deyang Jadi Kepala BGN. Suara.com - Pemerintah menunjuk Nanik S Deyang sebagai pimpinan Badan Gizi Nasional (BGN) menggantikan Dadan Hindayana. Dijumpai di Istana Kepresidenan Jakarta, Kamis (4/6), Menteri Sekretaris Negara (Mensesneg) Prasetyo Hadi mengungkapkan alasan pemerintah menunjuk Nanik untuk menjadi pucuk pimpinan lembaga yang mengurus program Makan Bergizi Gratis (MBG) tersebut.",netral,0.8445
af2fdb9b7e18,Detik,2026-06-04,https://finance.detik.com/berita-ekonomi-bisnis/d-8516782/menanti-perbaikan-tata-kelola-mbg-usai-dadan-dicopot,Menanti Perbaikan Tata Kelola MBG Usai Dadan Dicopot,"Menanti Perbaikan Tata Kelola MBG Usai Dadan Dicopot. Kantor Badan Gizi Nasional (BGN) digeledah Kejaksaan Agung kemarin. Penggeledahan ini dilakukan tak lama setelah pemerintah mengumumkan pergantian pimpinan BGN, termasuk dicopotnya Dadan Hindayana dari pucuk kepemimpinan BGN.",negatif,0.8446
e1bb79af8da7,Liputan6,2026-06-03,https://berita.liputan6.com/peristiwa/read/7624380/ada-pesan-sang-ayah-di-balik-keputusan-prabowo-copot-3-pimpinan-bgn,Ada Pesan Sang Ayah di Balik Keputusan Prabowo Copot 3 Pimpinan BGN,"Ada Pesan Sang Ayah di Balik Keputusan Prabowo Copot 3 Pimpinan BGN. Liputan6.com, Jakarta - Presiden Prabowo Subianto angkat bicara terkait alasannya mencopot tiga pimpinan Badan Gizi Nasional (BGN). Menurut Prabowo, keputusan tersebut diambil setelah dirinya menerima berbagai laporan mengenai adanya kekurangan, kejanggalan, hingga indikasi penyelewengan dalam pelaksanaan program.",netral,0.8447
d7918f43f906,Antara,2026-05-26,https://www.antaranews.com/berita/5583028/wamendukbangga-naik-motor-distribusikan-mbg-3b-di-tanjungpinang,Wamendukbangga naik motor distribusikan MBG 3B di Tanjungpinang,"Wamendukbangga naik motor distribusikan MBG 3B di Tanjungpinang. Tanjungpinang (ANTARA) - Wakil Menteri Kependudukan dan Pembangunan Keluarga (Wamendukbangga)/Wakil Kepala BKKBN Ratu Ayu Isyana Bagoes Oka berkeliling naik motor membagikan makan bergizi gratis (MBG) di Kota Tanjungpinang, Provinsi Kepulauan Riau (Kepri). Pembagian MBG tersebut menyasar khusus penerima manfaat 3B, yaitu ibu hamil, ibu menyusui dan balita non-PAUD.",positif,0.8455
42aacf6f2f7a,Liputan6,2026-06-02,https://www.liputan6.com/regional/read/7585062/program-mbg-dongkrak-ekonomi-petani-sayur-cipanas-bantu-modal-hingga-penuhi-kebutuhan-keluarga,"Program MBG Dongkrak Ekonomi Petani Sayur Cipanas, Bantu Modal hingga Penuhi Kebutuhan Keluarga","Program MBG Dongkrak Ekonomi Petani Sayur Cipanas, Bantu Modal hingga Penuhi Kebutuhan Keluarga. Liputan6.com, Cipanas - Udara pagi terasa sejuk ketika Ala Mulyana mulai memetik sayuran di kebunnya. Selama 20 tahun menjadi petani, ia sudah merasakan jatuh bangun harga hasil panen.",positif,0.8459
74a1830a3959,Suara,2026-06-04,https://www.suara.com/news/2026/06/04/184808/alasan-bgn-libatkan-tni-dalam-jajaran-pimpinan-butuh-ahli-teritorial,Alasan BGN Libatkan TNI dalam Jajaran Pimpinan: Butuh Ahli Teritorial!,Alasan BGN Libatkan TNI dalam Jajaran Pimpinan: Butuh Ahli Teritorial!. - Ketua BGN menunjuk Mayjen TNI Trenggono sebagai wakil kepala untuk mempercepat penyaluran makan bergizi ke daerah 3T. - Pengalaman Trenggono di bidang teritorial dan ketahanan pangan diharapkan mampu mendukung operasional program di wilayah pelosok.,positif,0.8462
f689d82a83cf,Antara,2026-06-05,https://www.antaranews.com/berita/5595315/dubes-djauhari-paparkan-empat-bidang-utama-kerja-sama-indonesia-china,Dubes Djauhari paparkan empat bidang utama kerja sama Indonesia-China,"Dubes Djauhari paparkan empat bidang utama kerja sama Indonesia-China. Beijing (ANTARA) - Duta Besar Republik Indonesia untuk China dan Mongolia, Djauhari Oratmangun, menegaskan empat bidang utama yang akan menjadi fokus dalam babak baru kerja sama Indonesia dan China, yakni kecerdasan buatan (AI), ketahanan energi, ketahanan pangan, serta pengembangan sumber daya manusia. Hal itu disampaikan Djauhari dalam diskusi Ambassador Forum ke-18 bertajuk ""A New Stage and New Vision for China-Indonesia Relations"" yang diselenggarakan Chongyang Institute for Financial Studies (RDCY) dan School of Global Leadership Universitas Renmin di Beijing, Kamis (4/6).",netral,0.847
e3ad71e8b613,Liputan6,2026-06-04,https://kesehatan.liputan6.com/info-sehat/read/7654523/mayoritas-anak-penerima-mbg-berasal-dari-keluarga-perokok,Mayoritas Anak Penerima MBG Berasal dari Keluarga Perokok,"Mayoritas Anak Penerima MBG Berasal dari Keluarga Perokok. Liputan6.com, Jakarta - Penelitian baru dari Pusat Kajian Jaminan Sosial Universitas Indonesia (PKJS-UI) menunjukkan bahwa mayoritas anak penerima Makan Bergizi Gratis (MBG) berasal dari rumah tangga perokok. Dilihat dari persentasenya, anak penerima MBG dari keluarga non-perokok sebanyak 28.7 persen.",negatif,0.8473
69eafa7a3bcb,Antara,2026-06-04,https://www.antaranews.com/berita/5594097/kejagung-terus-geledah-beberapa-tempat-dalam-pengembangan-kasus-mbg,Kejagung terus geledah beberapa tempat dalam pengembangan kasus MBG,"Kejagung terus geledah beberapa tempat dalam pengembangan kasus MBG. Jakarta (ANTARA) - Kejaksaan Agung (Kejagung) terus menggeledah beberapa tempat dalam pengembangan kasus dugaan tindak pidana korupsi tata kelola program Makan Bergizi Gratis (MBG) tahun 2025–2026 pada Badan Gizi Nasional (BGN). “Kalau perkembangan, kita tetap sampai saat ini masih ada melakukan penggeledahan, masih berlanjut di beberapa tempat.",negatif,0.8476
bd5e86b122eb,Detik,2026-06-06,https://www.detik.com/jabar/berita/d-8519847/fakta-rumah-mewah-sewaan-dadan-eks-bos-bgn-di-sentul-city,Fakta Rumah Mewah Sewaan Dadan Eks Bos BGN di Sentul City,"Fakta Rumah Mewah Sewaan Dadan Eks Bos BGN di Sentul City. Skandal dugaan korupsi tata kelola program Makan Bergizi Gratis (MBG) hingga kini masih menjadi sorotan. Di tengah proses penyidikan, kehidupan pribadi mantan Kepala Badan Gizi Nasional (BGN), Dadan Hindayana pun tak luput dari perhatian.",negatif,0.848
acf2d2e1f1a6,Detik,2026-05-24,https://www.detik.com/kalimantan/bisnis/d-8502855/anggaran-mbg-dipangkas-bgn-pastikan-biaya-bahan-baku-tak-terdampak,"Anggaran MBG Dipangkas, BGN Pastikan Biaya Bahan Baku Tak Terdampak","Anggaran MBG Dipangkas, BGN Pastikan Biaya Bahan Baku Tak Terdampak. Pemerintah melalui Kementerian Keuangan melakukan penghematan terhadap anggaran Makan Bergizi Gratis (MBG). Anggaran ditekan dari yang semula Rp 335 triliun untuk satu tahun menjadi Rp 268 triliun saja, atau berkurang Rp 67 triliun.",negatif,0.85
05340627c3cb,Tempo,2026-04-06,https://www.tempo.co/kolom/mbg-dan-pertaruhan-politik-anggaran-2126815,Makan Gratis dan Pertaruhan Politik Anggaran,"Makan Gratis dan Pertaruhan Politik Anggaran. TAHUN 2026 menjadi momen pertaruhan politik yang berat bagi Presiden Prabowo Subianto. Di tengah melonjaknya harga minyak dunia akibat perang Iran dengan Israel yang dibantu Amerika Serikat, Prabowo akan mempertahankan proyek makan bergizi gratis atau MBG.",negatif,0.851
8d0207fb7d5a,Detik,2026-06-04,https://www.detik.com/jabar/berita/d-8517990/kenapa-vendor-motor-listrik-rp-1-triliun-bgn-bisa-lolos-ini-kata-kejagung,Kenapa Vendor Motor Listrik Rp 1 Triliun BGN Bisa Lolos? Ini Kata Kejagung,"Kenapa Vendor Motor Listrik Rp 1 Triliun BGN Bisa Lolos? Ini Kata Kejagung. Kejaksaan Agung mengatakan mantan Kepala Badan Gizi Nasional (BGN) Dadan Hindayana dengan dua eks wakil lainnya, yakni Sony Sanjaya dan Lodewyk Pusung, melakukan intervensi dalam pengadaan barang di program Makan Bergizi Gratis (MBG). Salah satunya adalah proyek pengadaan motor listrik senilai Rp 1 triliun yang dimenangkan oleh vendor yang tidak memenuhi syarat.",netral,0.852
3c349eb27a67,Antara,2026-06-05,https://www.antaranews.com/berita/5594863/kpk-inventarisasi-kebutuhan-untuk-tindak-lanjuti-pernyataan-presiden,KPK inventarisasi kebutuhan untuk tindak lanjuti pernyataan Presiden,"KPK inventarisasi kebutuhan untuk tindak lanjuti pernyataan Presiden. Jakarta (ANTARA) - Komisi Pemberantasan Korupsi (KPK) memutuskan akan menginventarisasi kebutuhan kelembagaan untuk menindaklanjuti pernyataan Presiden Prabowo Subianto dalam acara Konsolidasi Nasional Program Makan Bergizi Gratis (MBG) yang digelar di Kabupaten Bogor, Jawa Barat, 3 Juni 2026. “Bagaimana dengan KPK sendiri merespons apa yang sudah diperintahkan oleh panglima hukum, oleh Bapak Presiden?",positif,0.8535
c05212fa7e1e,Antara,2026-06-01,https://www.antaranews.com/berita/5589607/bgn-instruksikan-sppg-belanja-telur-ayam-langsung-ke-peternak,BGN instruksikan SPPG belanja telur ayam langsung ke peternak,"BGN instruksikan SPPG belanja telur ayam langsung ke peternak. Magetan (ANTARA) - Badan Gizi Nasional (BGN) menginstruksikan Satuan Pelayanan Pemenuhan Gizi (SPPG), khususnya yang ada di Kabupaten Magetan, Jawa Timur untuk membeli telur ayam ras langsung ke peternak guna mendongkrak harga jual telur yang anjlok. ""Mulai hari ini, saya instruksikan seluruh SPPG, khususnya di Magetan, untuk membeli telur ayam langsung ke peternak.",positif,0.8536
d811d5a2496f,Antara,2026-05-27,https://www.antaranews.com/berita/5584396/banjir-masih-merendam-wilayah-kat-gorontalo-utara,Banjir masih merendam wilayah KAT Gorontalo Utara,"Banjir masih merendam wilayah KAT Gorontalo Utara. Saya memilih menginap di lokasi banjir agar pergerakan perangkat daerah serta bantuan kedaruratan dapat cepat dilakukan... Gorontalo (ANTARA) - Banjir masih merendam wilayah Komunitas Adat Terpencil (KAT) Didingga di Desa Didingga, Kecamatan Biau, Gorontalo Utara, Provinsi Gorontalo, Rabu.",negatif,0.8539
53fee40c83ff,Detik,2026-06-04,https://www.detik.com/jateng/berita/d-8517183/polisi-sebut-mobil-mbg-tabrak-rumah-di-pati-gegara-sandal-nyangkut,Polisi Sebut Mobil MBG Tabrak Rumah di Pati gegara Sandal Nyangkut,"Polisi Sebut Mobil MBG Tabrak Rumah di Pati gegara Sandal Nyangkut. Mobil memuat makan bergizi gratis atau MBG mengalami kecelakaan hingga masuk ke dalam rumah warga Desa Sundoluhur Kecamatan Kayen, Kabupaten Pati. Polisi mengungkapkan kecelakaan tunggal itu karena sandal sopir menyangkut di pedal gas mobil.",negatif,0.8539
6b477e1313c3,Detik,2026-06-03,https://www.detik.com/bali/hukum-dan-kriminal/d-8516595/modus-culas-dadan-hindayana-cs-dalam-kasus-korupsi-mbg,Modus Culas Dadan Hindayana Cs dalam Kasus Korupsi MBG,"Modus Culas Dadan Hindayana Cs dalam Kasus Korupsi MBG. Kejaksaan Agung (Kejagung) menetapkan Eks Kepala Badan Gizi Nasional (BGN) Dadan Hindayana serta dua eks Wakil Kepala BGN, Sony Sonjaya dan Lodewyk Pusung, sebagai tersangka dugaan korupsi tata kelola program Makan Bergizi Gratis (MBG). Ketiganya diduga mengatur proses verifikasi pembentukan yayasan Satuan Pelayanan Pemenuhan Gizi (SPPG) dengan modus culas.",negatif,0.8539
3e934ee0ac37,Antara,2026-06-01,https://www.antaranews.com/berita/5589901/kemenbud-hari-pancasila-jadi-landasan-hadapi-tantangan-global,Kemenbud: Hari Pancasila jadi landasan hadapi tantangan global,"Kemenbud: Hari Pancasila jadi landasan hadapi tantangan global. Jakarta (ANTARA) - Kementerian Kebudayaan memperingati Hari Lahir Pancasila 2026, dengan mengedepankan peran Pancasila sebagai landasan persatuan bangsa sekaligus pedoman dalam menghadapi berbagai tantangan global yang terus berkembang. Menteri Kebudayaan RI, Fadli Zon mengatakan bahwa Indonesia telah melewati berbagai ujian sejarah, kolonialisme, konflik ideologi, krisis ekonomi, hingga tantangan geopolitik dan perubahan global yang semakin kompleks.",netral,0.8543
e96ddcb34630,CNN Indonesia,2026-06-04,https://www.cnnindonesia.com/otomotif/20260604111630-603-1365256/pengadaan-motor-listrik-bgn-dadan-ternyata-mark-up-harga,Pengadaan Motor Listrik BGN Dadan Ternyata Mark Up Harga,Pengadaan Motor Listrik BGN Dadan Ternyata Mark Up Harga. Pengadaan Motor Listrik BGN Dadan Ternyata Mark Up Harga Pengadaan motor listrik bakal kebutuhan Badan Gizi Nasional (BGN) terbukti hasil proyek mark up yang dilakukan Dadan Hindayana sebagai mantan pimpinan lembaga yang kini telah ditetapkan sebagai tersangka oleh Kejaksaan Agung (Kejagung). Dadan dan tersangka lain yaitu eks Wakil Kepala BGN Lodewyk Pusung dan Sony Sonjaya terbukti melakukan penggelembungan dana dalam pengadaan motor listrik MBG.,negatif,0.8547
eb0de2b0d56d,Antara,2026-05-29,https://www.antaranews.com/berita/5586331/ahli-gizi-penekanan-mbg-3b-langkah-strategis-cegah-stunting,Ahli Gizi: Penekanan MBG 3B langkah strategis cegah stunting,Ahli Gizi: Penekanan MBG 3B langkah strategis cegah stunting. Jakarta (ANTARA) - Wakil Dekan II Fakultas Ilmu Kesehatan Universitas Muhammadiyah Prof. Dr.,positif,0.8551
f7fdaee3ee7e,Detik,2026-06-05,https://www.detik.com/jabar/berita/d-8518253/7-fakta-mafia-titik-dapur-mbg-di-cianjur,7 Fakta Mafia Titik Dapur MBG di Cianjur,"7 Fakta Mafia Titik Dapur MBG di Cianjur. Penyelenggaraan program Makan Bergizi Gratis (MBG) di Kabupaten Cianjur, Jawa Barat, dinodai oleh maraknya praktik mafia. Sejumlah oknum tak bertanggung jawab nekat memperjualbelikan 'titik dapur' atau SPPG dengan nilai kerugian korban mencapai miliaran rupiah.",negatif,0.8555
eba5b585f22f,Antara,2026-06-02,https://www.antaranews.com/berita/5591036/di-smpn-111-jakarta-prabowo-santap-mbg-bersama-para-siswa,"Di SMPN 111 Jakarta, Prabowo santap MBG bersama para siswa","Di SMPN 111 Jakarta, Prabowo santap MBG bersama para siswa. Jakarta (ANTARA) - Presiden Prabowo Subianto turut menyantap makanan bergizi gratis (MBG) yang disajikan dalam ompreng bersama para siswa dan siswi SMPN 111 Jakarta di Kemanggisan, Kecamatan Palmerah, Jakarta, Selasa. Presiden Prabowo mengecek langsung distribusi MBG ke para siswa, setelah makanan itu dimasak dan dipersiapkan di dapur yang dikelola oleh Satuan Pelayanan Pemenuhan Gizi (SPPG) Palmerah.",netral,0.8556
b4f1d462c093,Antara,2026-06-01,https://www.antaranews.com/berita/5589736/bgn-ingatkan-pengelola-sppg-tentang-syarat-standar-operasional,BGN ingatkan pengelola SPPG tentang syarat standar operasional,"BGN ingatkan pengelola SPPG tentang syarat standar operasional. Jika ada SPPG yang mitranya kurang dari 15, kami siap melakukan penangguhan atau suspend sementara. Kepala SPPG harus memenuhi standar tersebut Magetan (ANTARA) - Badan Gizi Nasional (BGN) mengingatkan pengelola Satuan Pelayanan Pemenuhan Gizi (SPPG) tentang syarat standar operasional yang harus dipenuhi guna kelancaran Program Makan Bergizi Gratis (MBG) di daerah.",netral,0.8571
f88e7cc022a8,Tempo,2026-04-05,https://www.tempo.co/wawancara/mbg-naik-kelas-dalam-program-pendidikan-2126585,"Kata Abdul Mu'ti, Siswa Hadir di Sekolah karena Ada MBG","Kata Abdul Mu'ti, Siswa Hadir di Sekolah karena Ada MBG. MENJADI Menteri Pendidikan Dasar dan Menengah sejak 21 Oktober 2024, Abdul Mu’ti nyaris tak pernah tinggal di rumah dinasnya di Menteng, Jakarta Pusat. Ia memilih bolak-balik dari rumahnya di Pondok Cabe, Tangerang Selatan, Banten, ke kantornya di Jalan Jenderal Sudirman, Jakarta.",netral,0.8572
750735f7a812,Republika,2026-06-03,https://news.republika.co.id/berita/tg2223409/kejagung-ungkap-dadan-terafiliasi-yayasanyayasan-mbg-yang-dapat-insentif-miliaran-rupiah-tiap-hari,Kejagung Ungkap Dadan Terafiliasi Yayasan-Yayasan MBG yang Dapat Insentif Miliaran Rupiah Tiap Hari |Republika Online,"Kejagung Ungkap Dadan Terafiliasi Yayasan-Yayasan MBG yang Dapat Insentif Miliaran Rupiah Tiap Hari |Republika Online. REPUBLIKA.CO.ID, JAKARTA -- Kejaksaan Agung (Kejagung) pada Rabu (3/6/2025) resmi menetapkan status tersangka dan menahan mantan Kepala Badan Gizi Nasional (BGN) Dadan Hindayana dan dua wakil kepala yakni Sony Sonjaya dan Lodewyk Pusung. Dalam keterangan persnya, Direktur Penyidikan Kejagung, Syarief Sulaeman Nahdi, menerangkan modus korupsi yang dilakukan oleh tersangka.",negatif,0.8574
2b4a7d49137e,Suara,2026-06-04,https://www.suara.com/otomotif/2026/06/04/083505/intip-isi-garasi-dadan-hindayana-eks-kepala-bgn-yang-jadi-tersangka-korupsi-mbg,"Intip Isi Garasi Dadan Hindayana, Eks Kepala BGN yang Jadi Tersangka Korupsi MBG","Intip Isi Garasi Dadan Hindayana, Eks Kepala BGN yang Jadi Tersangka Korupsi MBG. - Total aset LHKPN dan koleksi mobil Dadan Hindayana mencapai miliaran rupiah. - Tiga unit SUV mewah mengisi daftar koleksi mobil Dadan Hindayana.",negatif,0.8574
3bee8e8dd0f7,Detik,2026-05-21,https://www.detik.com/jogja/jogja-kerta/d-8498719/kampus-diminta-urus-mbg-uad-punya-riset-kesehatan-pangan-gizi,"Kampus Diminta Urus MBG, UAD Punya Riset Kesehatan Pangan-Gizi","Kampus Diminta Urus MBG, UAD Punya Riset Kesehatan Pangan-Gizi. Menteri Pendidikan Tinggi, Sains, dan Teknologi (Mendiktisaintek), Brian Yuliarto, mengharuskan kampus terlibat aktif dalam pengelolaan Satuan Pelayanan Pemenuhan Gizi (SPPG) untuk proyek Makan Bergizi Gratis (MBG) di perguruan tinggi. Menanggapi itu, Rektor Universitas Ahmad Dahlan (UAD), Prof.",netral,0.8579
1920c262b49e,Suara,2026-06-04,https://www.suara.com/lifestyle/2026/06/04/114120/lebih-kaya-dari-dadan-hindayana-intip-aset-lodewyk-pusung-eks-wakil-kepala-bgn,"Lebih Kaya dari Dadan Hindayana, Intip Aset Lodewyk Pusung Eks Wakil Kepala BGN","Lebih Kaya dari Dadan Hindayana, Intip Aset Lodewyk Pusung Eks Wakil Kepala BGN. - Kejagung menyoroti harta kekayaan Lodewyk Pusung terkait korupsi program MBG. - Total harta kekayaan Lodewyk Pusung mencapai Rp60,54 miliar tanpa utang.",netral,0.8588
c1262efb0e56,Detik,2026-06-04,https://www.detik.com/jabar/berita/d-8518130/jabar-hari-ini-aksi-tipu-tipu-titik-dapur-mbg-di-cianjur,Jabar Hari Ini: Aksi Tipu-tipu Titik Dapur MBG di Cianjur,"Jabar Hari Ini: Aksi Tipu-tipu Titik Dapur MBG di Cianjur. Berbagai peristiwa menarik terjadi di Jawa Barat hari ini Kamis (4/6/2026) beberapa diantaranya memantik perhatian pembaca detikJabar. Kabar soal jual beli titik MBG yang rugikan miliaran rupiah di Cianjur, pria Tasikmalaya ditemukan tak bernyawa di dalam sumur hingga kecelakaan maut di Cicalengka.",negatif,0.8596
f434e9a88b10,Detik,2026-06-03,https://health.detik.com/berita-detikhealth/d-8515383/alasan-prabowo-copot-dadan-dari-kepala-bgn-singgung-soal-kualitas-makanan,"Alasan Prabowo Copot Dadan dari Kepala BGN, Singgung soal Kualitas Makanan","Alasan Prabowo Copot Dadan dari Kepala BGN, Singgung soal Kualitas Makanan. Presiden Prabowo Subianto resmi mengganti jajaran pimpinan Badan Gizi Nasional (BGN) setelah melakukan evaluasi selama hampir satu setengah tahun pelaksanaan Program Makan Bergizi Gratis (MBG). Salah satu alasan yang disorot adalah persoalan kualitas makanan dalam program tersebut.",negatif,0.8596
ef2fec247036,Detik,2026-05-31,https://health.detik.com/berita-detikhealth/d-8512309/ramai-calo-jual-titik-lokasi-dapur-mbg-korban-rugi-ratusan-juta-bgn-bilang-gini,"Ramai Calo Jual Titik Lokasi Dapur MBG-Korban Rugi Ratusan Juta, BGN Bilang Gini","Ramai Calo Jual Titik Lokasi Dapur MBG-Korban Rugi Ratusan Juta, BGN Bilang Gini. Badan Gizi Nasional (BGN) buka suara terkait kasus dugaan penipuan berkedok pembangunan dapur Program Makan Bergizi Gratis (MBG) yang terjadi di Lombok Timur, Nusa Tenggara Barat (NTB). Kasus ini mencuat setelah korban mengaku diminta menyerahkan uang dengan iming-iming mendapatkan titik lokasi dan operasional dapur MBG.",negatif,0.8598
19c576d34f14,Antara,2026-05-26,https://www.antaranews.com/berita/5582832/bgn-dukung-efisiensi-anggaran-tanpa-kurangi-nilai-manfaat-mbg,BGN dukung efisiensi anggaran tanpa kurangi nilai manfaat MBG,"BGN dukung efisiensi anggaran tanpa kurangi nilai manfaat MBG. Jakarta (ANTARA) - Badan Gizi Nasional (BGN) mendukung kebijakan efisiensi anggaran pemerintah dengan mengubah pola distribusi program Makan Bergizi Gratis (MBG) tanpa mengurangi nilai manfaat yang diterima ibu hamil, ibu menyusui, balita (3B) hingga para peserta didik. Wakil Kepala BGN Sony Sonjaya mengatakan hal tersebut untuk menanggapi anggaran BGN tahun 2026 yang ditetapkan Rp268 triliun.",positif,0.8606
d92ad3b10f3a,Antara,2026-06-02,https://www.antaranews.com/berita/5591519/sppg-cikarang-bekasi-evaluasi-berkala-sempurnakan-program-mbg,SPPG Cikarang Bekasi evaluasi berkala sempurnakan program MBG,SPPG Cikarang Bekasi evaluasi berkala sempurnakan program MBG. Kami harus memastikan jumlah penerima manfaat benar-benar akurat. Data siswa maupun kelompok penerima lain harus terus diperbarui agar distribusi makanan bergizi tepat sasaran.,positif,0.8606
a96cc8e250d2,Antara,2026-06-05,https://www.antaranews.com/berita/5595551/mitra-sppg-di-lombok-tengah-bentuk-forum-untuk-tangani-stunting,Mitra SPPG di Lombok Tengah bentuk forum untuk tangani stunting,"Mitra SPPG di Lombok Tengah bentuk forum untuk tangani stunting. Jakarta (ANTARA) - Mitra Satuan Pelayanan Pemenuhan Gizi (SPPG) di Kecamatan Praya Timur, Lombok Tengah, membentuk forum dan gerakan bersama ""Praya Timur Bebas Stunting"" untuk menangani stunting mulai dari akar rumput. Peluncuran Forum Mitra SPPG Praya Timur dilakukan oleh Ketua Tim Penggerak PKK Provinsi NTB Sinta M Iqbal bersama Kementerian Kependudukan dan Pembangunan Keluarga/BKKBN Provinsi Nusa Tenggara Barat, pemerintah daerah terkait, dan berbagai unsur mitra pembangunan.",positif,0.8617
0911808f7ce8,Liputan6,2026-05-30,https://www.liputan6.com/showbiz/read/7479188/raffi-ahmad-diminta-bahlil-cari-pencipta-lagu-mbg-akan-ada-apresiasi-dari-kakanda,"Raffi Ahmad Diminta Bahlil Cari Pencipta Lagu MBG, Akan Ada Apresiasi dari Kakanda!","Raffi Ahmad Diminta Bahlil Cari Pencipta Lagu MBG, Akan Ada Apresiasi dari Kakanda!. - Bahlil Lahadalia meminta Raffi Ahmad mencari pencipta lagu ""Mas Bahlil Ganteng"" yang viral. - Raffi Ahmad menganggap ini amanat dan membantu mencari pencipta lagu ""MBG"" di medsos.",negatif,0.8638
0692eb7fbea3,Suara,2026-06-04,https://www.suara.com/news/2026/06/04/222326/prasetyo-hadi-ungkap-alasan-prabowo-pilih-nanik-s-deyang-pimpin-bgn,Prasetyo Hadi Ungkap Alasan Prabowo Pilih Nanik S Deyang Pimpin BGN,Prasetyo Hadi Ungkap Alasan Prabowo Pilih Nanik S Deyang Pimpin BGN. - Presiden Prabowo menunjuk Nanik S. Deyang sebagai Kepala Badan Gizi Nasional untuk memimpin pelaksanaan program Makan Bergizi Gratis.,netral,0.8643
c53a72b8d119,Detik,2026-04-19,https://food.detik.com/pengalaman-bersantap/d-8451054/mulai-rp-15-000-menu-mbg-super-indo-ada-chicken-katsu-hingga-chicken-steak,Mulai Rp 15.000! Menu 'MBG' Super Indo Ada Chicken Katsu hingga Chicken Steak,"Mulai Rp 15.000! Menu 'MBG' Super Indo Ada Chicken Katsu hingga Chicken Steak. Menu ready to eat Super Indo viral karena disebut murah dan lebih proper dari MBG. Pilihannya beragam, ada chicken katsu hingga chicken steak seharga Rp 15.000.",positif,0.8648
c8ca22a501c0,Suara,2026-06-04,https://www.suara.com/news/2026/06/04/204045/kejagung-diminta-usut-tuntas-korupsi-mbg-dadan-cs-dan-dugaan-monopoli-dapur,Kejagung Diminta Usut Tuntas Korupsi MBG Dadan Cs dan Dugaan Monopoli Dapur,Kejagung Diminta Usut Tuntas Korupsi MBG Dadan Cs dan Dugaan Monopoli Dapur. - DPP Relawan PROBO mendesak Kejagung mengusut tuntas pihak yang terlibat dugaan korupsi program Makan Bergizi Gratis di Jakarta. - Kejagung telah menetapkan mantan Kepala dan dua mantan Wakil Kepala Badan Gizi Nasional sebagai tersangka kasus korupsi.,positif,0.8654
79d289d5aba5,Antara,2026-05-26,https://www.antaranews.com/berita/5582911/kemensos-pastikan-rekrut-3000-guru-dan-5000-tendik-sekolah-rkayat,Kemensos pastikan rekrut 3.000 guru dan 5.000 tendik Sekolah Rkayat,"Kemensos pastikan rekrut 3.000 guru dan 5.000 tendik Sekolah Rkayat. Tentu akan ada penambahan guru, tapi juga meneruskan yang sudah lama. Tahun ini kita Insya Allah akan merekrut lebih dari 3.000 guru dan 5.000 tenaga kependidikan.",positif,0.8662
e5340b0f45a4,Antara,2026-05-26,https://www.antaranews.com/berita/5582596/empat-kuadran-berpikir-manusia-di-media-digital,Empat kuadran berpikir manusia di media digital,Empat kuadran berpikir manusia di media digital. Jakarta (ANTARA) - Manusia di era media sosial telah bermetamorfosis dari Homo sapiens menjadi Homo commentarius. Manusia berkembang dari hewan yang berpikir bijak menjadi hewan yang hobi berkomentar di jagad media sosial.,netral,0.8668
81929816d89f,Suara,2026-06-04,https://www.suara.com/news/2026/06/04/190727/naik-jabatan-kepala-bgn-nanik-s-dayeng-fokus-efisiensi-anggaran-mbg,"Naik Jabatan, Kepala BGN Nanik S Dayeng Fokus Efisiensi Anggaran MBG","Naik Jabatan, Kepala BGN Nanik S Dayeng Fokus Efisiensi Anggaran MBG. - Kepala Badan Gizi Nasional Nanik S. Dayeng memprioritaskan efisiensi anggaran program Makan Bergizi Gratis menjadi di bawah Rp268 triliun.",netral,0.8678
bc379b98b94a,Suara,2026-06-04,https://www.suara.com/news/2026/06/04/192610/bgn-tak-akan-bangun-dapur-mbg-baru-di-wilayah-3t-nanik-pakai-kantin-sekolah,"BGN Tak Akan Bangun Dapur MBG Baru di Wilayah 3T, Nanik: Pakai Kantin Sekolah","BGN Tak Akan Bangun Dapur MBG Baru di Wilayah 3T, Nanik: Pakai Kantin Sekolah. - BGN memutuskan tidak membangun dapur baru di wilayah 3T demi menjaga efisiensi anggaran negara. - Penyediaan makanan di wilayah 3T akan memanfaatkan fasilitas dapur yang sudah tersedia pada sekolah atau lingkungan setempat.",positif,0.8686
a1b329f42d32,CNN Indonesia,2026-06-07,https://www.cnnindonesia.com/nasional/20260607142137-12-1366335/kata-mahfud-md-soal-dadan-hindayana-tersangka-korupsi-program-mbg,Kata Mahfud MD soal Dadan Hindayana Tersangka Korupsi Program MBG,"Kata Mahfud MD soal Dadan Hindayana Tersangka Korupsi Program MBG. Kata Mahfud MD soal Dadan Hindayana Tersangka Korupsi Program MBG Eks Menko Polhukam sekaligus pakar hukum tata negara RI, Mahfud MD menilai eks Kepala Badan Gizi Nasional (BGN), Dadan Hindayana adalah sosok yang tak punya pengalaman birokrasi dan tidak paham soal hukum keuangan negara. ""Pak Dadan ndak punya pengalaman di birokrasi, ndak ngerti hukum keuangan negara, seakan-seakan semua bisa dilakukan seenaknya,"" kata Mahfud ditemui di Le Gareca Space, Bantul, DIY, Sabtu (6/6) siang.",negatif,0.8688
8a54c03c2107,Antara,2026-05-29,https://www.antaranews.com/berita/5586461/bgn-dukung-efisiensi-pemerintah-pastikan-efektivitas-penyaluran-mbg,BGN dukung efisiensi pemerintah pastikan efektivitas penyaluran MBG,BGN dukung efisiensi pemerintah pastikan efektivitas penyaluran MBG. Jakarta (ANTARA) - Wakil Kepala Badan Gizi Nasional (BGN) Bidang Komunikasi Publik dan Investigasi Nanik S. Deyang mendukung penuh langkah efisiensi anggaran pemerintah dengan memastikan efektivitas penyaluran Makan Bergizi Gratis (MBG).,positif,0.8695
e9adf67982dc,Antara,2026-06-03,https://www.antaranews.com/berita/5592839/presiden-mbg-investasi-besar-masa-depan-bangsa-dukung-ekonomi-desa,"Presiden: MBG investasi besar masa depan bangsa, dukung ekonomi desa","Presiden: MBG investasi besar masa depan bangsa, dukung ekonomi desa. Jakarta (ANTARA) - Presiden Prabowo Subianto menyatakan program Makan Bergizi Gratis (MBG) adalah investasi besar untuk meningkatkan kualitas sumber daya manusia dengan memastikan pemenuhan gizi anak-anak dan mendukung pertumbuhan ekonomi di desa. Menurut keterangan Sekretariat Presiden yang diterima di Jakarta, Rabu, hal tersebut disampaikan Presiden dalam sambutannya pada acara Building Indonesia’s Future Generations Through Nutrition di Sentul International Convention Center (SICC), Kabupaten Bogor, Jawa Barat, pada hari ini.",positif,0.87
ebad0d4377be,Tempo,2026-06-04,https://www.tempo.co/arsip/modus-korupsi-mbg-di-bgn-pengaturan-sppg-hingga-mark-up-2217943,Modus Korupsi MBG di BGN: Pengaturan SPPG hingga Mark Up | tempo.co,"Modus Korupsi MBG di BGN: Pengaturan SPPG hingga Mark Up | tempo.co. Jaksa menetapkan mantan Kepala Badan Gizi Nasional (BGN) Dadan Hindayana serta dua mantan wakilnya, Inspektur Jenderal Polisi (Purnawirawan) Sony Sonjaya dan Letnan Jenderal TNI (Purnawirawan) Lodewyk Pusung, sebagai tersangka kasus dugaan korupsi penyimpangan tata kelola program Makan Bergizi Gratis (MBG) periode 2025–2026. Direktur Penyidikan Jaksa Agung Muda Tindak Pidana Khusus Kejaksaan Agung Syarief Sulaiman Nahdi mengatakan para tersangka diduga meloloskan Satuan Pelayanan Pemenuhan Gizi (SPPG) yang sebenarnya tidak memenuhi syarat.",negatif,0.8711
dfbf9b89998a,Antara,2026-05-23,https://www.antaranews.com/berita/5579227/kemarin-sebagian-sumatera-gelap-hingga-mtq-internasional-di-istiqlal,"Kemarin, sebagian Sumatera gelap hingga MTQ internasional di Istiqlal","Kemarin, sebagian Sumatera gelap hingga MTQ internasional di Istiqlal. Jakarta (ANTARA) - Sejumlah berita humaniora pada Jumat yang mendapat perhatian pembaca dan masih menarik untuk disimak pagi ini, mulai dari sejumlah wilayah di pulau Sumatera gelap total hingga MTQ Internasional di Masjid Istiqlal. Berita-berita tersebut dapat kembali disimak dalam ringkasan berikut.",negatif,0.8713
ee4bd30b2b1c,Antara,2026-06-07,https://www.antaranews.com/berita/5597477/sepekan-perbaikan-tata-kelola-mbg-hingga-revitalisasi-sekolah-2026,"Sepekan, perbaikan tata kelola MBG hingga revitalisasi sekolah 2026","Sepekan, perbaikan tata kelola MBG hingga revitalisasi sekolah 2026. Jakarta (ANTARA) - Sejumlah warta humaniora dalam sepekan (1-7/6) masih menarik dibaca hari ini, mulai dari perbaikan tata kelola Program Makan Bergizi Gratis (MBG) sebagai komitmen Kepala Badan Gizi Nasional (BGN) baru, Nanik Sudaryati Deyang, hingga revitalisasi lebih dari 70 ribu sekolah oleh Kementerian Pendidikan Dasar dan Menengah (Kemendikdasmen). Selain itu, ada juga warta mengenai kelahiran orangutan Badar di Aceh, hingga penuntasan masalah sampah.",positif,0.8733
155ad2bd7cb9,Kompas,2026-06-07,https://www.kompas.com/food/read/2026/06/07/223455075/apa-bedanya-ayam-potong-8-10-dan-14-yang-disebut-prabowo-dalam-lauk-mbg,"Apa Bedanya Ayam Potong 8, 10, dan 14, yang Disebut Prabowo dalam Lauk MBG?","Apa Bedanya Ayam Potong 8, 10, dan 14, yang Disebut Prabowo dalam Lauk MBG?. Baca berita tanpa iklan. Gabung Kompas.com+ Tumbuh bersama kekuatan mimpi perempuan Indonesia Kompas.com, 7 Juni 2026, 22:34 WIB KOMPAS.com - Presiden Republik Indonesia (RI) Prabowo Subianto menyoroti ukuran ayam goreng dalam menu Makan Bergizi Gratis (MBG).",netral,0.8738
77fa5b57e96d,Suara,2026-05-21,https://www.suara.com/health/2026/05/21/191352/idai-ingatkan-risiko-susu-formula-di-mbg-asi-tak-bisa-digantikan-produk-pabrik,IDAI Ingatkan Risiko Susu Formula di MBG: ASI Tak Bisa Digantikan Produk Pabrik,IDAI Ingatkan Risiko Susu Formula di MBG: ASI Tak Bisa Digantikan Produk Pabrik. - IDAI memperingatkan pemerintah pada 21 Mei 2026 mengenai risiko distribusi susu formula dalam Program Makan Bergizi Gratis. - Penyaluran susu formula tanpa penapisan medis dinilai dapat menurunkan keberhasilan pemberian ASI eksklusif bagi anak Indonesia.,negatif,0.8742
78e0a6e66d80,Liputan6,2026-05-26,https://berita.liputan6.com/peristiwa/read/7292222/terungkap-modus-penipuan-titik-sppg-catut-nama-orang-dalam-bgn,Terungkap Modus Penipuan Titik SPPG Catut Nama Orang Dalam BGN,"Terungkap Modus Penipuan Titik SPPG Catut Nama Orang Dalam BGN. Liputan6.com, Jakarta - Sebanyak 21 orang mengadu sebagai korban penipuan praktik jual beli titik Satuan Pelayanan Program Gizi (SPPG). Kerugian ditaksir Rp 1,9 miliar.",negatif,0.8746
8dc813481375,Detik,2026-06-01,https://health.detik.com/berita-detikhealth/d-8512547/biang-kerok-ribuan-dapur-mbg-disetop-mark-up-harga-hingga-picu-keracunan,"Biang Kerok' Ribuan Dapur MBG Disetop, Mark Up Harga hingga Picu Keracunan","Biang Kerok' Ribuan Dapur MBG Disetop, Mark Up Harga hingga Picu Keracunan. Badan Gizi Nasional (BGN) mengungkap sejumlah pelanggaran yang bisa berujung pada penghentian sementara operasional dapur Program Makan Bergizi Gratis (MBG) atau Satuan Pelayanan Pemenuhan Gizi (SPPG). Di antaranya dugaan mark up harga bahan baku hingga munculnya kasus keracunan pangan pada penerima manfaat.",negatif,0.8748
3b3edab0f349,Antara,2026-06-07,https://www.antaranews.com/berita/5597719/bapanas-pastikan-pemerintah-jaga-keseimbangan-harga-telur-hulu-hilir,Bapanas pastikan pemerintah jaga keseimbangan harga telur hulu-hilir,Bapanas pastikan pemerintah jaga keseimbangan harga telur hulu-hilir. Jakarta (ANTARA) - Badan Pangan Nasional (Bapanas) memastikan pemerintah terus menjaga keseimbangan harga telur ayam ras di tingkat produsen dan konsumen (hulu-hilir) untuk melindungi peternak sekaligus menjaga keterjangkauan komoditas tersebut bagi masyarakat. Deputi Ketersediaan dan Stabilisasi Pangan Bapanas I Gusti Ketut Astawa mengatakan upaya menjaga harga pangan pokok strategis terus dilakukan pemerintah agar kepentingan produsen dan konsumen dapat berjalan beriringan.,positif,0.8749
c7ca4a05fa49,Suara,2026-06-03,https://www.suara.com/lifestyle/2026/06/03/204331/punya-sppg-untung-berapa-lahan-basah-dadan-hindayana-korupsi-dapur-mbg,Punya SPPG Untung Berapa? Lahan Basah Dadan Hindayana Korupsi Dapur MBG,"Punya SPPG Untung Berapa? Lahan Basah Dadan Hindayana Korupsi Dapur MBG. - Kejaksaan Agung mengusut dugaan korupsi Program Makan Bergizi Gratis yang melibatkan mantan Kepala Badan Gizi Nasional, Dadan Hindayana. - Dugaan korupsi terjadi melalui penunjukan yayasan mitra yang terafiliasi dengan pejabat BGN melalui pengaturan verifikasi portal mitra yang curang.",negatif,0.8764
80b1807d1adf,Liputan6,2026-06-05,https://www.liputan6.com/otomotif/read/7659671/dpr-ungkap-fakta-mengejutkan-motor-listrik-sppg,DPR Ungkap Fakta Mengejutkan Motor Listrik SPPG,"DPR Ungkap Fakta Mengejutkan Motor Listrik SPPG. Liputan6.com, Jakarta - Program distribusi Makan Bergizi Gratis (MBG) yang melibatkan Satuan Pelayanan Pemenuhan Gizi (SPPG) dari Badan Gizi Nasional kembali menjadi sorotan. Motor listrik operasional yang sempat viral karena disebut menunjang distribusi makanan di lapangan, kini terseret dalam dugaan penyimpangan pengadaan barang.",netral,0.8766
957538402061,Tempo,2026-06-07,https://www.tempo.co/hukum/ijon-proyek-dapur-makan-bergizi-gratis-2253338,Setelah Prabowo Mengijon Proyek Makan Bergizi Gratis,"Setelah Prabowo Mengijon Proyek Makan Bergizi Gratis. SIDANG perdata kerugian investasi proyek makan bergizi gratis (MBG) di Pengadilan Negeri Jakarta Pusat hanya berlangsung kurang dari 30 menit pada Selasa, 2 Juni 2026. Majelis hakim menutup persidangan yang diajukan Elfi Salim itu karena dua dari tiga tergugat, PT Bin Thalib Berkah Abadi dan Nofalia Heikal Safar sebagai direktur perusahaan, tak hadir.",netral,0.8773
00be3d11179c,Antara,2026-06-03,https://www.antaranews.com/berita/5592371/evaluasi-mbg-tahap-pertama,Evaluasi MBG tahap pertama,"Evaluasi MBG tahap pertama. Evaluasi terhadap ribuan SPPG serta pergantian pimpinan BGN menunjukkan bahwa pemerintah menempatkan aspek tata kelola, disiplin operasional, dan standar mutu sebagai fokus utama dalam fase berikutnya pelaksanaan program MBG. Jakarta (ANTARA) - Perombakan pimpinan Badan Gizi Nasional (BGN) oleh Presiden Prabowo Subianto menandai fase baru dalam pelaksanaan program Makan Bergizi Gratis (MBG), salah satu program prioritas pemerintah yang sejak awal dirancang sebagai instrumen pembangunan sumber daya manusia sekaligus penggerak ekonomi daerah.",positif,0.878
c48471d63306,Detik,2026-06-03,https://www.detik.com/jabar/jabar-gaskeun/d-8515880/profil-sony-sonjaya-mantan-kapolres-bandung-yang-dicopot-dari-bgn,"Profil Sony Sonjaya, Mantan Kapolres Bandung yang Dicopot dari BGN","Profil Sony Sonjaya, Mantan Kapolres Bandung yang Dicopot dari BGN. Nama Sony Sonjaya menjadi sorotan publik setelah Presiden Prabowo Subianto melakukan perombakan jajaran pimpinan Badan Gizi Nasional (BGN). Dalam keputusan tersebut, Irjen Pol (Purn) Sony Sonjaya yang menjabat sebagai Wakil Kepala BGN termasuk salah satu pejabat yang diberhentikan dari posisinya.",negatif,0.8781
073f533bdb4e,Detik,2026-06-04,https://www.detik.com/jatim/berita/d-8518457/puluhan-siswa-bangkalan-dilarikan-ke-puskesmas-diduga-keracunan-mbg,Puluhan Siswa Bangkalan Dilarikan ke Puskesmas Diduga Keracunan MBG,"Puluhan Siswa Bangkalan Dilarikan ke Puskesmas Diduga Keracunan MBG. Puluhan siswa SMAN 1 Kokop, Kecamatan Kokop, Kabupaten Bangkalan dilarikan ke Puskesmas setempat. Mereka dilarikan ke Puskesmas setelah mengeluh sakit usai mengonsumsi menu Makan Bergizi Gratis (MBG).",negatif,0.8786
a9e9b04219bc,Suara,2026-06-04,https://www.suara.com/lifestyle/2026/06/04/134748/aset-sony-sonjaya-eks-wakil-kepala-bgn-hartanya-naik-rp12-miliar-dalam-setahun,"Aset Sony Sonjaya Eks Wakil Kepala BGN, Hartanya Naik Rp12 Miliar dalam Setahun","Aset Sony Sonjaya Eks Wakil Kepala BGN, Hartanya Naik Rp12 Miliar dalam Setahun. - Kasus korupsi MBG menyeret mantan Wakil Kepala BGN, Sony Sonjaya. - Harta kekayaan Sony Sonjaya melonjak seribu tiga ratus persen dalam setahun.",negatif,0.8786
da691e3638a2,Suara,2026-06-03,https://www.suara.com/entertainment/2026/06/03/154003/ghea-indrawari-ubah-lirik-lagu-mbg-jadi-mas-boleh-nggak-penonton-malah-kompak-teriak-bahlil,"Ghea Indrawari Ubah Lirik Lagu MBG Jadi 'Mas Boleh Nggak', Penonton Malah Kompak Teriak 'Bahlil'","Ghea Indrawari Ubah Lirik Lagu MBG Jadi 'Mas Boleh Nggak', Penonton Malah Kompak Teriak 'Bahlil'. - Ghea Indrawari mempelesetkan lirik lagu viral ""MBG"" menjadi kalimat gombalan ""Mas Boleh Nggak"" saat tampil di atas panggung. - Saat diajak bernyanyi bersama, penonton justru kompak meneriakkan nama ""Bahlil"" sesuai lirik asli versi viralnya hingga membuat suasana pecah.",negatif,0.8787
fe732fc23886,Detik,2026-06-04,https://health.detik.com/berita-detikhealth/d-8517074/sentil-sppg-yang-kasih-lauk-ayam-kecil-di-mbg-prabowo-dosa,"Sentil SPPG yang Kasih Lauk Ayam 'Kecil' di MBG, Prabowo: Dosa!","Sentil SPPG yang Kasih Lauk Ayam 'Kecil' di MBG, Prabowo: Dosa!. Presiden Prabowo Subianto menyentil para Satuan Pelayanan Pemenuhan Gizi (SPPG) yang masih memberikan lauk ayam yang dianggap kecil dalam program Makan Bergizi Gratis (MBG). Saking kecilnya, Prabowo menduga para SPPG 'nakal' tersebut memotong satu ekor ayam utuh menjadi 18 hingga 22 bagian.",negatif,0.8792
3423279f3ce7,Kumparan,2026-06-02,https://kumparan.com/kumparannews/video/1780413368170097721,Dasco: DPR Apresiasi Pemerintah Copot Kepala BGN,"Dasco: DPR Apresiasi Pemerintah Copot Kepala BGN. kumparanNEWS 2 Jun 2026 Dasco: DPR Apresiasi Pemerintah Copot Kepala BGN Wakil Ketua DPR Sufmi Dasco Ahmad mengapresiasi langkah pemerintah yang melakukan pergantian pimpinan Badan Gizi Nasional (BGN), termasuk mencopot Dadan Hindayana dari jabatan Kepala BGN. Ia mengatakan DPR telah menerima informasi terkait pergantian pimpinan BGN dan mengikuti penjelasan pemerintah yang disampaikan Menteri Sekretaris Negara (Mensesneg) Prasetyo Hadi.",netral,0.8792
e2534ab37363,Detik,2026-06-06,https://health.detik.com/diet/d-8520196/dilarang-prabowo-jadi-lauk-mbg-apa-sih-efeknya-jika-telur-dadar-dicampur-tepung,"Dilarang Prabowo Jadi Lauk MBG, Apa Sih Efeknya Jika Telur Dadar Dicampur Tepung?","Dilarang Prabowo Jadi Lauk MBG, Apa Sih Efeknya Jika Telur Dadar Dicampur Tepung?. Presiden Prabowo Subianto menyoroti kualitas menu dalam Program Makan Bergizi Gratis (MBG) saat menghadiri acara Building Indonesia's Future Generations Through Nutrition di Sentul International Convention Center (SICC), Bogor, Jawa Barat, Rabu (3/6/2026). Setelah sebelumnya mengingatkan para mitra agar satu ekor ayam tidak dipotong lebih dari 14 bagian, Prabowo juga menyinggung menu telur yang diberikan kepada anak-anak penerima manfaat.",negatif,0.8798
5c18d1e47007,Antara,2026-06-04,https://www.antaranews.com/berita/5594685/mensesneg-pengalaman-dan-ketegasan-jadi-modal-nanik-pimpin-bgn,Mensesneg: Pengalaman dan ketegasan jadi modal Nanik pimpin BGN,"Mensesneg: Pengalaman dan ketegasan jadi modal Nanik pimpin BGN. Jakarta (ANTARA) - Menteri Sekretaris Negara (Mensesneg) Prasetyo Hadi menyebut sejumlah pertimbangan yang mendasari penunjukan Nanik Sudaryati Deyang sebagai Kepala Badan Gizi Nasional (BGN) yang baru. Menurutnya, Nanik dinilai memiliki pemahaman yang memadai terhadap tata kelola dan program-program BGN karena sebelumnya telah menjalankan tugas sebagai Wakil Kepala BGN selama beberapa bulan terakhir.",netral,0.8799
0aa3969133d7,Antara,2026-06-05,https://www.antaranews.com/berita/5595129/kementan-kawal-stabilitas-harga-telur-lewat-penguatan-serapan,Kementan kawal stabilitas harga telur lewat penguatan serapan,"Kementan kawal stabilitas harga telur lewat penguatan serapan. Jakarta (ANTARA) - Kementerian Pertanian (Kementan) mengawal stabilitas harga telur ayam ras melalui penguatan penyerapan produksi, perbaikan distribusi, dan penataan pasokan di berbagai sentra produksi nasional. ""Pemerintah mengambil berbagai langkah untuk memperkuat pasar dan memperlancar distribusi telur dari daerah surplus ke daerah yang masih membutuhkan pasokan,"" kata Direktur Jenderal Peternakan dan Kesehatan Hewan Kementan Agung Suganda dalam keterangan di Jakarta, Jumat.",positif,0.88
c1f0e4479341,Liputan6,2026-06-04,https://berita.liputan6.com/peristiwa/read/7659041/kejagung-usut-penyalahgunaan-insentif-rp-6-juta-per-hari-sppg-mbg,Kejagung Usut Penyalahgunaan Insentif Rp 6 Juta per Hari SPPG MBG,"Kejagung Usut Penyalahgunaan Insentif Rp 6 Juta per Hari SPPG MBG. Liputan6.com, Jakarta - Kejaksaan Agung (Kejagung) mendalami dugaan penyalahgunaan insentif harian yang diterima yayasan mitra Satuan Pelayanan Pemenuhan Gizi (SPPG) dalam Program Makan Bergizi Gratis (MBG). Insentif sekitar Rp 6 juta per hari yang diterima SPPG kini menjadi salah satu fokus penyidikan dalam kasus dugaan korupsi yang menjerat tiga mantan petinggi Badan Gizi Nasional (BGN).",negatif,0.8804
8aca7058b536,Detik,2026-06-04,https://www.detik.com/sumbagsel/berita/d-8516571/kepala-bgn-diganti-gubernur-sumsel-harap-kualitas-mbg-meningkat,"Kepala BGN Diganti, Gubernur Sumsel Harap Kualitas MBG Meningkat","Kepala BGN Diganti, Gubernur Sumsel Harap Kualitas MBG Meningkat. Pemerintah Provinsi Sumatera Selatan menyatakan menghormati setiap keputusan yang diambil Presiden terkait pelaksanaan program Makan Bergizi Gratis (MBG). Sebab, kebijakan tersebut merupakan kewenangan prerogatif Presiden dalam rangka memastikan program berjalan optimal.",netral,0.8806
d8eb408bc2a8,Antara,2026-05-31,https://www.antaranews.com/berita/5588331/sepekan-kemitraan-ri-prancis-hingga-29400-dapur-mbg-lolos-verifikasi,"Sepekan, kemitraan RI-Prancis hingga 29.400 dapur MBG lolos verifikasi","Sepekan, kemitraan RI-Prancis hingga 29.400 dapur MBG lolos verifikasi. Jakarta (ANTARA) - Berbagai peristiwa di bidang ekonomi yang terjadi sepekan terakhir masih hangat serta relevan untuk disimak kembali pada Minggu pagi ini, mulai dari Indonesia dan Prancis mempererat hubungan bilateral melalui penguatan kemitraan strategis hingga 29.400 unit dapur Makan Bergizi Gratis (MBG) telah lolos verifikasi secara nasional. Berikut rangkuman berita pilihan : Prabowo-Macron perkuat kemitraan strategis Indonesia-Prancis Presiden Prabowo Subianto mempererat hubungan bilateral melalui penguatan kemitraan strategis komprehensif bersama Presiden Perancis Emmanuel Macron di Paris, Prancis, guna meningkatkan kerja sama di berbagai sektor utama.",positif,0.8806
f13b57e80f5c,Antara,2026-06-02,https://www.antaranews.com/berita/5591092/prabowo-dikerumuni-siswa-berebut-tanda-tangan-usai-cek-mbg-di-smpn-111,Prabowo dikerumuni siswa berebut tanda tangan usai cek MBG di SMPN 111,"Prabowo dikerumuni siswa berebut tanda tangan usai cek MBG di SMPN 111. Jakarta (ANTARA) - Presiden Prabowo Subianto dikerumuni para siswa yang berebut tanda tangan usai meninjau pelaksanaan program Makan Bergizi Gratis (MBG) di SMP Negeri 111 Jakarta, Selasa. Sebagaimana keterangan dari Badan Komunikasi Pemerintah (Bakom) RI, usai meninjau pelaksanaan program dan berinteraksi dengan para siswa di ruang kelas, Prabowo pun berpamitan dan siap melanjutkan agenda berikutnya.",netral,0.8815
5e0c25b4b890,Suara,2026-06-05,https://www.suara.com/lifestyle/2026/06/05/074309/raup-miliaran-per-hari-lewat-korupsi-program-mbg-segini-gaji-dadan-hindayana-saat-jadi-kepala-bgn,"Raup Miliaran Per Hari Lewat Korupsi Program MBG, Segini Gaji Dadan Hindayana saat Jadi Kepala BGN","Raup Miliaran Per Hari Lewat Korupsi Program MBG, Segini Gaji Dadan Hindayana saat Jadi Kepala BGN. - Kejagung mengusut dugaan korupsi yayasan mitra fasilitas Dadan Hindayana. - Padahal negara memberikan gaji dan fasilitas Dadan Hindayana setingkat menteri.",negatif,0.8817
f4469f1b142d,Tempo,2026-06-05,https://www.tempo.co/politik/bgn-janji-benahi-tata-kelola-mbg-untuk-pulihkan-kepercayaan-2253006,BGN Janji Benahi Tata Kelola MBG untuk Pulihkan Kepercayaan,BGN Janji Benahi Tata Kelola MBG untuk Pulihkan Kepercayaan. BADAN Gizi Nasional berupaya memulihkan kepercayaan publik terhadap program makan bergizi gratis atau MBG setelah kasus dugaan korupsi yang menyeret sejumlah pejabat lembaga tersebut. Kepemimpinan baru BGN yang sedang dalam tekanan publik menjanjikan evaluasi menyeluruh terhadap tata kelola dan pelaksanaan program yang menjadi salah satu prioritas pemerintah itu.,positif,0.8822
8c049bf6b45e,Kompas,2026-06-06,https://surabaya.kompas.com/read/2026/06/06/155717178/korupsi-mbg-seret-eks-kepala-bgn-akademisi-kejanggalan-sudah-terlihat-sejak,"Korupsi MBG Seret Eks Kepala BGN, Akademisi: Kejanggalan Sudah Terlihat Sejak Awal","Korupsi MBG Seret Eks Kepala BGN, Akademisi: Kejanggalan Sudah Terlihat Sejak Awal. Baca berita tanpa iklan. Gabung Kompas.com+ Kompas.com, 6 Juni 2026, 15:57 WIB SURABAYA, KOMPAS.com - Kejaksaan Agung (Kejagung) resmi menyeret mantan Kepala Badan Gizi Nasional (BGN), Dadan Hindayana, ke dalam pusaran kasus dugaan korupsi.",negatif,0.8823
c93d30b725ea,Suara,2026-05-26,https://www.suara.com/video/2026/05/26/172500/gibran-dihadang-mahasiswa-dapat-keluhan-soal-bbm-sampai-mbg,"Gibran Dihadang Mahasiswa, Dapat Keluhan soal BBM sampai MBG","Gibran Dihadang Mahasiswa, Dapat Keluhan soal BBM sampai MBG. Suara.com - Wakil Presiden RI, Gibran Rakabuming Raka menemui aliansi mahasiswa di Kupang, Nusa Tenggara Timur (NTT), baru-baru ini. Momen ini terjadi di dekat Bundaran Adipura Kupang.",negatif,0.883
d4324c46861a,Tempo,2026-06-05,https://www.tempo.co/politik/desakan-agar-mbg-dihentikan-2252973,Mengapa Makan Bergizi Gratis Sudah Waktunya Dihentikan,Mengapa Makan Bergizi Gratis Sudah Waktunya Dihentikan. SKANDAL korupsi di Badan Gizi Nasional (BGN) makin menguatkan alasan untuk menghentikan program makan bergizi gratis (MBG). Koalisi masyarakat sipil menilai skandal korupsi itu membuktikan program prioritas pemerintahan Prabowo Subianto tersebut dikelola asal-asalan dan menjadi bancakan banyak orang.,negatif,0.8848
a84096a77179,Kumparan,2026-06-05,https://kumparan.com/kumparanbisnis/realisasi-anggaran-mbg-tembus-rp-88-15-t-per-mei-2026-naik-17-5-dalam-sebulan-27XN29kQPQQ,"Realisasi Anggaran MBG Tembus Rp 88,15 T per Mei 2026, Naik 17,5% dalam Sebulan","Realisasi Anggaran MBG Tembus Rp 88,15 T per Mei 2026, Naik 17,5% dalam Sebulan. Realisasi Anggaran MBG Tembus Rp 88,15 T per Mei 2026, Naik 17,5% dalam Sebulan ·waktu baca 1 menit Menteri Keuangan Purbaya Yudhi Sadewa memaparkan realisasi anggaran Program Makan Bergizi Gratis (MBG) mencapai Rp 88,15 triliun hingga akhir Mei 2026. Capaian ini naik 17,53 persen dibandingkan realisasi bulan sebelumnya Rp 75 triliun.",negatif,0.8851
6c1ee0d097a0,Antara,2026-06-07,https://www.antaranews.com/berita/5597861/prabowo-santap-mbg-bersama-pelajar-sekolah-rakyat-di-tabanan,Prabowo santap MBG bersama pelajar Sekolah Rakyat di Tabanan,"Prabowo santap MBG bersama pelajar Sekolah Rakyat di Tabanan. Jakarta (ANTARA) - Presiden Prabowo Subianto menikmati makan siang dengan menu spesial Makan Bergizi Gratis (MBG) bersama para siswa Sekolah Rakyat Menengah Pertama (SRMP) 17 Tabanan, Bali saat meninjau sekolah tersebut pada Minggu. Menurut keterangan Badan Komunikasi Pemerintah (Bakom) RI diterima di Jakarta, momen tersebut terjadi usai Presiden memberikan arahan di hadapan para pelajar dan orang tua murid SRMP 17 Tabanan, Bali.",netral,0.8855
2342db408106,Kompas,2026-06-05,https://nasional.kompas.com/read/2026/06/05/14253161/tugas-2-wakil-kepala-bgn-yang-baru-audit-keuangan-hingga-mbg-di-daerah-3t,Tugas 2 Wakil Kepala BGN yang Baru: Audit Keuangan hingga MBG di Daerah 3T,"Tugas 2 Wakil Kepala BGN yang Baru: Audit Keuangan hingga MBG di Daerah 3T. Baca berita tanpa iklan. Gabung Kompas.com+ Kompas.com, 5 Juni 2026, 14:25 WIB Nawir Arsyad Akbar Penulis JAKARTA, KOMPAS.com - Dua Wakil Kepala Badan Gizi Nasional (BGN) akan mendapatkan tugas baru setelah ditunjuk Presiden Prabowo Subianto.",netral,0.8874
0d39dc7e34f5,Liputan6,2026-06-04,https://berita.liputan6.com/peristiwa/read/7660957/jabat-wakil-kepala-bgn-mayjen-trenggono-mundur-dari-tni,"Jabat Wakil Kepala BGN, Mayjen Trenggono Mundur dari TNI","Jabat Wakil Kepala BGN, Mayjen Trenggono Mundur dari TNI. Liputan6.com, Jakarta - Kepala Badan Gizi Nasional (BGN) Nanik S Deyang memperkenalkan wakil kepala BGN baru, Agustina Arumsari dan Mayjen TNI Trenggono. Keduanya menggantikan Lodewyk Pusung dan Sony Sonjaya.",netral,0.8876
8cbdf559d0e4,Detik,2026-04-29,https://www.detik.com/jateng/bisnis/d-8467434/prabowo-bakal-teruskan-mbg-sampai-selesai-banyak-yang-takut-ini-berhasil,Prabowo Bakal Teruskan MBG Sampai Selesai: Banyak yang Takut Ini Berhasil,"Prabowo Bakal Teruskan MBG Sampai Selesai: Banyak yang Takut Ini Berhasil. Presiden Prabowo Subianto menyatakan bakal meneruskan program Makan Bergizi Gratis (MBG) sampai selesai. Menurut Prabowo, program tersebut menjadi salah satu upaya konkret pemerintah dalam meningkatkan kesejahteraan rakyat.",netral,0.8882
e7ecd24081c5,Tempo,2026-06-03,https://www.tempo.co/politik/karangan-bunga-hiasi-halaman-depan-kantor-bgn-2217703,Karangan Bunga Hiasi Halaman Depan Kantor BGN,"Karangan Bunga Hiasi Halaman Depan Kantor BGN. BEBERAPA karangan bunga berjejer menghiasi depan kantor Badan Gizi Nasional (BGN) di bilangan Kebon Sirih, Jakarta Pusat pada Rabu pagi, 3 Juni 2026. Tampak karangan bunga tersebut menyampaikan pesan selamat atas diangkatnya Nanik Sudaryati Deyang menjadi Kepala BGN yang baru menggantikan Dadan Hindayana.",positif,0.8884
884431217c13,Detik,2026-06-07,https://news.detik.com/berita/d-8521577/momen-prabowo-santap-mbg-bareng-ortu-dan-siswa-sekolah-rakyat-di-bali,Momen Prabowo Santap MBG Bareng Ortu dan Siswa Sekolah Rakyat di Bali,"Momen Prabowo Santap MBG Bareng Ortu dan Siswa Sekolah Rakyat di Bali. Ada momen unik di sela peninjauan Presiden Prabowo Subianto ke Sekolah Rakyat Menengah Pertama (SRMP) 17 Tabanan, Bali. Prabowo makan siang dengan paket Makan Bergizi Gratis (MBG) dengan para orang tua dan siswa di lokasi.",netral,0.8886
785c7cfe4c20,Liputan6,2026-06-02,https://berita.liputan6.com/peristiwa/read/7592334/pemerintah-pastikan-pergantian-pimpinan-bgn-tak-ganggu-pelaksanaan-program-mbg,Pemerintah Pastikan Pergantian Pimpinan BGN Tak Ganggu Pelaksanaan Program MBG,"Pemerintah Pastikan Pergantian Pimpinan BGN Tak Ganggu Pelaksanaan Program MBG. Liputan6.com, Jakarta - Pemerintah menegaskan pergantian struktur kepemimpinan di Badan Gizi Nasional (BGN) tidak akan memengaruhi pelaksanaan Program Makan Bergizi Gratis (MBG) yang saat ini tengah berjalan di berbagai daerah. Presiden Prabowo Subianto memutuskan melakukan penyegaran di jajaran pimpinan BGN setelah melakukan monitoring dan evaluasi terhadap pelaksanaan program MBG selama sekitar 1,5 tahun terakhir.",netral,0.8887
16b735d2c6ee,Liputan6,2026-06-02,https://www.liputan6.com/regional/read/7589293/alasan-operasional-belasan-sppg-di-kudus-dihentikan,Alasan Operasional Belasan SPPG di Kudus Dihentikan,"Alasan Operasional Belasan SPPG di Kudus Dihentikan. Liputan6.com, Jakarta - Operasional belasan satuan pelayanan pemenuhan gizi ( SPPG) di Kabupaten Kudus, Jawa Tengah, dihentikan lantaran tidak memiliki instalasi pembuangan air limbah (IPAL), maupun IPAL tidak sesuai standar. Penutupan belasan SPPG yang tak memenuhi standar kelayakan dapur MBG ini, berdasarkan surat edaran Badan Gizi Nasional nomor 2640/D.TWS/05/2026, tentang Pemberhentian Operasional Sementara tertanggal 25 Mei 2026.",negatif,0.8908
150b62cf3a4e,Liputan6,2026-05-26,https://berita.liputan6.com/peristiwa/read/7292014/dampak-anggaran-dipangkas-mbg-anak-sekolah-kini-hanya-5-hari,"Dampak Anggaran Dipangkas, MBG Anak Sekolah Kini Hanya 5 Hari","Dampak Anggaran Dipangkas, MBG Anak Sekolah Kini Hanya 5 Hari. Liputan6.com, Jakarta - Badan Gizi Nasional (BGN) memastikan kualitas program Makan Bergizi Gratis (MBG) tidak akan berkurang meski anggarannya dipangkas dari Rp 335 triliun menjadi Rp 268 triliun. Efisiensi dilakukan dengan mengubah pola distribusi makanan kepada siswa.",negatif,0.891
94d68afa1a99,Detik,2026-05-29,https://www.detik.com/kalimantan/berita/d-8509359/paket-bundling-mbg-untuk-libur-sekolah-disetop-gegara-efisiensi,Paket Bundling MBG untuk Libur Sekolah Disetop gegara Efisiensi,Paket Bundling MBG untuk Libur Sekolah Disetop gegara Efisiensi. Badan Gizi Nasional (BGN) menghentikan sistem bundling Makan Bergizi Gratis (MBG) untuk libur sekolah. Perubahan proses distribusi ini dilakukan imbas efisiensi anggaran dari pemerintah.,negatif,0.8912
4f941214a678,Republika,2026-05-25,https://news.republika.co.id/berita/tfl1xz409/penipuan-jualbeli-titik-sppg-semakin-marak-kasus-paling-signifikan-di-jabar,"Penipuan Jual-Beli Titik SPPG Semakin Marak, Kasus Paling Signifikan di Jabar |Republika Online","Penipuan Jual-Beli Titik SPPG Semakin Marak, Kasus Paling Signifikan di Jabar |Republika Online. REPUBLIKA.CO.ID, JAKARTA -- Badan Gizi Nasional (BGN) berkoordinasi dengan Satgas Makan Bergizi Gratis (MBG) Polri guna menindaklanjuti maraknya kasus dugaan penipuan jual-beli titik Satuan Pelayanan Pemenuhan Gizi (SPPG). Wakil Kepala BGN Irjen Pol.",negatif,0.892
d56b725ddbf6,Kompas,2026-06-05,https://regional.kompas.com/read/2026/06/05/151649278/84-siswa-di-bangkalan-keracunan-satgas-temukan-mbg-dimasak-jam-11-malam,"84 Siswa di Bangkalan Keracunan, Satgas Temukan MBG Dimasak Jam 11 Malam","84 Siswa di Bangkalan Keracunan, Satgas Temukan MBG Dimasak Jam 11 Malam. Baca berita tanpa iklan. Gabung Kompas.com+ Kompas.com, 5 Juni 2026, 15:16 WIB BANGKALAN, KOMPAS.com - Kepala Satuan Tugas (Satgas) Makan Bergizi Gratis (MBG) Bangkalan, Bambang Budi Mustika menduga, 84 siswa di Kecamatan Kokop, Bangkalan diduga keracunan karena menyantap MBG yang telah dimasak sejak malam hari.",negatif,0.8923
bbbbd22be183,Kompas,2026-06-05,https://nasional.kompas.com/read/2026/06/05/18431481/bgn-bakal-batasi-jumlah-dapur-mbg-cukup-enam-per-kecamatan,"BGN Bakal Batasi Jumlah Dapur MBG, Cukup Enam per Kecamatan","BGN Bakal Batasi Jumlah Dapur MBG, Cukup Enam per Kecamatan. Baca berita tanpa iklan. Gabung Kompas.com+ Kompas.com, 5 Juni 2026, 18:43 WIB JAKARTA, KOMPAS.com - Kepala Badan Gizi Nasional (BGN) Nanik S Deyang menyatakan bahwa BGN akan membatasi jumlah Satuan Pelayanan Pemenuhan Gizi (SPPG) atau dapur Makan Bergizi Gratis (MBG) maksimal hanya enam unit per kecamatan.",netral,0.8925
7c13412fdadd,Detik,2026-06-04,https://www.detik.com/jogja/berita/d-8517529/dadan-dkk-ternyata-juga-main-main-penentuan-titik-dapur-sppg,Dadan dkk Ternyata Juga Main-main Penentuan Titik Dapur SPPG,"Dadan dkk Ternyata Juga Main-main Penentuan Titik Dapur SPPG. Mantan Kepala Badan Gizi Nasional (BGN), Dadan Hindayana ternyata bermain dalam penentuan titik dapur satuan pelayanan pemenuhan gizi (SPPG) dalam kasus yang menjeratnya. Dia melakukan aksinya bersama dua mantan wakilnya yaitu Sony Sonjaya dan Lodewyk Pusung yang juga sudah ditetapkan sebagai tersangka oleh Kejaksaan Agung (Kejagung).",negatif,0.8932
522f938399ac,Detik,2026-06-03,https://news.detik.com/foto-news/d-8516492/baru-dicopot-prabowo-eks-kepala-bgn-dadan-hindayana-langsung-ditahan-kejagung,"Baru Dicopot Prabowo, Eks Kepala BGN Dadan Hindayana Langsung Ditahan Kejagung","Baru Dicopot Prabowo, Eks Kepala BGN Dadan Hindayana Langsung Ditahan Kejagung. Jakarta - Mantan Kepala BGN Dadan Hindayana ditahan Kejagung pada Rabu (3/6), hanya sehari setelah dicopot Presiden Prabowo Subianto dari jabatannya. Foto Baru Dicopot Prabowo, Eks Kepala BGN Dadan Hindayana Langsung Ditahan Kejagung Rabu, 03 Jun 2026 17:52 WIB",negatif,0.8933
0728e1679ff2,Antara,2026-06-04,https://www.antaranews.com/berita/5593843/dpr-tingkatkan-pengawasan-audit-tata-kelola-bgn-usai-ada-kasus-korupsi,DPR tingkatkan pengawasan audit tata kelola BGN usai ada kasus korupsi,"DPR tingkatkan pengawasan audit tata kelola BGN usai ada kasus korupsi. Jakarta (ANTARA) - Wakil Ketua DPR RI Cucun Ahmad Syamsurijal mengatakan bahwa lembaganya akan meningkatkan pengawasan terhadap audit tata kelola Badan Gizi Nasional (BGN) setelah adanya kasus dugaan korupsi yang menjerat tiga mantan pimpinan di badan yang menyelenggarakan program Makam Bergizi Gratis itu. Melalui Komisi IX DPR RI, jelas Cucun, proses perencanaan, penganggaran, hingga post audit di BGN akan terus dikawal dan memastikan bahwa anggaran BGN pada 2027 akan dievaluasi.",negatif,0.8936
d84dc4b45af2,Tempo,2026-06-05,https://www.tempo.co/politik/bgn-tak-lagi-kejar-target-82-juta-penerima-mbg-2252958,BGN Tak Lagi Kejar Target 82 Juta Penerima MBG,"BGN Tak Lagi Kejar Target 82 Juta Penerima MBG. BADAN Gizi Nasional (BGN) mengubah arah pelaksanaan program makan bergizi gratis (MBG). Di bawah kepemimpinan baru, BGN menyatakan tidak lagi berfokus mengejar target 82 juta penerima manfaat pada tahun ini, melainkan memprioritaskan kualitas layanan dan ketepatan sasaran program.",netral,0.8937
96814df42f7b,Antara,2026-05-29,https://www.antaranews.com/berita/5586572/bgn-jumlah-dapur-mbg-lolos-verifikasi-sebanyak-29400,BGN: Jumlah dapur MBG lolos verifikasi sebanyak 29.400,"BGN: Jumlah dapur MBG lolos verifikasi sebanyak 29.400. Sekarang, yang terverifikasi secara nasional ada 29.400 dapur dan yang sudah operasional 27.900 dapur Mataram (ANTARA) - Wakil Kepala Badan Gizi Nasional (BGN) Sony Sonjaya mengungkapkan jumlah dapur Makan Bergizi Gratis (MBG) yang kini telah lolos verifikasi secara nasional sebagai mitra sebanyak 29.400. ""Sekarang, yang terverifikasi secara nasional ada 29.400 dapur dan yang sudah operasional 27.900 dapur,"" kata Sony Sonjaya dalam konferensi pers di Markas Kepolisian Daerah Nusa Tenggara Barat, Mataram, Jumat.",positif,0.8942
446d095eb735,Antara,2026-05-25,https://www.antaranews.com/berita/5582204/28-dapur-sppg-lampung-ditangguhkan-sementara,28 dapur SPPG Lampung ditangguhkan sementara,"28 dapur SPPG Lampung ditangguhkan sementara. Bandarlampung (ANTARA) - Ketua Pelaksana Satuan Tugas (Satgas) Makan Bergizi Gratis (MBG) Provinsi Lampung Saipul mengatakan di Provinsi Lampung tercatat ada 28 dapur Satuan Pelayanan Pemenuhan Gizi (SPPG) yang ditangguhkan sementara untuk meningkatkan kualitas pelayanan Program Makan Bergizi Gratis (MBG) di wilayahnya. Saipul di Bandarlampung , Senin, mengatakan 28 dapur Satuan Pelayanan Pemenuhan Gizi yang ditangguhkan sementara tersebut tersebar di sejumlah kabupaten dan kota di Provinsi Lampung.",negatif,0.8947
ab482f38f948,Suara,2026-06-07,https://www.suara.com/news/2026/06/07/085539/bgn-diguncang-korupsi-cukupkah-pergantian-pimpinan-selamatkan-program-mbg,BGN Diguncang Korupsi: Cukupkah Pergantian Pimpinan Selamatkan Program MBG?,BGN Diguncang Korupsi: Cukupkah Pergantian Pimpinan Selamatkan Program MBG?. - Kejaksaan Agung menetapkan mantan Kepala BGN Dadan Hindayana beserta dua wakilnya sebagai tersangka kasus korupsi tata kelola program MBG. - Nanik S Dayeng menggantikan posisi Kepala BGN untuk memulihkan kepercayaan publik serta melakukan efisiensi anggaran program MBG tersebut.,negatif,0.895
f36aaa31727e,Liputan6,2026-06-04,https://www.liputan6.com/news/read/7648596/terungkap-bgn-tak-pernah-lapor-pengadaan-motor-listrik-hingga-sepatu-ke-dpr,"Terungkap, BGN Tak Pernah Lapor Pengadaan Motor Listrik Hingga Sepatu ke DPR","Terungkap, BGN Tak Pernah Lapor Pengadaan Motor Listrik Hingga Sepatu ke DPR. Liputan6.com, Jakarta - Badan Gizi Nasional (BGN) diguncang kasus korupsi. Sejumlah yayasan yang ditunjuk sebagai mitra SPPG terafiliasi dengan tiga mantan pimpinan BGN.",negatif,0.8953
9f8a0bfdbfb6,Liputan6,2026-06-03,https://www.liputan6.com/news/read/7624379/prabowo-yakin-mbg-bisa-ciptakan-3-juta-lapangan-kerja-begini-hitungannya,"Prabowo Yakin MBG Bisa Ciptakan 3 Juta Lapangan Kerja, Begini Hitungannya","Prabowo Yakin MBG Bisa Ciptakan 3 Juta Lapangan Kerja, Begini Hitungannya. Liputan6.com, Jakarta - Presiden Prabowo Subianto menegaskan Program Makan Bergizi Gratis (MBG) merupakan upaya pemerintah untuk mengatasi masalah kekurangan gizi pada anak sekaligus meningkatkan kualitas sumber daya manusia Indonesia. Hal itu disampaikan Prabowo saat menghadiri acara Building Indonesia’s Future Generations Through Nutrition di Sentul International Convention Center (SICC), Kabupaten Bogor, Jawa Barat, Rabu (3/6/2026).",positif,0.8959
d4c9645b45ff,Detik,2026-04-29,https://www.detik.com/jateng/bisnis/d-8467630/prabowo-genjot-mbg-kopdes-apa-salah-menggelontor-uang-ke-rakyat,Prabowo Genjot MBG-Kopdes: Apa Salah Menggelontor Uang ke Rakyat?,"Prabowo Genjot MBG-Kopdes: Apa Salah Menggelontor Uang ke Rakyat?. Presiden Prabowo Subianto menyatakan berhasil mengembalikan kekayaan yang lari ke luar negeri dengan menggenjot program yang menggerakkan ekonomi masyarakat. Progam itu mulai dari Makan Bergizi Gratis (MBG), Koperasi Desa Merah Putih, Sekolah Rakyat, hingga pembangunan 3 juta rumah.",netral,0.8977
c537406c7553,Tempo,2026-06-05,https://www.tempo.co/hukum/korupsi-mbg-bgn-dadan-sonny-tppu-2252922,Rame-rame Korupsi Makan Bergizi,Rame-rame Korupsi Makan Bergizi. Ringkasan Berita - Pelaksanaan proyek makan bergizi gratis oleh Badan Gizi Nasional terbelit skandal korupsi. - Publik sudah lama menduga adanya praktik lancung yang dijalankan mantan petinggi BGN.,negatif,0.899
42969a8cef57,Antara,2026-05-25,https://www.antaranews.com/berita/5581793/bgn-tak-ada-kerja-sama-dengan-pihak-manapun-terkait-pendaftaran-sppg,BGN: Tak ada kerja sama dengan pihak manapun terkait pendaftaran SPPG,BGN: Tak ada kerja sama dengan pihak manapun terkait pendaftaran SPPG. Jakarta (ANTARA) - Wakil Kepala Badan Gizi Nasional (BGN) Bidang Operasional Pemenuhan Gizi Sony Sonjaya menegaskan tidak ada kerja sama dengan pihak manapun terkait pendaftaran titik Satuan Pelayanan Pemenuhan Gizi (SPPG). Sony menyampaikan hal tersebut untuk menanggapi maraknya laporan dugaan penipuan pendaftaran titik lokasi SPPG kepada masyarakat dengan meminta sejumlah uang.,netral,0.899
8097bc6dc78c,Suara,2026-06-05,https://www.suara.com/otomotif/2026/06/05/105054/usut-proyek-bgn-era-dadan-hindayana-kejagung-temukan-vendor-konveksi-suplai-21-ribu-motor-listrik,"Usut Proyek BGN Era Dadan Hindayana, Kejagung Temukan Vendor Konveksi Suplai 21 Ribu Motor Listrik","Usut Proyek BGN Era Dadan Hindayana, Kejagung Temukan Vendor Konveksi Suplai 21 Ribu Motor Listrik. - Vendor penyuplai motor listrik BGN ternyata juga memiliki bisnis konveksi dan alat olahraga. - Kejagung temukan vendor tidak memiliki dealer maupun bengkel resmi yang aktif beroperasi.",negatif,0.8992
d5e3b6fc64f7,Liputan6,2026-06-03,https://berita.liputan6.com/peristiwa/read/7608953/kantor-bgn-digeledah-usai-dadan-dicopot-karyawan-tak-boleh-masuk,"Kantor BGN Digeledah Usai Dadan Dicopot, Karyawan Tak Boleh Masuk","Kantor BGN Digeledah Usai Dadan Dicopot, Karyawan Tak Boleh Masuk. Liputan6.com, Jakarta - Aktivitas di Kantor Badan Gizi Nasional (BGN), Jalan Kebon Sirih, Menteng, Jakarta Pusat, tampak tidak biasa pada Rabu (3/6/2026) pagi. Sejumlah pegawai terlihat menunggu di luar area gedung dan lobi kantor.",negatif,0.8993
08110ef2c0ee,Antara,2026-06-04,https://www.antaranews.com/berita/5594141/kejagung-pastikan-motor-listrik-tak-disita-terkait-kasus-korupsi-mbg,Kejagung pastikan motor listrik tak disita terkait kasus korupsi MBG,"Kejagung pastikan motor listrik tak disita terkait kasus korupsi MBG. Jakarta (ANTARA) - Kejaksaan Agung (Kejagung) memastikan bahwa sepeda motor listrik tak akan disita terkait kasus dugaan korupsi tata kelola program Makan Bergizi Gratis (MBG) pada BGN tahun 2025–2026. Diketahui, sepeda motor listrik merupakan salah satu barang yang harga pengadaannya diduga di-mark up atau digelembungkan oleh tiga tersangka kasus ini, yaitu mantan Kepala Badan Gizi Nasional (BGN) Dadan Hindayana dan dua mantan Wakil Kepala BGN, Lodewyk Pusung dan Sony Sonjaya.",positif,0.9006
df5785b82c3b,Detik,2026-06-04,https://finance.detik.com/berita-ekonomi-bisnis/d-8518254/waka-bgn-mayjen-trenggono-bakal-mundur-dari-tni-fokus-urus-mbg-di-3t,"Waka BGN Mayjen Trenggono Bakal Mundur dari TNI, Fokus Urus MBG di 3T","Waka BGN Mayjen Trenggono Bakal Mundur dari TNI, Fokus Urus MBG di 3T. Kepala Badan Gizi Nasional (BGN) Nanik Sudaryati Deyang memperkenalkan jajaran pimpinan tinggi di lembaganya usai perombakan besar-besaran yang dilakukan pemerintah pada lembaga pengelola Makan Bergizi Gratis (MBG) tersebut. Salah satunya adalah penunjukkan Mayjen TNI Trenggono yang menjadi Wakil Kepala (Waka) BGN.",netral,0.9006
b2adc3dccabe,Tempo,2026-04-13,https://www.tempo.co/kolom/kejanggalan-sepeda-motor-listrik-mbg-2128486,Motor Listrik Bergizi Gratis,"Motor Listrik Bergizi Gratis. Ringkasan Berita - Pengadaan sepeda motor operasional MBG tidak melibatkan DPR dan Kementerian Keuangan. - Purbaya Yudhi Sadewa mengaku sudah menolak pengajuan anggaran senilai Rp 1,98 triliun itu.",netral,0.9009
06fd28e6caeb,Antara,2026-06-02,https://www.antaranews.com/berita/5590525/kemenperin-dorong-peningkatan-kapasitas-industri-susu-untuk-mbg,Kemenperin dorong peningkatan kapasitas industri susu untuk MBG,"Kemenperin dorong peningkatan kapasitas industri susu untuk MBG. Jakarta (ANTARA) - Kementerian Perindustrian (Kemenperin) mendorong peningkatan kapasitas industri pengolahan susu guna memenuhi kebutuhan program Makan Bergizi Gratis (MBG) 2026 yang diperkirakan mencapai 4,8 miliar kemasan susu ukuran 115 dan 125 mililiter. “Program MBG tahun 2026 ini kebutuhan susu itu sebesar 4,8 miliar kemasan sedangkan kapasitas industri pengolahan susu nasional untuk kemasan 115 dan 125 mililiter itu baru 2,39 miliar atau 49,7 persen dari kebutuhan MBG secara keseluruhan,” kata Direktur Industri Minuman, Hasil Tembakau dan Bahan Penyegar Kementerian Perindustrian Merrijantij Punguan Pintaria dalam konferensi pers Hari Susu Nusantara 2026 di Jakarta, Selasa.",positif,0.9013
3237c9625e9a,Antara,2026-06-04,https://www.antaranews.com/berita/5594491/kepala-bgn-mbg-akan-difokuskan-di-wilayah-3t-dan-kelompok-3b,Kepala BGN: MBG akan difokuskan di wilayah 3T dan kelompok 3B,Kepala BGN: MBG akan difokuskan di wilayah 3T dan kelompok 3B. BGN menyiapkan rencana kerja yang fokus pada efisiensi anggaran tanpa mengurangi sasaran dan kualitas menu MBG. Anggaran yang ditetapkan untuk Program MBG di tahun 2026 yakni sebesar Rp268 triliun.,positif,0.9016
8846bbdef867,Antara,2026-06-05,https://www.antaranews.com/berita/5595513/purbaya-sebut-realisasi-anggaran-mbg-capai-rp8815-triliun,"Purbaya sebut realisasi anggaran MBG capai Rp88,15 triliun","Purbaya sebut realisasi anggaran MBG capai Rp88,15 triliun. ealisasi anggaran Makan Bergizi Gratis sampai sekarang sudah mencapai Rp88,15 triliun untuk 63,13 juta penerima dan 29.679 SPPG Jakarta (ANTARA) - Menteri Keuangan (Menkeu) Purbaya Yudhi Sadewa melaporkan, realisasi anggaran untuk program Makan Bergizi Gratis (MBG) hingga Mei 2026 mencapai Rp88,15 triliun naik 17,53 persen dibandingkan posisi April 2026 yang sebesar Rp75 triliun. ”Realisasi anggaran Makan Bergizi Gratis sampai sekarang sudah mencapai Rp88,15 triliun untuk 63,13 juta penerima dan 29.679 SPPG,” kata Purbaya dalam konferensi pers APBN KiTa Edisi Juni 2026 di Jakarta, Jumat.",netral,0.9016
7e14a78afbf2,Republika,2026-06-02,https://news.republika.co.id/berita/tg0k6a348/mensesneg-pimpinan-baru-bgn-bisa-langsung-jalankan-tugas-pemerintah-pastikan-mbg-tetap-jalan,"Mensesneg: Pimpinan Baru BGN Bisa Langsung Jalankan Tugas, Pemerintah Pastikan MBG Tetap Jalan |Republika Online","Mensesneg: Pimpinan Baru BGN Bisa Langsung Jalankan Tugas, Pemerintah Pastikan MBG Tetap Jalan |Republika Online. REPUBLIKA.CO.ID, JAKARTA -- Pemerintah memastikan pergantian jajaran pimpinan Badan Gizi Nasional (BGN) tidak akan mengganggu pelaksanaan Program Makan Bergizi Gratis (MBG). Menteri Sekretaris Negara Prasetyo Hadi menegaskan, pejabat yang baru ditunjuk Presiden Prabowo Subianto sudah dapat langsung menjalankan tugas dan tanggung jawabnya meski jadwal pelantikan resmi masih menunggu pengumuman lebih lanjut.",positif,0.9017
935c8abb7703,Antara,2026-05-23,https://www.antaranews.com/berita/5579905/polresta-barelang-dan-bgn-ungkap-dugaan-penipuan-jual-titik-dapur-mbg,Polresta Barelang dan BGN ungkap dugaan penipuan jual titik dapur MBG,"Polresta Barelang dan BGN ungkap dugaan penipuan jual titik dapur MBG. Batam (ANTARA) - Kepolisian Resor Kota Batam-Rempang-Galang (Polresta Barelang) bersama Badan Gizi Nasional (BGN) mengungkap dugaan penipuan penjualan titik Satuan Pelayanan Pemenuhan Gizi (SPPG) program Makan Bergizi Gratis (MBG) di Batam, Kepulauan Riau. Wakil Kepala Polda Kepri Brigjen Pol Anom Wibowo mengatakan kasus tersebut masih dalam tahap penyelidikan dan kepolisian menggandeng BGN untuk memberikan edukasi kepada masyarakat terkait modus serupa.",negatif,0.9032
e6adcb3b2bb3,Detik,2026-06-05,https://www.detik.com/sumut/berita/d-8518574/istana-beberkan-alasan-tunjuk-nanik-jadi-kepala-bgn-gantikan-dadan,Istana Beberkan Alasan Tunjuk Nanik Jadi Kepala BGN Gantikan Dadan,"Istana Beberkan Alasan Tunjuk Nanik Jadi Kepala BGN Gantikan Dadan. Video News Istana Beberkan Alasan Tunjuk Nanik Jadi Kepala BGN Gantikan Dadan Jumat, 05 Jun 2026 07:29 WIB Jakarta - Mensesneg Prasetyo Hadi menjelaskan dua alasan penunjukan Nanik S. Deyang sebagai Kepala Badan Gizi Nasional, menggantikan Dadan Hindayana.",netral,0.9032
75c6094bd5fe,CNN Indonesia,2026-06-06,https://www.cnnindonesia.com/nasional/20260606165459-12-1366152/mahfud-md-dukung-pengungkapan-korupsi-bgn-oleh-kejagung,Mahfud MD Dukung Pengungkapan Korupsi BGN oleh Kejagung,"Mahfud MD Dukung Pengungkapan Korupsi BGN oleh Kejagung. Mahfud MD Dukung Pengungkapan Korupsi BGN oleh Kejagung Eks Menko Polhukam sekaligus pakar hukum tata negara, Mahfud MD menyambut baik pengungkapan kasus korupsi di Badan Gizi Nasional (BGN). Tiga mantan petinggi BGN sudah jadi tersangka yakni eks Kepala BGN Dadan Hindayana dan dua mantan wakil kepala Sony Sonjaya dan Lodewyk Pusung.",positif,0.9047
bf64d76d6400,Liputan6,2026-06-05,https://kesehatan.liputan6.com/info-sehat/read/7681737/rokok-di-rumah-ganggu-program-mbg-ini-3-rekomendasi-peneliti-ui,"Rokok di Rumah Ganggu Program MBG, Ini 3 Rekomendasi Peneliti UI","Rokok di Rumah Ganggu Program MBG, Ini 3 Rekomendasi Peneliti UI. Liputan6.com, Jakarta - Peneliti Pusat Kajian Jaminan Sosial Universitas Indonesia (PKJS-UI) menemukan bahwa konsumsi rokok dalam rumah tangga dapat mencederai tujuan Program Makan Bergizi Gratis (MBG) untuk meningkatkan gizi anak. Berdasarkan temuan tersebut, Ketua PKJS-UI, Aryana Satrya, merekomendasikan sejumlah langkah kebijakan untuk memperkuat efektivitas Program MBG.",negatif,0.9052
25725614adec,Antara,2026-06-02,https://www.antaranews.com/berita/5590732/bgn-libatkan-bkkbn-hingga-kepala-desa-verifikasi-data-mbg-3b-di-nabire,BGN libatkan BKKBN hingga kepala desa verifikasi data MBG 3B di Nabire,"BGN libatkan BKKBN hingga kepala desa verifikasi data MBG 3B di Nabire. Data yang akurat merupakan fondasi utama agar bantuan dan intervensi gizi diterima oleh masyarakat yang benar-benar berhak. Karena itu setiap data penerima manfaat harus melalui proses verifikasi dan validasi di lapangan Nabire (ANTARA) - Badan Gizi Nasional (BGN) Kabupaten Nabire, Papua Tengah, melibatkan Badan Kependudukan dan Keluarga Berencana Nasional (BKKBN) hingga kepala desa dan aparat kampung untuk memverifikasi dan validasi data penerima manfaat Kelompok 3B (ibu hamil, ibu menyusui, dan balita).",netral,0.9055
d74618744e4e,Detik,2026-06-06,https://news.detik.com/berita/d-8520769/bamsoet-harap-ada-perbaikan-substantif-pergantian-pimpinan-bgn,Bamsoet Harap Ada Perbaikan Substantif Pergantian Pimpinan BGN,"Bamsoet Harap Ada Perbaikan Substantif Pergantian Pimpinan BGN. Anggota DPR RI sekaligus Wakil Ketua Umum Partai Golkar, Bambang Soesatyo (Bamsoet) mengapresiasi langkah Presiden Prabowo Subianto melakukan pergantian kepemimpinan di Badan Gizi Nasional (BGN). Menurutnya, langkah itu sebagai bentuk respons terhadap berbagai aspirasi masyarakat terkait pelaksanaan Program Makan Bergizi Gratis (MBG).",netral,0.9055
b1fe2301e324,Detik,2026-06-03,https://news.detik.com/foto-news/d-8515704/kantor-bgn-digeledah-kejagung-akses-gedung-ditutup,"Kantor BGN Digeledah Kejagung, Akses Gedung Ditutup","Kantor BGN Digeledah Kejagung, Akses Gedung Ditutup. Jakarta - Kejaksaan Agung menggeledah kantor Badan Gizi Nasional tak lama setelah Presiden Prabowo mengumumkan pergantian pimpinan lembaga itu. Foto Kantor BGN Digeledah Kejagung, Akses Gedung Ditutup Rabu, 03 Jun 2026 11:33 WIB Kantor BGN Digeledah Kejagung, Akses Gedung Ditutup Rabu, 03 Jun 2026 11:33 WIB Jakarta - Kejaksaan Agung menggeledah kantor Badan Gizi Nasional tak lama setelah Presiden Prabowo mengumumkan pergantian pimpinan lembaga itu.",negatif,0.9062
1.4843055E+137,Antara,2026-05-23,,"Penerima MBG tembus 62,4 juta orang, cakup anak sekolah-ibu hamil","Penerima MBG tembus 62,4 juta orang, cakup anak sekolah-ibu hamil. Jakarta (ANTARA) - Program Makan Bergizi Gratis (MBG) terus memperluas jangkauan penerima manfaat di seluruh Indonesia dengan jumlah penerima manfaat mencapai 62,4 juta orang yang mencakup peserta didik, balita, ibu menyusui, hingga ibu hamil. ""Dari total penerima manfaat tersebut, kelompok peserta didik menjadi penerima terbesar dengan jumlah mencapai 48.350.393 orang.",positif,0.9064
b977b62f75b1,Detik,2026-04-10,https://www.detik.com/jogja/kota-pelajar/d-8437932/asyik-fakultas-geografi-ugm-sediakan-200-porsi-mbg-buat-mahasiswa-saat-ujian,Asyik! Fakultas Geografi UGM Sediakan 200 Porsi 'MBG' buat Mahasiswa Saat Ujian,Asyik! Fakultas Geografi UGM Sediakan 200 Porsi 'MBG' buat Mahasiswa Saat Ujian. Fakultas Geografi Universitas Gadjah Mada (UGM) membagikan 200 porsi sarapan gratis untuk mahasiswa selama Ujian Tengah Semester (UTS) semester genap tahun ajaran 2025/2026. Program ini berlangsung mulai Senin (6/4) hingga Jumat (17/4).,positif,0.9065
314c082d799b,Republika,2026-05-13,https://ekonomi.republika.co.id/berita/teypqt368/pertamina-gerak-cepat-atasi-kelangkaan-elpiji-untuk-sppg-di-nttntb,Pertamina Gerak Cepat Atasi Kelangkaan Elpiji untuk SPPG di NTT-NTB |Republika Online,"Pertamina Gerak Cepat Atasi Kelangkaan Elpiji untuk SPPG di NTT-NTB |Republika Online. REPUBLIKA.CO.ID, JAKARTA - Kelangkaan gas elpiji 12 kilogram (kg) yang sempat mengganggu operasional sejumlah Satuan Pelayanan Pemenuhan Gizi (SPPG) Program Makan Bergizi Gratis (MBG) di wilayah Nusa Tenggara Timur (NTT) dan Nusa Tenggara Barat (NTB) mulai mendapatkan solusi. Wakil Kepala Badan Gizi Nasional (BGN) Bidang Komunikasi Publik dan Investigasi, Nanik Sudaryati Deyang mengatakan BGN telah berkoordinasi langsung dengan PT Pertamina (Persero) guna memastikan kebutuhan gas untuk operasional dapur MBG segera terpenuhi.",positif,0.9067
d95d9a4e6a18,Liputan6,2026-06-03,https://www.liputan6.com/cek-fakta/read/7614087/ragam-hoaks-bgn-di-media-sosial-dari-foto-menu-mbg-hingga-lowongan-pppk,"Ragam Hoaks BGN di Media Sosial, dari Foto Menu MBG hingga Lowongan PPPK","Ragam Hoaks BGN di Media Sosial, dari Foto Menu MBG hingga Lowongan PPPK. Liputan6.com, Jakarta - Badan Gizi Nasional (BGN) tengah menjadi sorotan. Dadan Hindayana dicopot dari jabatannya sebagai kepala BGN dan digantikan Nanik S Deyang.",negatif,0.9067
5825520730dd,Antara,2026-06-05,https://www.antaranews.com/berita/5595435/wamendagri-kunjungi-maluku-perkuat-sektor-maritim-dan-psn,Wamendagri kunjungi Maluku perkuat sektor maritim dan PSN,"Wamendagri kunjungi Maluku perkuat sektor maritim dan PSN. Memasuki bulan Juni, realisasi anggaran harus terus dipacu. Kemendagri siap memberikan pendampingan penuh agar serapan anggaran berjalan optimal dan mampu menggerakkan ekonomi masyarakat Ambon (ANTARA) - Wakil Menteri Dalam Negeri (Wamendagri) Republik Indonesia Bidang Koordinator Wilayah Zona Timur, Ribka Haluk, melakukan kunjungan kerja ke Maluku untuk memperkuat pengembangan sektor maritim serta mendorong percepatan pelaksanaan Program Strategis Nasional (PSN) di daerah tersebut.",netral,0.907
5e2f3e18d8de,Suara,2026-06-03,https://www.suara.com/lifestyle/2026/06/03/133348/3-pimpinan-baru-bgn-usai-dadan-hindayana-dicopot-ada-birokrat-senior-hingga-mayjen-tni,"3 Pimpinan Baru BGN Usai Dadan Hindayana Dicopot, Ada Birokrat Senior hingga Mayjen TNI","3 Pimpinan Baru BGN Usai Dadan Hindayana Dicopot, Ada Birokrat Senior hingga Mayjen TNI. - Presiden Prabowo Subianto merombak total pimpinan Badan Gizi Nasional untuk meningkatkan efektivitas pelaksanaan program Makan Bergizi Gratis. - Nanik Sudaryati Deyang resmi dilantik sebagai Kepala Badan Gizi Nasional menggantikan Dadan Hindayana yang telah dicopot jabatannya.",netral,0.907
71b035dc8b40,Antara,2026-06-02,https://www.antaranews.com/berita/5590756/kementan-siapkan-dapur-susu-indonesia-perkuat-pasokan-susu-mbg,Kementan siapkan Dapur Susu Indonesia perkuat pasokan susu MBG,Kementan siapkan Dapur Susu Indonesia perkuat pasokan susu MBG. Jakarta (ANTARA) - Kementerian Pertanian (Kementan) tengah menyiapkan konsep Dapur Susu Indonesia (Dasi) untuk memperkuat pasokan susu bagi program Makan Bergizi Gratis (MBG) melalui unit pengolahan susu skala kecil yang terintegrasi dengan dapur MBG di daerah. Direktur Hilirisasi Hasil Peternakan Kementan Makmun mengatakan konsep tersebut juga dibuat untuk mendukung penyerapan susu segar produksi peternak lokal sekaligus memperluas pengembangan sapi perah di berbagai wilayah Indonesia.,positif,0.9076
06f6b34610cb,Detik,2026-04-27,https://www.detik.com/sumut/bisnis/d-8462684/pemerintah-siapkan-peraturan-soal-rantai-pasok-mbg,Pemerintah Siapkan Peraturan soal Rantai Pasok MBG,"Pemerintah Siapkan Peraturan soal Rantai Pasok MBG. Video News Pemerintah Siapkan Peraturan soal Rantai Pasok MBG Senin, 27 Apr 2026 04:00 WIB Jakarta - Deputi Bidang Keterjangkauan Kemenko Pangan, Nani Hendiarti, mengungkap pemerintah sedang menyiapkan Permenko untuk memperkuat rantai pasok pangan sesuai Peraturan Presiden (Perpres) nomor 115. Permenko dibuat agar ketersediaan bahan pangan terjamin sehingga program MBG dapat berjalan optimal.",positif,0.9092
4466f69ec964,Liputan6,2026-06-04,https://www.liputan6.com/cek-fakta/read/7646783/cek-fakta-hoaks-artikel-dadan-hindayana-sebut-jokowi-terima-uang-suap-mbg-2-triliun,Cek Fakta: Hoaks Artikel Dadan Hindayana Sebut Jokowi Terima Uang Suap MBG 2 Triliun,"Cek Fakta: Hoaks Artikel Dadan Hindayana Sebut Jokowi Terima Uang Suap MBG 2 Triliun. Liputan6.com, Jakarta - Tim Cek Fakta Liputan6.com menemukan postingan artikel eks Kepala BGN Dadan Hindayana menyebut Jokowi menerima uang suap MBG Rp 2 Triliun. Postingan itu beredar sejak tengah pekan ini.",negatif,0.9099
6d0650e43f35,Detik,2026-05-07,https://oto.detik.com/motor-listrik/d-8478744/sudah-ditolak-tapi-bgn-bisa-beli-motor-listrik-purbaya-akui-kebobolan,Sudah Ditolak tapi BGN Bisa Beli Motor Listrik? Purbaya Akui Kebobolan,"Sudah Ditolak tapi BGN Bisa Beli Motor Listrik? Purbaya Akui Kebobolan. Menteri Keuangan Purbaya mengakui kecolongan dalam pengadaan motor listrik Badan Gizi Nasional (BGN). Padahal Purbaya sudah menolak pengadaan tersebut, tapi kenapa BGN masih bisa membelinya?",negatif,0.9104
0c4e55c10377,Liputan6,2026-06-04,https://berita.liputan6.com/regional/read/7659690/jual-beli-sppg-di-batam-naik-penyidikan-tapi-tanpa-tersangka,Jual Beli SPPG di Batam Naik Penyidikan Tapi Tanpa Tersangka,"Jual Beli SPPG di Batam Naik Penyidikan Tapi Tanpa Tersangka. Liputan6.com, Jakarta - Kejaksaan Negeri Batam terus mendalami dugaan penipuan jual beli dua titik Satuan Pelayanan Pemenuhan Gizi (SPPG) senilai Rp 400 juta di Kota Batam. Meski perkara tersebut telah ditingkatkan ke tahap penyidikan oleh Polresta Barelang, belum ada yang ditetapkan sebagai tersangka.",negatif,0.911
6142730c6b49,Antara,2026-06-05,https://www.antaranews.com/berita/5594976/kemarin-mbg-fokus-di-3t-3b-hingga-skb-perlindungan-perempuan-anak,"Kemarin, MBG fokus di 3T-3B hingga SKB perlindungan perempuan-anak","Kemarin, MBG fokus di 3T-3B hingga SKB perlindungan perempuan-anak. Jakarta (ANTARA) - Sejumlah berita hari Kamis (4/6) dapat disimak kembali, mulai dari serba-serbi pembenahan tata kelola Badan Gizi Nasional (BGN) hingga Pemerintah teken Surat Keputusan Bersama (SKB) untuk pelayanan terpadu bagi perempuan dan anak di Jakarta. Selengkapnya dapat dibaca di sini.",positif,0.912
8a6cb830fce3,Republika,2026-05-19,https://ekonomi.republika.co.id/berita/tfah5g409/purbaya-pastikan-anggaran-mbg-dipangkas-jadi-rp268-triliun-pada-2026,Purbaya Pastikan Anggaran MBG Dipangkas Jadi Rp268 Triliun pada 2026 |Republika Online,"Purbaya Pastikan Anggaran MBG Dipangkas Jadi Rp268 Triliun pada 2026 |Republika Online. REPUBLIKA.CO.ID, JAKARTA -- Pemerintah memangkas pagu program Makan Bergizi Gratis (MBG) di Anggaran Pendapatan dan Belanja Negara (APBN) 2026 dari semula senilai Rp335 triliun menjadi Rp268 triliun. Menteri Keuangan Purbaya Yudhi Sadewa dalam konferensi pers APBN KiTa Edisi Mei 2026 di Jakarta, Selasa (19/5/2026), menjelaskan keputusan itu merupakan instruksi Presiden Prabowo Subianto untuk memastikan dana program MBG dapat dikelola dengan lebih efisien.",netral,0.9129
35ab7c2459c1,Tempo,2026-06-03,https://www.tempo.co/politik/kontroversi-dadan-hindayana-selama-jadi-kepala-bgn-2213772,Kontroversi Dadan Hindayana Selama Jadi Kepala BGN,"Kontroversi Dadan Hindayana Selama Jadi Kepala BGN. PRESIDEN Prabowo Subianto mencopot Dadan Hindayana dari posisi Kepala Badan Gizi Nasional pada Selasa, 2 Juni 2026. Posisi itu kini diganti oleh Nanik Sudaryati Deyang, yang sebelumnya mendampingi Dadan sebagai Wakil Kepala BGN.",negatif,0.9132
c3a4c9f7a496,Tempo,2026-06-04,https://www.tempo.co/politik/kata-kepala-bgn-soal-salah-satu-wakilnya-militer-aktif-2235805,Kata Kepala BGN soal Salah Satu Wakilnya Militer Aktif,"Kata Kepala BGN soal Salah Satu Wakilnya Militer Aktif. KEPALA Badan Gizi Nasional (BGN) Nanik Sudaryati Deyang menjelaskan soal status anggota TNI dari salah satu wakilnya, yaitu Mayor Jenderal Trenggono. Nanik mengatakan, saat ini Trenggono memang masih aktif sebagai militer.",netral,0.9135
55bf9c8d7bf4,Kompas,2026-06-06,https://money.kompas.com/read/2026/06/06/213559526/anggaran-mbg-terserap-rp-8815-triliun-hingga-mei-2026,"Anggaran MBG Terserap Rp 88,15 Triliun hingga Mei 2026","Anggaran MBG Terserap Rp 88,15 Triliun hingga Mei 2026. Baca berita tanpa iklan. Gabung Kompas.com+ Kompas.com, 6 Juni 2026, 21:35 WIB Nur Jamal Shaid Penulis JAKARTA, KOMPAS.com – Realisasi anggaran Program Makan Bergizi Gratis (MBG) mencapai Rp 88,15 triliun hingga akhir Mei 2026.",netral,0.9136
16ebb39125f9,Liputan6,2026-05-29,https://berita.liputan6.com/regional/read/7429323/penipuan-jual-beli-sppg-di-lombok-satu-titik-rp-950-juta,"Penipuan Jual Beli SPPG di Lombok, Satu Titik Rp 950 Juta","Penipuan Jual Beli SPPG di Lombok, Satu Titik Rp 950 Juta. Liputan6.com, Jakarta - Badan Gizi Nasional (BGN) dan Polres Lombok Timur menyelidiki kasus dugaan penipuan jual beli titik lokasi Satuan Pelayanan Pemenuhan Gizi (SPPG) di Kabupaten Lombok Timur, Nusa Tenggara Barat. Terungkap, satu titik dijual dengan harga Rp950 juta.",negatif,0.9137
992a72825b7e,Liputan6,2026-06-07,https://www.liputan6.com/regional/read/7773183/proyek-sppg-mandek-pengusaha-sukabumi-mengaku-rugi-rp-218-miliar,"Proyek SPPG Mandek, Pengusaha Sukabumi Mengaku Rugi Rp 218 Miliar","Proyek SPPG Mandek, Pengusaha Sukabumi Mengaku Rugi Rp 218 Miliar. Liputan6.com, Jakarta - Munjayin, investor asal Cikiray, Kecamatan Cisaat, Kabupaten Sukabumi, Jawa Barat mengaku rugi Rp 218 miliar dalam proyek pengambilalihan 97 dapur khusus Satuan Pelayanan Pemenuhan Gizi (SPPG). Munjayin melalui kuasa hukumnya, Ahmad Yazdi kini melayangkan tuntutan tegas kepada manajemen BGN untuk segera memulihkan hak-hak kliennya.",negatif,0.9141
5a1ea9610674,Antara,2026-05-31,https://www.antaranews.com/berita/5588248/humaniora-sepekan-perayaan-waisak-hingga-bahasa-prancis-di-sekolah,"Humaniora sepekan, perayaan Waisak hingga bahasa Prancis di sekolah","Humaniora sepekan, perayaan Waisak hingga bahasa Prancis di sekolah. Jakarta (ANTARA) - Sejumlah berita humaniora sepekan yang masih menarik untuk dibaca, mulai dari prosesi sakral biksu dalam perayaan Waisak hingga instruksi Prabowo soal bahasa Prancis. 1.",netral,0.9142
d3a2f04e2e61,Detik,2026-06-04,https://finance.detik.com/infrastruktur/d-8518047/bangun-69-gedung-sppg-di-15-provinsi-pt-pp-ungkap-keunggulannya,"Bangun 69 Gedung SPPG di 15 Provinsi, PT PP Ungkap Keunggulannya","Bangun 69 Gedung SPPG di 15 Provinsi, PT PP Ungkap Keunggulannya. PT PP (Persero) Tbk (PTPP) bersama Kementerian Pekerjaan Umum (PU) telah menyelesaikan pembangunan 69 Gedung Satuan Pelayanan Pemenuhan Gizi (SPPG) yang tersebar di 15 provinsi di Indonesia dalam waktu 37 hari kalender dengan nilai kontrak sebesar Rp 507,80 miliar. Pembangunan ini merupakan bagian dari dukungan terhadap Program Makan Bergizi Gratis (MBG) yang menjadi salah satu program strategis nasional di bawah kepemimpinan Presiden Prabowo Subianto.",positif,0.9146
0c8e7d1ad876,Antara,2026-06-03,https://www.antaranews.com/berita/5592795/kejagung-sebut-dadan-dkk-tunjuk-yayasan-terafiliasi-sebagai-mitra-sppg,Kejagung sebut Dadan dkk tunjuk yayasan terafiliasi sebagai mitra SPPG,"Kejagung sebut Dadan dkk tunjuk yayasan terafiliasi sebagai mitra SPPG. Jakarta (ANTARA) - Kejaksaan Agung mengungkapkan bahwa mantan Kepala Badan Gizi Nasional (BGN) Dadan Hindayana dan dua wakilnya, Lodewyk Pusung serta Sony Sonjaya, menunjuk yayasan yang terafiliasi secara melawan hukum sebagai mitra Satuan Pelayanan Pemenuhan Gizi (SPPG). Hal itu diungkapkan Direktur Penyidikan Jampidsus Kejagung Syarief Sulaeman Nahdi di Gedung Jampidsus Kejagung, Jakarta, Rabu, usai mengumumkan penetapan ketiganya sebagai tersangka dugaan tindak pidana korupsi tata kelola program Makan Bergizi Gratis (MBG) pada BGN tahun 2025–2026.",negatif,0.9149
b46da71e55ec,Liputan6,2026-06-04,https://berita.liputan6.com/peristiwa/read/7658145/begini-awal-mula-kejagung-bongkar-kasus-korupsi-mbg,Begini Awal Mula Kejagung Bongkar Kasus Korupsi MBG,"Begini Awal Mula Kejagung Bongkar Kasus Korupsi MBG. Liputan6.com, Jakarta - Kasus dugaan korupsi Program Makan Bergizi Gratis (MBG) ternyata telah lama menjadi perhatian Kejaksaan Agung (Kejagung). Berbagai persoalan yang sempat ramai diperbincangkan di media sosial bahkan ikut menjadi bahan kajian penyidik sebelum perkara tersebut naik ke tahap penyidikan hingga berujung pada penetapan tersangka.",negatif,0.915
1ca273b25077,Suara,2026-06-04,https://www.suara.com/lifestyle/2026/06/04/131732/siapa-tony-robbins-motivator-amerika-sahabat-prabowo-yang-diajak-cicipi-menu-mbg,Siapa Tony Robbins? Motivator Amerika Sahabat Prabowo yang Diajak Cicipi Menu MBG,"Siapa Tony Robbins? Motivator Amerika Sahabat Prabowo yang Diajak Cicipi Menu MBG. - Presiden Prabowo memperkenalkan motivator dunia Tony Robbins dalam acara nutrisi di Bogor pada Rabu, 3 Juni 2026. - Robbins meninjau Program Makan Bergizi Gratis bersama Prabowo karena memiliki kesamaan nilai kepedulian terhadap masalah kelaparan.",positif,0.9156
4d005161bb42,Tempo,2026-06-04,https://www.tempo.co/hukum/im57-soroti-korupsi-mbg-tak-ada-program-yang-kebal-2217936,IM57 Soroti Korupsi MBG: Tak Ada Program yang Kebal,IM57 Soroti Korupsi MBG: Tak Ada Program yang Kebal. IM57+ Institute merespons pengusutan dugaan korupsi dalam Program Makan Bergizi Gratis (MBG) yang menyeret tiga mantan petinggi Badan Gizi Nasional (BGN). Ketua IM57+ Institute Lakso Anindito menilai pengungkapan kasus tersebut menunjukkan aparat penegak hukum tetap dapat mengusut dugaan korupsi dalam proyek strategis pemerintah.,positif,0.9163
d8382593ea0e,Liputan6,2026-06-05,https://www.liputan6.com/news/read/7691939/sony-sonjaya-klaim-kantongi-lebih-30-nama-terkait-jual-beli-sppg,Sony Sonjaya Klaim Kantongi Lebih 30 Nama Terkait Jual Beli SPPG,"Sony Sonjaya Klaim Kantongi Lebih 30 Nama Terkait Jual Beli SPPG. Liputan6.com, Jakarta - Mantan Wakil Kepala Badan Gizi Nasional (BGN) Sony Sonjaya siap bekerja sama dengan Kejaksaan Agung untuk membongkar kasus dugaan korupsi tata kelola Program Makan Bergizi Gratis (MBG). Bahkan, Sony berencana mengajukan diri sebagai Justice Collaborator (JC).",negatif,0.9164
1280d5d6275f,CNN Indonesia,2026-06-03,https://www.cnnindonesia.com/nasional/20260603105335-16-1364807/situasi-terkini-kantor-bgn-yang-digeledah-kejagung,Situasi Terkini Kantor BGN yang Digeledah Kejagung,"Situasi Terkini Kantor BGN yang Digeledah Kejagung. 25 VIDEO Situasi Terkini Kantor BGN yang Digeledah Kejagung CNN Indonesia/Adi Maulana Ibrahim CNN Indonesia Rabu, 03 Jun 2026 11:01 WIB Penyidik Kejaksaan Agung (Kejagung) menggeledah kantor Badan Gizi Nasional (BGN) sejak Rabu (3/6) dini hari. Menurut penuturan seorang petugas keamanan di Kantor BGN, tim Kejaksaan Agung telah berada di Kantor BGN sejak Pukul 02.00 WIB.",negatif,0.9171
d23f9a6603b5,Detik,2026-05-08,https://www.detik.com/edu/perguruan-tinggi/d-8480224/pakar-ugm-soroti-mbg-masuk-universitas-sebaiknya-kampus-menangani-tugas-pokok-saja,Pakar UGM Soroti MBG Masuk Universitas: Sebaiknya Kampus Menangani Tugas Pokok Saja,"Pakar UGM Soroti MBG Masuk Universitas: Sebaiknya Kampus Menangani Tugas Pokok Saja. Program Makan Bergizi Gratis (MBG) resmi masuk kampus usai Universitas Hasanuddin (Unhas) menjadi perguruan tinggi negeri pertama yang meluncurkan Satuan Pelayanan Pemenuhan Gizi (SPPG). Keberadaan SPPG di lingkungan kampus menuai sorotan, salah satunya dari pakar pendidikan dari Universitas Gadjah Mada (UGM), Prof Dr R.",netral,0.9172
5bf463139b3a,Antara,2026-05-23,https://www.antaranews.com/berita/5579729/16046-dapur-mbg-sudah-punya-slhs-jamin-keamanan-pangan,16.046 dapur MBG sudah punya SLHS jamin keamanan pangan,"16.046 dapur MBG sudah punya SLHS jamin keamanan pangan. Jakarta (ANTARA) - Badan Gizi Nasional (BGN) mengatakan, pihaknya terus memperkuat tata kelola program Makan Bergizi Gratis (MBG) melalui peningkatan standar keamanan pangan, dan 55 persen atau 16.046 dapur MBG sudah memiliki Sertifikasi Laik Higiene Sanitasi (SLHS). Dalam keterangan yang diterima dari Badan Komunikasi Pemerintah (BAKOM RI) di Jakarta, Sabtu, berdasarkan data BGN, jumlah SPPG terus mengalami peningkatan signifikan sepanjang 2025 hingga 22 Mei 2026.",positif,0.9173
fc23659dbc52,Republika,2026-05-31,https://news.republika.co.id/berita/tfwleg368/sejak-mbg-dimulai-8182-sppg-pernah-kena-ltemgtsuspendltemgt-2213-belum-kembali-aktif,"Sejak MBG Dimulai, 8.182 SPPG Pernah Kena Suspend; 2.213 Belum Kembali Aktif |Republika Online","Sejak MBG Dimulai, 8.182 SPPG Pernah Kena Suspend; 2.213 Belum Kembali Aktif |Republika Online. REPUBLIKA.CO.ID, JAKARTA - Badan Gizi Nasional (BGN) terpaksa menutup sementara atau men-suspend ribuan Satuan Pelayanan Pemenuhan Gizi (SPPG), di berbagai wilayah di Indonesia. Dasar penutupan sementara ini lantaran adanya berbagai masukan dari masyarakat, termasuk masukan dari para pejabat di daerah, hasil inspeksi mendadak (sidak), serta pemantauan atas peristiwa kejadian menonjol yang dialami para penerima manfaat.",negatif,0.9175
ca28553691ac,Detik,2026-05-25,https://www.detik.com/jabar/cirebon-raya/d-8503651/heboh-ular-masuk-mess-sppg-di-kuningan,Heboh Ular Masuk Mess SPPG di Kuningan,"Heboh Ular Masuk Mess SPPG di Kuningan. Suasana tenang di Satuan Pelayanan Pemenuhan Gizi (SPPG) Ciporang 1, Kelurahan Ciporang, Kecamatan Kuningan, mendadak berubah riuh. Seekor ular picung ditemukan menyelinap masuk ke area vital lembaga tersebut pada Minggu (24/5/2026) sore.",negatif,0.9182
e66e3b81d967,Detik,2026-06-03,https://www.detik.com/jogja/berita/d-8515609/kejaksaan-agung-geledah-kantor-bgn,Kejaksaan Agung Geledah Kantor BGN,"Kejaksaan Agung Geledah Kantor BGN. Kejaksaan Agung (Kejagung) melakukan penggeledahan di kantor Badan Gizi Nasional (BGN) Jakarta. Belum dijelaskan, penggeledahan tersebut terkait kasus apa.",negatif,0.9182
36f7bdc0b611,Kompas,2026-06-07,https://regional.kompas.com/read/2026/06/07/103024978/viral-dugaan-mark-up-harga-roti-mbg-di-serang-nota-rp-1500-diminta-jadi-rp,"Viral Dugaan Mark Up Harga Roti MBG di Serang, Nota Rp 1.500 Diminta Jadi Rp 3.000","Viral Dugaan Mark Up Harga Roti MBG di Serang, Nota Rp 1.500 Diminta Jadi Rp 3.000. Baca berita tanpa iklan. Gabung Kompas.com+ Kompas.com, 7 Juni 2026, 10:30 WIB Tri Indriawati Editor Sumber Tribun Banten SERANG, KOMPAS.com - Dugaan praktik mark up harga roti dalam pengadaan bahan makanan untuk Program Makan Bergizi Gratis atau MBG di Kota Serang, Banten, ramai menjadi sorotan setelah diunggah seorang pengguna media sosial Threads.",negatif,0.9184
350185094435,Detik,2026-06-03,https://oto.detik.com/motor/d-8515630/kontroversi-pengadaan-motor-listrik-mbg-di-bawah-dadan-harga-1-unit-rp-42-juta,Kontroversi Pengadaan Motor Listrik MBG di Bawah Dadan: Harga 1 Unit Rp 42 Juta,"Kontroversi Pengadaan Motor Listrik MBG di Bawah Dadan: Harga 1 Unit Rp 42 Juta. Pengadaan motor listrik MBG di bawah kepemimpinan Dadan Hindayana menuai kontroversi. Sebab, ada puluhan ribu unit motor listrik yang dibeli.",negatif,0.9185
153bfb6fcbc2,Tempo,2026-06-04,https://www.tempo.co/politik/bgn-bakal-batasi-maksimal-enam-dapur-mbg-per-kecamatan-2239354,BGN Bakal Batasi Maksimal Enam Dapur MBG per Kecamatan,"BGN Bakal Batasi Maksimal Enam Dapur MBG per Kecamatan. BADAN Gizi Nasional (BGN) berencana membatasi jumlah dapur makan bergizi gratis (MBG) atau satuan pelayanan pemenuhan gizi (SPPG) maksimal enam unit per kecamatan. Kebijakan ini menjadi bagian dari moratorium pembangunan dapur baru yang ditempuh pimpinan baru BGN, Nanik Sudaryati Deyang, untuk menata ulang pelaksanaan program sekaligus mengefisienkan anggaran.",netral,0.919
2b58d6eeb5a4,Antara,2026-05-30,https://www.antaranews.com/berita/5587792/kepala-daerah-se-tanah-papua-fokus-percepat-eliminasi-tbc-di-sorong,Kepala daerah se-Tanah Papua fokus percepat eliminasi TBC di Sorong,"Kepala daerah se-Tanah Papua fokus percepat eliminasi TBC di Sorong. Sorong (ANTARA) - Kepala daerah tingkat kabupaten dan kota di Tanah Papua fokus mempercepat eliminasi tuberkulosis (TBC) melalui pendekatan sanitasi berbasis komunitas yang ditandai dengan deklarasi komitmen bersama di Kota Sorong. Wali Kota Sorong Septinus Lobat di Sorong, Sabtu, mengatakan pertemuan deklarasi itu menjadi momentum penting untuk menyatukan langkah seluruh pemerintah daerah di Tanah Papua dalam menghadapi tantangan kesehatan masyarakat, khususnya TBC yang masih menjadi salah satu penyakit menular dengan angka kasus tinggi.",positif,0.9195
f00c1151415e,CNN Indonesia,2026-06-05,https://www.cnnindonesia.com/tv/20260605202507-404-1365931/video-akademisi-soroti-dugaan-korupai-bgn,VIDEO: Akademisi Soroti Dugaan Korupai BGN,"VIDEO: Akademisi Soroti Dugaan Korupai BGN. VIDEO: Akademisi Soroti Dugaan Korupai BGN CNNTV | CNN Indonesia Jumat, 05 Jun 2026 21:02 WIB Jakarta, CNN Indonesia -- Penangkapan dan penetapan tersangka oleh Kejaksaan Agung terhadap mantan Kepala Badan Gizi Nasional (BGN), Dadan Hindayana, beserta dua mantan wakil BGN, Sony Sanjaya dan Lodewijk Pusung, dalam pusaran kasus korupsi BGN mengundang berbagai reaksi publik. Civitas academica UIN Sunan Kalijaga Yogyakarta menjadi salah satu pihak yang menyoroti kasus tersebut.",negatif,0.9197
a18d372bf360,Detik,2026-05-08,https://www.detik.com/edu/perguruan-tinggi/d-8479766/ui-sedang-kaji-perumusan-model-sppg-yang-sesuai-tata-kelola-kampus,UI Sedang Kaji Perumusan Model SPPG yang Sesuai Tata Kelola Kampus,"UI Sedang Kaji Perumusan Model SPPG yang Sesuai Tata Kelola Kampus. Universitas Indonesia (UI) menyatakan, saat ini tengah melakukan kajian mendalam soal perumusan model Satuan Pelayanan Pemenuhan Gizi (SPPG) yang selaras dengan tata kelola universitas. UI menuturkan dukungannya terhadap program gizi nasional, terutama yang dijalankan oleh Badan Gizi Nasional (BGN) yakni Makan Bergizi Gratis (MBG).",netral,0.92
caa1c38e6162,Liputan6,2026-06-04,https://kesehatan.liputan6.com/info-sehat/read/7650176/peneliti-ui-konsumsi-rokok-berpotensi-cederai-tujuan-program-mbg,Peneliti UI: Konsumsi Rokok Berpotensi Cederai Tujuan Program MBG,"Peneliti UI: Konsumsi Rokok Berpotensi Cederai Tujuan Program MBG. Liputan6.com, Jakarta - Ketua dan peneliti Pusat Kajian Jaminan Sosial Universitas Indonesia (PKJS-UI), Aryana Satrya mengatakan bahwa konsumsi rokok berpotensi mencederai tujuan program gizi. ""Penelitian kami menunjukkan bahwa perilaku merokok itu akan membuat generasi yang tidak sehat, tidak produktif, padahal kita mau mencapai Indonesia Emas.",negatif,0.9202
c41f7ddf0ee0,Detik,2026-06-07,https://news.detik.com/berita/d-8521222/mark-up-motor-listrik-bgn-rp-1-t-dadan-pernah-bilang-rp-42-juta-per-unit,"Mark Up Motor Listrik BGN Rp 1 T, Dadan Pernah Bilang Rp 42 Juta Per Unit","Mark Up Motor Listrik BGN Rp 1 T, Dadan Pernah Bilang Rp 42 Juta Per Unit. Kejaksaan Agung (Kejagung) mengungkapkan salah satu harga barang yang diduga digelembungkan atau di-mark up dalam kasus dugaan korupsi tata kelola program makan bergizi gratis (MBG) di Badan Gizi Nasional (BGN) pada 2025-2026 adalah motor listrik. Mantan Kepala BGN Dadan Hindayan pernah menyebut harga motor listrik tersebut pengadaannya Rp 42 juta per unit.",negatif,0.9205
40dd6467bae0,Tempo,2026-06-05,https://www.tempo.co/politik/siapa-anthony-robbins-yang-dibawa-prabowo-ke-acara-mbg--2253134,Siapa Anthony Robbins yang Dibawa Prabowo ke Acara MBG?,"Siapa Anthony Robbins yang Dibawa Prabowo ke Acara MBG?. PRESIDEN Prabowo Subianto mengajak motivator sekaligus pengusaha asal Amerika Serikat, Anthony Robbins, ke acara bersama 12 ribu penggerak dan mitra program makan bergizi gratis (MBG) di Bogor, Jawa Barat. Di hadapan hadirin, Prabowo memperkenalkan Tony, sapaan Robbins, sebagai sahabatnya.",netral,0.9207
dbcf3d3dd753,Tempo,2026-06-03,https://www.tempo.co/politik/soal-pelantikan-kepala-bgn-mensesneg-nanti-kami-umumkan-2217693,"Soal Pelantikan Kepala BGN, Mensesneg: Nanti Kami Umumkan","Soal Pelantikan Kepala BGN, Mensesneg: Nanti Kami Umumkan. MENTERI Sekretaris Negara Prasetyo Hadi menyatakan petinggi baru Badan Gizi Nasional atau BGN dapat langsung menjalankan tugas dan fungsi mereka sejak pengumuman perombakan struktur kepemimpinan pada Selasa malam, 2 Juni 2026. Presiden Prabowo Subianto memutuskan mengangkat Nanik Sudaryati Deyang sebagai Kepala BGN untuk menggantikan Dadan Hindayana.",netral,0.9214
5167d8c31fd4,Republika,2026-05-16,https://ekonomi.republika.co.id/berita/tf4lg1370/peresmian-koperasi-merah-putih-menkop-bukti-kehadiran-pemerintah-bangun-ekonomi,"Peresmian Koperasi Merah Putih, Menkop: Bukti Kehadiran Pemerintah Bangun Ekonomi |Republika Online","Peresmian Koperasi Merah Putih, Menkop: Bukti Kehadiran Pemerintah Bangun Ekonomi |Republika Online. REPUBLIKA.CO.ID, JAKARTA -- Presiden (RI) Prabowo Subianto meresmikan operasionalisasi 1.061 Koperasi Desa/Kelurahan Merah Putih (KDKMP) untuk wilayah Jawa Timur (Jatim) dan Jawa Tengah (Jateng) yang dilakukan secara simbolis di KDKMP Nglawak, Kertosono, Nganjuk, Jawa Timur. Peresmian ini disebut sebagai tonggak bersejarah dalam pembangunan ekonomi berbasis desa.",positif,0.922
d6e4679915e4,Antara,2026-06-04,https://www.antaranews.com/berita/5594683/wamendikdasmen-cek-langsung-hasil-revitalisasi-sekolah-di-tabanan,Wamendikdasmen cek langsung hasil revitalisasi sekolah di Tabanan,"Wamendikdasmen cek langsung hasil revitalisasi sekolah di Tabanan. Denpasar (ANTARA) - Wakil Menteri Pendidikan Dasar dan Menengah (Wamendikdasmen) Fajar Riza Ul Haq mengecek langsung hasil revitalisasi sekolah yang dibiayai program Kemendikdasmen di Tabanan, Bali. “Saya barusan melihat hasil revitalisasi bantuan dari kementerian di SMPN 6 Tabanan ya, ada sekitar Rp2 miliar lebih yang kami gelontorkan,” kata dia di Tabanan, Kamis.",positif,0.9226
6044dce4e5fb,Suara,2026-06-05,https://www.suara.com/news/2026/06/05/134509/sony-sonjaya-bakal-bongkar-nama-nama-besar-pemain-mbg-lpsk-siap-beri-perlindungan,"Sony Sonjaya Bakal Bongkar Nama-Nama Besar 'Pemain' MBG, LPSK Siap Beri Perlindungan","Sony Sonjaya Bakal Bongkar Nama-Nama Besar 'Pemain' MBG, LPSK Siap Beri Perlindungan. - LPSK menyatakan kesiapan berkolaborasi dengan Kejaksaan Agung untuk melindungi tersangka Sony Sonjaya jika memenuhi syarat Justice Collaborator. - Sony Sonjaya mengajukan status Justice Collaborator untuk mengungkap keterlibatan pihak lain dalam kasus korupsi program Makan Bergizi Gratis.",negatif,0.9229
481117ef231d,Antara,2026-06-01,https://www.antaranews.com/berita/5589669/bgn-terima-masukan-masyarakat-2213-sppg-masih-ditangguhkan,"BGN terima masukan masyarakat, 2.213 SPPG masih ditangguhkan","BGN terima masukan masyarakat, 2.213 SPPG masih ditangguhkan. Jakarta (ANTARA) - Badan Gizi Nasional (BGN) mengemukakan sebanyak 2.213 Satuan Pelayanan Pemenuhan Gizi (SPPG) masih ditangguhkan untuk memperbaiki kualitas Program Makan Bergizi Gratis (MBG). Ribuan SPPG itu ditangguhkan dengan mempertimbangkan masukan dari masyarakat, para pejabat di daerah, hasil inspeksi mendadak (sidak), serta pemantauan atas peristiwa kejadian menonjol yang dialami para penerima manfaat.",positif,0.9234
2576a9c459b7,Tempo,2026-06-07,https://www.tempo.co/kolom/korupsi-bgn-makan-bergizi-gratis-2253344,Para Pencuri Makan Bergizi,"Para Pencuri Makan Bergizi. Tampilkan Ringkasan Artikel KUSUT dari pangkal hingga ujung, desain proyek makan bergizi gratis (MBG) cacat sejak awal. Proyek populis ini tidak didahului studi dan perencanaan serta tak dilengkapi evaluasi dan pengawasan yang memadai.",negatif,0.9237
2e0f1de4c96c,Kompas,2026-06-05,https://surabaya.kompas.com/read/2026/06/05/150113378/ribuan-relawan-dapur-mbg-di-sumenep-belum-terdaftar-bpjs-ketenagakerjaan,Ribuan Relawan Dapur MBG di Sumenep Belum Terdaftar BPJS Ketenagakerjaan,"Ribuan Relawan Dapur MBG di Sumenep Belum Terdaftar BPJS Ketenagakerjaan. Baca berita tanpa iklan. Gabung Kompas.com+ Kompas.com, 5 Juni 2026, 15:01 WIB SUMENEP, KOMPAS.com - Ribuan relawan Satuan Pelayanan Pemenuhan Gizi (SPPG), pelaksana program Makan Bergizi Gratis (MBG), di Kabupaten Sumenep, Jawa Timur, belum terdaftar sebagai peserta BPJS Ketenagakerjaan.",negatif,0.9238
58a0123e7eef,Detik,2026-06-04,https://finance.detik.com/berita-ekonomi-bisnis/d-8518160/4-gebrakan-bos-baru-bgn-untuk-efisiensi-anggaran-mbg,4 Gebrakan Bos Baru BGN untuk Efisiensi Anggaran MBG,4 Gebrakan Bos Baru BGN untuk Efisiensi Anggaran MBG. Kepala Badan Gizi Nasional (BGN) Nanik Sudaryati Deyang menyampaikan telah melakukan konsolidasi secara internal di BGN. Konsolidasi ini dilalukan usai terjadi pergantian pimpinan tertinggi di lembaga yang jadi pengelola utama program Makan Bergizi Gratis (MBG) tersebut.,netral,0.9249
42e8ea94cabb,Detik,2026-02-25,https://www.detik.com/jatim/kuliner/d-8371634/unik-mbg-versi-kafe-di-lumajang-sisihkan-keuntungan-untuk-guru-honorer,Unik! MBG Versi Kafe di Lumajang Sisihkan Keuntungan untuk Guru Honorer,Unik! MBG Versi Kafe di Lumajang Sisihkan Keuntungan untuk Guru Honorer. Ada MBG baru di Lumajang! Bukan 'Makan Bergizi Gratis' melainkan 'Menu Berbagi untuk Guru'.,positif,0.9251
f0f264c0b561,Republika,2026-06-02,https://ekonomi.republika.co.id/berita/tfzxxp370/dukung-mbg-kemenperin-siapkan-insentif-investasi-susu-hingga-35-persen,"Dukung MBG, Kemenperin Siapkan Insentif Investasi Susu hingga 35 Persen |Republika Online","Dukung MBG, Kemenperin Siapkan Insentif Investasi Susu hingga 35 Persen |Republika Online. REPUBLIKA.CO.ID, JAKARTA -- Kementerian Perindustrian (Kemenperin) menyiapkan insentif investasi hingga 35 persen untuk memperkuat industri pengolahan susu nasional. Langkah tersebut dilakukan guna mendukung pemenuhan kebutuhan susu dalam Program Makan Bergizi Gratis (MBG).",positif,0.9256
5c1e0fa3c657,Liputan6,2026-06-04,https://www.liputan6.com/news/read/7650465/prabowo-curiga-sidak-mbg-bocor-nasinya-pulen-kayak-restoran-jepang,Prabowo Curiga Sidak MBG Bocor: Nasinya Pulen Kayak Restoran Jepang,"Prabowo Curiga Sidak MBG Bocor: Nasinya Pulen Kayak Restoran Jepang. Liputan6.com, Jakarta - Presiden Prabowo Subianto menceritakan pengalamannya saat mencicipi menu Makan Bergizi Gratis (MBG) bersama siswa SMPN 111 Jakarta beberapa hari lalu. Dalam kesempatan itu, Prabowo turut mengajak motivator dan pengusaha asal Amerika Serikat (AS), Tony Robbins.",positif,0.9257
6262e9d76534,Tempo,2026-06-03,https://www.tempo.co/politik/istana-jamin-perombakan-bgn-tak-ganggu-pelaksanaan-mbg-2213773,Istana Jamin Perombakan BGN Tak Ganggu Pelaksanaan MBG,"Istana Jamin Perombakan BGN Tak Ganggu Pelaksanaan MBG. ISTANA Kepresidenan mengklaim perubahan struktur kepemimpinan di Badan Gizi Nasional tidak akan memengaruhi pelaksanaan program makan bergizi gratis atau MBG. Presiden Prabowo Subianto baru saja merombak susunan pimpinan lembaga yang mengurus proyek andalannya itu, pada Selasa, 2 Juni 2026.",positif,0.9271
9fb1ffb77e7c,Antara,2026-05-26,https://www.antaranews.com/berita/5582572/wamentan-tegaskan-impor-pangan-ditekan-lewat-produksi-dalam-negeri,Wamentan tegaskan impor pangan ditekan lewat produksi dalam negeri,"Wamentan tegaskan impor pangan ditekan lewat produksi dalam negeri. Jakarta (ANTARA) - Wakil Menteri Pertanian Sudaryono menegaskan pemerintah terus menekan ketergantungan impor pangan melalui peningkatan produksi dalam negeri, penguatan produktivitas pertanian, serta optimalisasi lahan untuk memperkuat ketahanan pangan nasional. “Dulu uang kita dipakai memperkaya negara lain lewat impor.",positif,0.9272
dabebafc369a,Republika,2026-05-25,https://news.republika.co.id/berita/tfkk3s487/luncurkan-aplikasi-reviu-menu-mbg-guru-dan-posyandu-dilibatkan-lakukan-pengawasan,"Luncurkan Aplikasi 'Reviu Menu MBG', Guru dan Posyandu Dilibatkan Lakukan Pengawasan |Republika Online","Luncurkan Aplikasi 'Reviu Menu MBG', Guru dan Posyandu Dilibatkan Lakukan Pengawasan |Republika Online. REPUBLIKA.CO.ID, JAKARTA -- Badan Gizi Nasional (BGN) tengah mengembangkan aplikasi untuk memantau kualitas program Makan Bergizi Gratis (MBG) untuk penerima manfaat. Aplikasi yang diberi nama 'Reviu Menu MBG' (Organoleptik) dikembangkan untuk memperkuat pengawasan kualitas makanan.",positif,0.9277
59a26b5962c3,Tempo,2026-06-05,https://www.tempo.co/arsip/bgn-bakal-batasi-maksimal-enam-dapur-mbg-per-kecamatan-2252981,BGN Bakal Batasi Maksimal Enam Dapur MBG per Kecamatan | tempo.co,"BGN Bakal Batasi Maksimal Enam Dapur MBG per Kecamatan | tempo.co. BADAN Gizi Nasional (BGN) berencana membatasi jumlah dapur makan bergizi gratis (MBG) atau satuan pelayanan pemenuhan gizi (SPPG) maksimal enam unit per kecamatan. Kebijakan ini menjadi bagian dari moratorium pembangunan dapur baru yang ditempuh pimpinan baru BGN, Nanik Sudaryati Deyang, untuk menata ulang pelaksanaan program sekaligus mengefisienkan anggaran.",netral,0.9281
7ec57f1032be,Antara,2026-06-05,https://www.antaranews.com/berita/5595888/wamentan-dorong-telur-masuk-bantuan-pangan-demi-atasi-harga-turun,Wamentan dorong telur masuk bantuan pangan demi atasi harga turun,"Wamentan dorong telur masuk bantuan pangan demi atasi harga turun. Jakarta (ANTARA) - Wakil Menteri Pertanian (Wamentan) Sudaryono mendorong telur ayam menjadi salah satu komoditas dalam program bantuan pangan pemerintah untuk membantu menyerap produksi peternak saat harga mengalami penurunan. Menurut Sudaryono, langkah tersebut menjadi salah satu upaya yang dapat dilakukan untuk menjaga keseimbangan pasar sekaligus melindungi peternak dari tekanan harga yang terlalu rendah.",positif,0.9285
dea6209079ff,Tempo,2026-06-03,https://www.tempo.co/hukum/jaksa-geledah-kantor-bgn-soal-dugaan-jual-beli-sppg--2217720,Jaksa Geledah Kantor BGN soal Dugaan Jual-Beli SPPG?,"Jaksa Geledah Kantor BGN soal Dugaan Jual-Beli SPPG?. JAKSA menggeledah kantor Badan Gizi Nasional (BGN) di Jalan Kebon Sirih, Jakarta Pusat, pada Rabu, 3 Juni 2026. Penyidik Kejaksaan Agung memulai penggeledahan pada pukul 02.00 WIB hingga sekarang.",negatif,0.9293
dce298b55570,Detik,2026-06-05,https://www.detik.com/kalimantan/berita/d-8518978/dapur-mbg-di-kayong-utara-disorot-ada-dugaan-ipal-diganti-saat-beroperasi,"Dapur MBG di Kayong Utara Disorot, Ada Dugaan IPAL Diganti Saat Beroperasi","Dapur MBG di Kayong Utara Disorot, Ada Dugaan IPAL Diganti Saat Beroperasi. Instalasi Pengolahan Air Limbah (IPAL) di dapur Satuan Pelayanan Pemenuhan Gizi (SPPG) Yayasan Tekawang Kasih Sebalo, Kecamatan Teluk Batang, Kabupaten Kayong Utara, kembali menjadi sorotan. Setelah sebelumnya ramai dugaan pembuangan limbah ke parit, kini muncul indikasi adanya pergantian IPAL di tengah aktivitas dapur program Makan Bergizi Gratis (MBG) yang masih berlangsung.",negatif,0.931
13e5f30e9994,Tempo,2026-06-07,https://www.tempo.co/politik/kala-prabowo-santap-mbg-bersama-siswa-sekolah-rakyat-di-bali-2253446,Kala Prabowo Santap MBG Bersama Siswa Sekolah Rakyat di Bali,"Kala Prabowo Santap MBG Bersama Siswa Sekolah Rakyat di Bali. PRESIDEN Prabowo Subianto menyantap paket makan bergizi gratis alias MBG bersama pelajar Sekolah Rakyat Menengah Pertama (SRMP) 17 Tabanan, Bali. Momen makan siang ini terjadi seusai Kepala Negara meninjau fasilitas sekolah rakyat di Pulau Dewata tersebut, pada Ahad, 7 Juni 2026.",positif,0.9316
e06d00f812b5,Tempo,2026-04-21,https://www.tempo.co/politik/balita-hingga-ibu-hamil-keracunan-mbg-di-demak-2130686,Balita hingga Ibu Hamil Keracunan MBG di Demak,"Balita hingga Ibu Hamil Keracunan MBG di Demak. RATUSAN orang diduga keracunan setelah menyantap menu makanan bergizi gratis (MBG) di Kecamatan Kebonagung Kabupaten Demak. Korban terdiri atas santri, anak di bawah lima tahun atau balita, ibu hamil, dan menyusui.",negatif,0.9317
20def3d3a28b,Tempo,2026-04-05,https://www.tempo.co/politik/4-755-siswa-keracunan-mbg-serikat-guru-pemerintah-abai-2126723,"4.755 Siswa Keracunan MBG, Serikat Guru: Pemerintah Abai","4.755 Siswa Keracunan MBG, Serikat Guru: Pemerintah Abai. FEDERASI Serikat Guru Indonesia (FSGI) mendesak pemerintah mengevaluasi program makan bergizi gratis (MBG) secara menyeluruh. Desakan ini dilayangkan setelah 72 siswa di Pondok Kelapa, Jakarta Timur, mengalami keracunan usai menyantap menu makan bergizi pada Jumat, 3 April 2026.",negatif,0.9326
135319d7870d,Liputan6,2026-06-07,https://www.liputan6.com/cek-fakta/read/7754492/cek-fakta-hoaks-artikel-dadan-hindayana-sebut-anies-baswedan-terima-uang-suap-mbg-2-triliun,Cek Fakta: Hoaks Artikel Dadan Hindayana Sebut Anies Baswedan Terima Uang Suap MBG 2 Triliun,"Cek Fakta: Hoaks Artikel Dadan Hindayana Sebut Anies Baswedan Terima Uang Suap MBG 2 Triliun. Liputan6.com, Jakarta - Tim Cek Fakta Liputan6.com menemukan postingan artikel eks Kepala BGN Dadan Hindayana menyebut Anies Baswedan menerima uang suap MBG 2 triliun. Postingan itu beredar sejak tengah pekan ini.",negatif,0.9326
72e14936dda2,CNN Indonesia,2026-06-05,https://www.cnnindonesia.com/nasional/20260605200118-12-1365928/ruu-polri-pemerintah-usul-polisi-aktif-bisa-tugas-di-bgn-dan-bpom,RUU Polri: Pemerintah Usul Polisi Aktif Bisa Tugas di BGN dan BPOM,"RUU Polri: Pemerintah Usul Polisi Aktif Bisa Tugas di BGN dan BPOM. RUU Polri: Pemerintah Usul Polisi Aktif Bisa Tugas di BGN dan BPOM Pemerintah mengusulkan agar polisi aktif tetap bisa bertugas dan mengisi jabatan di posisi manajerial untuk sejumlah lembaga pemerintahan di luar instansi kepolisian, termasuk dalam urusan gizi nasional dan pengawasan obat. Usulan itu tertuang dalam daftar inventarisir masalah (DIM) RUU Polri yang akan dibahas secara resmi antara DPR dan pemerintah.",netral,0.9327
5fca29ea4d76,Detik,2026-05-30,https://www.detik.com/edu/sekolah/d-8510146/bgn-stop-pembagian-mbg-saat-siswa-libur-sekolah-ada-apa,"BGN Stop Pembagian MBG saat Siswa Libur Sekolah, Ada Apa?","BGN Stop Pembagian MBG saat Siswa Libur Sekolah, Ada Apa?. Badan Gizi Nasional (BGN) melakukan penyesuaian pola distribusi program Makan Bergizi Gratis (MBG) dengan menghentikan sistem atau paket bundling. Sistem ini sebelumnya diterapkan ketika ada libur sekolah pada tengah pekan.",negatif,0.9327
25694b2021d3,Suara,2026-06-05,https://www.suara.com/news/2026/06/05/102639/bukan-hanya-mbg-mensesneg-sebut-semua-program-pemerintah-bakal-dipelototi-ketat,"Bukan Hanya MBG, Mensesneg Sebut Semua Program Pemerintah Bakal 'Dipelototi' Ketat","Bukan Hanya MBG, Mensesneg Sebut Semua Program Pemerintah Bakal 'Dipelototi' Ketat. - Presiden Prabowo berencana menambah personel untuk memperkuat lembaga pengawas dan penegak hukum dalam memberantas tindak pidana korupsi. - Kebijakan yang disampaikan pada Juni 2026 ini bertujuan mengawasi seluruh program pemerintah, tidak terbatas pada program Badan Gizi Nasional.",netral,0.9329
0cda90dcaf60,Kompas,2026-06-05,https://nasional.kompas.com/read/2026/06/05/13590141/4-prioritas-nanik-sebagai-kepala-bgn-refocusing-penerima-mbg-hingga,4 Prioritas Nanik sebagai Kepala BGN: Refocusing Penerima MBG hingga Moratorium SPPG,"4 Prioritas Nanik sebagai Kepala BGN: Refocusing Penerima MBG hingga Moratorium SPPG. Baca berita tanpa iklan. Gabung Kompas.com+ Kompas.com, 5 Juni 2026, 13:59 WIB Nawir Arsyad Akbar Penulis JAKARTA, KOMPAS.com - Kepala Badan Gizi Nasional (BGN) Nanik S Deyang mengungkap empat langkah prioritasnya setelah ditunjuk Presiden Prabowo Subianto menggantikan Dadan Hindayana.",positif,0.9331
1434dbb46b79,Detik,2026-06-05,https://www.detik.com/jabar/berita/d-8519575/izin-ratusan-sppg-di-cianjur-bermasalah,Izin Ratusan SPPG di Cianjur Bermasalah,Izin Ratusan SPPG di Cianjur Bermasalah. Ratusan Satuan Pelayanan Pemenuhan Gizi (SPPG) atau dapur Makan Bergizi Gratis (MBG) di Kabupaten Cianjur belum kantongi dokumen pengelolaan lingkungan untuk pengolahan limbah. Bahkan tercatat masih ada puluhan dapur yang belum memiliki Sertifikat Laik Higienis dan Sanitasi (SLHS).,negatif,0.9333
839c1c673a51,Tempo,2026-06-06,https://www.tempo.co/politik/menteri-wihaji-usul-mbg-fokus-di-6-provinsi-ini-untuk-tekan-stunting-2253253,Menteri Wihaji Usul MBG Fokus di 6 Provinsi Ini untuk Tekan Stunting,"Menteri Wihaji Usul MBG Fokus di 6 Provinsi Ini untuk Tekan Stunting. Kementerian Kependudukan dan Pembangunan Keluarga (Kemendukbangga) menyarankan Badan Gizi Nasional (BGN) memprioritaskan enam provinsi dalam pelaksanaan program makan bergizi gratis (MBG) jika ingin menekan angka stunting secara signifikan. Sebab, hampir separuh kasus stunting nasional terkonsentrasi di enam wilayah.",positif,0.9335
d4208460d873,Tempo,2026-06-04,https://www.tempo.co/politik/mobil-sppg-pengantar-mbg-di-pati-tabrak-rumah-warga-2217935,Mobil SPPG Pengantar MBG di Pati Tabrak Rumah Warga,"Mobil SPPG Pengantar MBG di Pati Tabrak Rumah Warga. KENDARAAN operasional pengantar makanan Satuan Pelayanan Pemenuhan Gizi atau SPPG di Desa Sidoluhur, Kecamatan Kayen, Kabupaten Pati menabrak rumah warga setempat pada Rabu, 3 Juni 2026. Kecelakaan itu terjadi sekitar pukul 12.30.",negatif,0.9335
a6cb8aa4b55c,Tribunnews,2026-06-06,https://www.tribunnews.com/nasional/7838779/soal-program-mbg-jppi-sistemnya-korup-pasti-lahirkan-koruptor,"Soal Program MBG, JPPI: Sistemnya Korup, Pasti Lahirkan Koruptor - Tribunnews.com","Soal Program MBG, JPPI: Sistemnya Korup, Pasti Lahirkan Koruptor - Tribunnews.com. Kasus Korupsi di BGN Soal Program MBG, JPPI: Sistemnya Korup, Pasti Lahirkan Koruptor JPPI menganggap seluruh sistem yang berjalan dalam implementasi program MBG memang dirancang korup. Jadi tak heran jika melahirkan koruptor.",negatif,0.9337
791d655435da,Antara,2026-05-26,https://www.antaranews.com/berita/5582915/pu-libatkan-tim-zeni-tni-percepat-pembangunan-20-lokasi-sekolah-rakyat,PU libatkan tim Zeni TNI percepat pembangunan 20 lokasi Sekolah Rakyat,"PU libatkan tim Zeni TNI percepat pembangunan 20 lokasi Sekolah Rakyat. Jakarta (ANTARA) - Kementerian Pekerjaan Umum (PU) melibatkan personel Zeni TNI untuk melakukan percepatan pembangunan fisik pada 20 lokasi proyek Sekolah Rakyat yang masuk zona merah atau mengalami keterlambatan progres secara signifikan. Menteri PU Dody Hanggodo selepas pertemuan terbatas dengan Menteri Sosial di Jakarta, Selasa, mengatakan langkah taktis tersebut diambil karena masa tenggang toleransi bagi penyedia jasa konstruksi yang terlambat telah habis.",positif,0.9347
7929016090000000,Liputan6,2026-03-02,,"MBG untuk Penyandang Disabilitas Gandeng SPPG, Mensos: Yang Antar Makanan Nanti Relawan","MBG untuk Penyandang Disabilitas Gandeng SPPG, Mensos: Yang Antar Makanan Nanti Relawan. Liputan6.com, Jakarta - Program Makan Bergizi Gratis (MBG) bagi lanjut usia (lansia) dan penyandang disabilitas masih digodog oleh Kementerian Sosial dan Badan Gizi Nasional (BGN). Hal ini disampaikan dalam pertemuan Menteri Sosial Saifullah Yusuf (Gus Ipul) dan Kepala Badan Gizi Nasional (BGN) Dadan Hindayana di Kantor BGN, Jakarta Pusat, Rabu (25/2/2026).",positif,0.9351
0e7b629a5552,CNN Indonesia,2026-06-07,https://www.cnnindonesia.com/tv/20260607215433-410-1366432/video-kepala-bgn-nanik-prioritaskan-perbaikan-tata-kelola-mbg,VIDEO: Kepala BGN Nanik Prioritaskan Perbaikan Tata Kelola MBG,"VIDEO: Kepala BGN Nanik Prioritaskan Perbaikan Tata Kelola MBG. VIDEO: Kepala BGN Nanik Prioritaskan Perbaikan Tata Kelola MBG CNN Indonesia TV | CNN Indonesia Minggu, 07 Jun 2026 22:30 WIB Jakarta, CNN Indonesia -- Badan Gizi Nasional (BGN) menggelar konferensi pers pertama, Kamis sore, pasca ditangkapnya jajaran mantan pimpinan BGN karena dugaan kasus korupsi tata kelola BGN. Dalam konferensi pers ini, Ketua BGN, Nanik S.",positif,0.9359
3adbc85b4aee,Antara,2026-06-03,https://www.antaranews.com/berita/5592879/kejagung-ungkap-dadan-dkk-mark-up-harga-motor-listrik-dan-sepatu,"Kejagung ungkap Dadan dkk ""mark up"" harga motor listrik dan sepatu","Kejagung ungkap Dadan dkk ""mark up"" harga motor listrik dan sepatu. Jakarta (ANTARA) - Kejaksaan Agung mengungkapkan bahwa mantan Kepala Badan Gizi Nasional (BGN) Dadan Hindayana (DH) dan dua mantan Wakil Kepala BGN, Lodewyk Pusung (LP) serta Sony Sonjaya (SS), diduga melakukan mark up harga pengadaan sepeda motor listrik hingga sepatu di BGN. Hal itu diungkap Direktur Penyidikan Jampidsus Kejagung Syarief Sulaeman Nahdi di Gedung Jampidsus Kejagung, Jakarta, Rabu, usai mengumumkan ketiganya sebagai tersangka kasus dugaan tindak pidana korupsi tata kelola program Makan Bergizi Gratis (MBG) pada BGN tahun 2025-2026.",negatif,0.9361
9490c05098d2,Suara,2026-06-05,https://www.suara.com/news/2026/06/05/151344/klaim-bukan-otak-korupsi-mbg-sony-sonjaya-siap-bongkar-nama-nama-besar,"Klaim Bukan Otak Korupsi MBG, Sony Sonjaya Siap Bongkar Nama-nama Besar","Klaim Bukan Otak Korupsi MBG, Sony Sonjaya Siap Bongkar Nama-nama Besar. - Tersangka korupsi Makan Bergizi Gratis, Sony Sonjaya, mengajukan diri sebagai justice collaborator kepada Kejaksaan Agung pada Juni 2026. - Pengajuan tersebut dilakukan karena Sony mengaku ditekan pihak lain dan ingin mengungkap keterlibatan sejumlah tokoh besar lainnya.",negatif,0.9364
738555a53ee5,Suara,2026-06-03,https://www.suara.com/lifestyle/2026/06/03/132323/siapa-itu-sony-sonjaya-eks-wakil-kepala-bgn-diperiksa-kejagung-ternyata-purnawirawan-polri,"Siapa Itu Sony Sonjaya? Eks Wakil Kepala BGN Diperiksa Kejagung, Ternyata Purnawirawan Polri","Siapa Itu Sony Sonjaya? Eks Wakil Kepala BGN Diperiksa Kejagung, Ternyata Purnawirawan Polri. - Sony Sonjaya merupakan purnawirawan Polri berpangkat Irjen Pol dan lulusan Akpol 1991. - Ia menjabat sebagai Wakil Kepala BGN sejak September 2025 sebelum dicopot pada 2 Juni 2026.",netral,0.9368
39b2d2b8b6b3,Antara,2026-05-26,https://www.antaranews.com/berita/5582872/infrastruktur-digital-93-sekolah-rakyat-ditargetkan-siap-juli-2026,Infrastruktur digital 93 Sekolah Rakyat ditargetkan siap Juli 2026,"Infrastruktur digital 93 Sekolah Rakyat ditargetkan siap Juli 2026. Jakarta (ANTARA) - Kementerian Sosial (Kemensos) bersama Kementerian Komunikasi dan Digital (Komdigi) menargetkan instalasi infrastruktur pembelajaran digital di 93 titik gedung Sekolah Rakyat permanen dapat beroperasi penuh pada Juli mendatang guna menyambut tahun ajaran baru 2026/2027. Menteri Sosial Saifullah Yusuf saat ditemui selepas pertemuan terbatas dengan Menteri Pekerjaan Umum di Jakarta, Selasa, mengatakan bahwa penyediaan fasilitas penunjang teknologi ini dikebut secara paralel bersamaan dengan rampungnya pembangunan fisik jilid dua yang dikerjakan oleh Kementerian Pekerjaan Umum (PU).",positif,0.9369
41882915fb34,Liputan6,2026-02-05,https://www.liputan6.com/disabilitas/read/6271862/mbg-untuk-disabilitas-dan-lansia-dimatangkan-mensos-ungkap-pembagian-tugas-dengan-bgn,"MBG untuk Disabilitas dan Lansia Dimatangkan, Mensos Ungkap Pembagian Tugas dengan BGN","MBG untuk Disabilitas dan Lansia Dimatangkan, Mensos Ungkap Pembagian Tugas dengan BGN. Liputan6.com, Jakarta - Program MBG alias Makan Bergizi Gratis bagi lansia dan penyandang disabilitas terus dimatangkan. Sejauh ini, Menteri Sosial Saifullah Yusuf menyatakan bahwa Kementerian Sosial (Kemensos) dan Badan Gizi Nasional (BGN) terus berkoordinasi mematangkan rencana tersebut.",positif,0.937
85a92a487d73,Suara,2026-06-05,https://www.suara.com/foto/2026/06/05/070000/efisiensi-anggaran-bgn-moratorium-pembangunan-dapur-baru-makan-bergizi-gratis,"Efisiensi Anggaran, BGN Moratorium Pembangunan Dapur Baru Makan Bergizi Gratis","Efisiensi Anggaran, BGN Moratorium Pembangunan Dapur Baru Makan Bergizi Gratis. Suara.com - Kepala Badan Gizi Nasional (BGN) Nanik Sudaryati Deyang (kiri) bersama Wakil Ketua BGN Agustina Arumsari (tengah) dan Trenggono (kanan) saat konferensi pers di Gedung BGN, Jakarta, Kamis (4/6/2025). Kepala Badan Gizi Nasional yang baru, Nanik S Deyang menyatakan, BGN akan menunda penambahan dapur Satuan Pelayanan Pemenuhan Gizi (SPPG) baru sebagai bagian dari upaya efisiensi anggaran.",netral,0.9373
ba2287d66b57,Antara,2026-06-02,https://www.antaranews.com/berita/5590739/prabowo-bernyanyi-hymne-guru-bersama-siswa-saat-cek-mbg-di-smpn-111,"Prabowo bernyanyi ""Hymne Guru"" bersama siswa saat cek MBG di SMPN 111","Prabowo bernyanyi ""Hymne Guru"" bersama siswa saat cek MBG di SMPN 111. Jakarta (ANTARA) - Presiden Prabowo Subianto bernyanyi lagu ""Hymne Guru"" bersama para siswa saat meninjau pelaksanaan Program Makan Bergizi Gratis (MBG) di SMP Negeri 111 Jakarta, Selasa. Sebagaimana keterangan yang diterima, kegiatan tersebut berlangsung ketika Prabowo memasuki sejumlah ruang kelas untuk melihat secara langsung pelaksanaan program MBG.",netral,0.9378
da8eb58d9105,CNN Indonesia,2026-06-05,https://www.cnnindonesia.com/tv/20260605202508-404-1365933/video-bgn-efisiensi-anggaran-cegah-penyelewengan,VIDEO: BGN Efisiensi Anggaran Cegah Penyelewengan,"VIDEO: BGN Efisiensi Anggaran Cegah Penyelewengan. VIDEO: BGN Efisiensi Anggaran Cegah Penyelewengan CNNTV | CNN Indonesia Jumat, 05 Jun 2026 21:48 WIB Jakarta, CNN Indonesia -- Kepala Badan Gizi Nasional yang baru, Nanik S. Deyang, mengungkapkan bahwa BGN akan melakukan efisiensi anggaran guna mencegah terjadinya penyalahgunaan dana.",positif,0.9378
74c76ec04041,CNN Indonesia,2026-06-03,https://www.cnnindonesia.com/nasional/20260603173326-16-1365026/momen-dadan-tersangka-korupsi-mbg-pakai-rompi-tahanan-dan-diborgol,Momen Dadan Tersangka Korupsi MBG Pakai Rompi Tahanan dan Diborgol,"Momen Dadan Tersangka Korupsi MBG Pakai Rompi Tahanan dan Diborgol. 25 VIDEO Momen Dadan Tersangka Korupsi MBG Pakai Rompi Tahanan dan Diborgol CNN Indonesia/Taufiq CNN Indonesia Rabu, 03 Jun 2026 18:07 WIB Mantan Kepala BGN Dadan Hindayana mengenakan rompi tahanan di Gedung Kejaksaan Agung Jakarta pada Rabu (3/6). Ia dibawa Kejagung setelah aparat kejaksaan melakukan penggeledahan di Gedung BGN, Jakarta, terkait dugaan korupsi.",negatif,0.9387
653ce763141e,Liputan6,2026-06-02,https://berita.liputan6.com/peristiwa/read/7579872/momen-prabowo-cek-langsung-dapur-mbg-di-palmerah,Momen Prabowo Cek Langsung Dapur MBG di Palmerah,"Momen Prabowo Cek Langsung Dapur MBG di Palmerah. Liputan6.com, Jakarta - Presiden Prabowo Subianto meninjau langsung dapur Makan Bergizi Gratis (MBG) atau Satuan Pelayanan Pemenuhan Gizi (SPPG) di Palmerah, Jakarta, Selasa (2/6/2026). Kunjungan tersebut merupakan bagian dari upaya pemerintah untuk memastikan sarana, sistem operasional, serta rantai pendukung dalam pelaksanaan program pemenuhan gizi nasional sesuai dengan standar.",netral,0.9389
af9245930e87,Liputan6,2026-06-02,https://berita.liputan6.com/peristiwa/read/7580651/prabowo-makan-dan-bernyanyi-bersama-siswa-saat-cek-program-mbg,Prabowo Makan dan Bernyanyi Bersama Siswa saat Cek Program MBG,"Prabowo Makan dan Bernyanyi Bersama Siswa saat Cek Program MBG. Liputan6.com, Jakarta - Presiden Prabowo Subianto meninjau pelaksanaan Program Makan Bergizi Gratis (MBG) di Sekolah Menengah Pertama Negeri (SMPN) 111 Jakarta, Selasa (2/6/2026). Kunjungan tersebut untuk memastikan program prioritas nasional berjalan dengan baik dan memberikan manfaat langsung bagi para pelajar.",positif,0.939
706153192db4,Antara,2026-06-03,https://www.antaranews.com/berita/5593044/kejagung-ungkap-jemput-paksa-dadan-hindayana-di-rumahnya,Kejagung ungkap jemput paksa Dadan Hindayana di rumahnya,"Kejagung ungkap jemput paksa Dadan Hindayana di rumahnya. Jakarta (ANTARA) - Kejaksaan Agung mengungkapkan bahwa penyidik menjemput paksa mantan Kepala Badan Gizi Nasional (BGN) Dadan Hindayana di rumahnya di Bogor, Jawa Barat. Jemput paksa itu dilakukan penyidik sebelum Dadan ditetapkan sebagai tersangka kasus dugaan tindak pidana korupsi tata kelola program Makan Bergizi Gratis (MBG) pada BGN tahun 2025–2026.",negatif,0.939
ac7b97cdccf6,Suara,2026-06-04,https://www.suara.com/lifestyle/2026/06/04/132000/dadan-hindayana-lulusan-jurusan-apa-mantan-kepala-bgn-jadi-tersangka-korupsi-mbg,Dadan Hindayana Lulusan Jurusan Apa? Mantan Kepala BGN Jadi Tersangka Korupsi MBG,Dadan Hindayana Lulusan Jurusan Apa? Mantan Kepala BGN Jadi Tersangka Korupsi MBG. - Presiden Prabowo mencopot Dadan Hindayana dari jabatan Kepala Badan Gizi Nasional pada 2 Juni 2026. - Kejaksaan Agung menetapkan Dadan sebagai tersangka kasus dugaan korupsi pengadaan barang program Makan Bergizi Gratis.,negatif,0.9394
9ede8a96c4c4,Kumparan,2026-06-03,https://kumparan.com/kumparannews/video/1780491232460675309,Momen Eks Kepala BGN Dadan Dijemput Kejagung dari Rumahnya,"Momen Eks Kepala BGN Dadan Dijemput Kejagung dari Rumahnya. kumparanNEWS 3 Jun 2026 Momen Eks Kepala BGN Dadan Dijemput Kejagung dari Rumahnya Tim penyidik Kejaksaan Agung (Kejagung) mendatangi kediaman eks Kepala Badan Gizi Nasional (BGN) Dadan Hindayana di Tanah Sereal, Bogor pada Rabu (3/6). Dari video yang dibagikan pihak Kejagung, tim segera masuk dan menggeledah rumah Dadan.",negatif,0.9401
6c596340573a,Tempo,2026-06-04,https://www.tempo.co/hukum/korupsi-bgn-jaksa-masih-geledah-beberapa-lokasi-di-jakarta-2245499,"Korupsi BGN, Jaksa Masih Geledah Beberapa Lokasi di Jakarta","Korupsi BGN, Jaksa Masih Geledah Beberapa Lokasi di Jakarta. PENYIDIK Kejaksaan Agung terus melakukan penggeledahan di sejumlah lokasi untuk mengumpulkan barang bukti dalam penyidikan kasus dugaan korupsi program Makan Bergizi Gratis (MBG). Direktur Penyidikan Jaksa Agung Muda Bidang Tindak Pidana Khusus atau Jampidsus Kejagung Syarief Sulaeman mengatakan penggeledahan dilakukan di wilayah Jakarta.",negatif,0.9404
f9ac9f6c78c4,Detik,2026-06-03,https://oto.detik.com/foto-oto/d-8515739/ini-gudang-motor-listrik-mbg-yang-dipesan-dadan-hindayana,Ini Gudang Motor Listrik MBG yang Dipesan Dadan Hindayana,Ini Gudang Motor Listrik MBG yang Dipesan Dadan Hindayana. Bogor - Pabrik motor listrik pemasok program MBG sempat viral. Pengadaan puluhan ribu unit yang dilakukan pada era Dadan Hindayana sempat memicu perdebatan publik.,netral,0.9413
95953245f7d0,Detik,2026-06-04,https://www.detik.com/jabar/berita/d-8517888/jejak-sony-sanjaya-eks-waka-bgn-bantu-sppg-korban-phising,"Jejak Sony Sanjaya Eks Waka BGN, Bantu SPPG Korban Phising","Jejak Sony Sanjaya Eks Waka BGN, Bantu SPPG Korban Phising. Wakil Kepala Badan Gizi Nasional (BGN), Sony Sonjaya ditahan Kejaksaan Agung usai ditetapkan sebagai tersangka kasus dugaan korupsi program Makan Bergizi Gratis (MBG). Tak cuma sendiri, ada dua pimpinan BGN yang akhirnya ditetapkan sebagai tersangka bersama Sony, di antaranya Kepala BGN Dadan Hindayana, serta Wakil Kepala BGN, Lodewyk Pusung.",positif,0.9418
b149f433be3f,Tempo,2026-06-06,https://www.tempo.co/arsip/menteri-wihaji-usul-mbg-fokus-di-6-provinsi-ini-untuk-tekan-stunting-2253309,Menteri Wihaji Usul MBG Fokus di 6 Provinsi Ini untuk Tekan Stunting | tempo.co,"Menteri Wihaji Usul MBG Fokus di 6 Provinsi Ini untuk Tekan Stunting | tempo.co. Kementerian Kependudukan dan Pembangunan Keluarga (Kemendukbangga) menyarankan Badan Gizi Nasional (BGN) memprioritaskan enam provinsi dalam pelaksanaan program makan bergizi gratis (MBG) jika ingin menekan angka stunting secara signifikan. Sebab, hampir separuh kasus stunting nasional terkonsentrasi di enam wilayah.",positif,0.9421
bc1302ccfa46,Suara,2026-06-04,https://www.suara.com/lifestyle/2026/06/04/151500/berapa-ancaman-hukuman-penjara-dadan-hindayana-yang-korupsi-mbg,Berapa Ancaman Hukuman Penjara Dadan Hindayana yang Korupsi MBG?,Berapa Ancaman Hukuman Penjara Dadan Hindayana yang Korupsi MBG?. - Kejaksaan Agung menetapkan Dadan Hindayana bersama dua rekannya sebagai tersangka korupsi program Makan Bergizi Gratis pada 3 Juni 2026. - Para tersangka diduga melakukan mark-up pengadaan barang dan intervensi kewenangan yang merugikan keuangan negara hingga mencapai triliunan rupiah.,negatif,0.9423
f39d563b3ccc,Antara,2026-06-05,https://www.antaranews.com/berita/5595035/hukum-kemarin-vonis-eks-wamenaker-noel-hingga-silmy-karim-dicopot,"Hukum kemarin, vonis eks Wamenaker Noel hingga Silmy Karim dicopot","Hukum kemarin, vonis eks Wamenaker Noel hingga Silmy Karim dicopot. Jakarta (ANTARA) - Berbagai peristiwa hukum kemarin (4/6) menjadi sorotan, mulai dari Terbukti terima gratifikasi, eks Wamenaker Noel divonis 4 tahun 6 bulan penjara hingga Prabowo resmi copot Silmy Karim sebagai Wamen Imipas. Berikut rangkuman ANTARA untuk berita hukum kemarin yang menarik untuk kembali dibaca: 1.",negatif,0.9424
13c247a58216,Suara,2026-06-04,https://www.suara.com/news/2026/06/04/172428/kejagung-ungkap-alasan-dadan-hindayana-cs-cepat-jadi-tersangka-korupsi-mbg,Kejagung Ungkap Alasan Dadan Hindayana Cs Cepat Jadi Tersangka Korupsi MBG,"Kejagung Ungkap Alasan Dadan Hindayana Cs Cepat Jadi Tersangka Korupsi MBG. - Kejaksaan Agung menetapkan Dadan Hindayana serta dua wakilnya sebagai tersangka korupsi tata kelola program Makan Bergizi Gratis, Kamis (4/6/2026). - Para tersangka terbukti menyalahgunakan wewenang melalui yayasan terafiliasi serta melakukan intervensi dalam pengadaan barang jasa bernilai triliunan rupiah.",negatif,0.9428
706560583fc5,Tempo,2026-06-03,https://www.tempo.co/hukum/jaksa-geledah-kantor-badan-gizi-nasional-2215182,Jaksa Geledah Kantor Badan Gizi Nasional,"Jaksa Geledah Kantor Badan Gizi Nasional. KEJAKSAAN Agung menggeledah kantor Badan Gizi Nasional (BGN) di Jalan Kebon Sirih, Jakarta Pusat, pada Rabu, 3 Juni 2026. Pantauan Tempo di lokasi, para pegawai BGN tidak dapat memasuki gedung karena proses penggeledahan masih berlangsung.",negatif,0.9429
aa834351452d,Tribunnews,2026-06-07,https://www.tribunnews.com/nasional/7839166/4-sosok-ini-akan-dilantik-prabowo-senin-besok-siapa-pengganti-silmy-karim,"4 Sosok Ini Akan Dilantik Prabowo Senin Besok, Siapa Pengganti Silmy Karim? - Tribunnews.com","4 Sosok Ini Akan Dilantik Prabowo Senin Besok, Siapa Pengganti Silmy Karim? - Tribunnews.com. Reshuffle Kabinet 4 Sosok Ini Akan Dilantik Prabowo Senin Besok, Siapa Pengganti Silmy Karim? Istana mengkonfirmasi pelantikan pimpinan Badan Gizi Nasional (BGN), oleh Presiden Prabowo Senin (8/6/2026) besok.",netral,0.943
ed80bd336938,Detik,2026-06-05,https://www.detik.com/jabar/cirebon-raya/d-8519743/sppg-cirebon-belum-terima-motor-listrik-program-mbg-tetap-jalan,"SPPG Cirebon Belum Terima Motor Listrik, Program MBG Tetap Jalan","SPPG Cirebon Belum Terima Motor Listrik, Program MBG Tetap Jalan. Satuan Pelayanan Pemenuhan Gizi (SPPG) Kota Cirebon Kejaksan Kesenden belum menerima bantuan motor listrik dari Badan Gizi Nasional (BGN). Meski demikian, Program Makan Bergizi Gratis (MBG) tetap berjalan normal dengan dukungan kendaraan pribadi dan armada dari yayasan.",netral,0.9431
91416fef00ec,Antara,2026-06-05,https://www.antaranews.com/berita/5595531/penasihat-hukum-sony-sonjaya-jelaskan-pengajuan-justice-collaborator,Penasihat hukum Sony Sonjaya jelaskan pengajuan justice collaborator,"Penasihat hukum Sony Sonjaya jelaskan pengajuan justice collaborator. Semalam sudah dituangkan dalam BAP, bahwa Pak Sony akan menjadi justice collaborator Jakarta (ANTARA) - Penasihat hukum Sony Sonjaya, tersangka dugaan korupsi tata kelola program Makan Bergizi Gratis (MBG), mengungkapkan pertimbangan kliennya mengajukan diri sebagai justice collaborator (JC) dalam kasus yang tengah ditangani oleh Kejaksaan Agung tersebut. Krisna Murti, selaku penasihat hukum Sony Sonjaya yang dikonfirmasi di Jakarta, Jumat, mengatakan kliennya mengajukan diri sebagai JC setelah menjalani pemeriksaan di Kejagung pada Kamis (4/6).",netral,0.9434
b55d2072cd98,Antara,2026-05-29,https://www.antaranews.com/berita/5586085/pentingnya-budaya-verifikasi-di-tengah-maraknya-misinformasi,Pentingnya budaya verifikasi di tengah maraknya misinformasi,"Pentingnya budaya verifikasi di tengah maraknya misinformasi. Jakarta (ANTARA) - Belum pernah dalam sejarah manusia, informasi bergerak secepat hari ini. Dalam hitungan detik, satu unggahan dapat menyebar ke berbagai platform, dibaca jutaan orang, lalu membentuk opini publik, sebelum fakta-fakta lengkap tersedia.",netral,0.9435
d5c30bb4caf0,Tempo,2026-06-05,https://www.tempo.co/hukum/korupsi-bgn-mbg-dadan-sonny-pusung-2252921,Mengapa Korupsi di BGN Layak Diusut dengan TPPU,Mengapa Korupsi di BGN Layak Diusut dengan TPPU. KEJAKSAAN Agung bergerak cepat mengusut dugaan korupsi tata kelola proyek makan bergizi gratis (MBG) di Badan Gizi Nasional. Kasus yang menyeret tiga mantan pejabat tinggi BGN ini masuk ke tahap penyidikan setelah melewati penyelidikan kilat selama sepekan.,negatif,0.9442
e3fae9df066b,Detik,2026-06-05,https://health.detik.com/diet/d-8518529/disentil-prabowo-begini-hitungan-nutrisi-ayam-mbg-jika-dipotong-lebih-dari-14,"Disentil Prabowo, Begini Hitungan Nutrisi Ayam MBG Jika Dipotong Lebih dari 14","Disentil Prabowo, Begini Hitungan Nutrisi Ayam MBG Jika Dipotong Lebih dari 14. Presiden Prabowo Subianto menyoroti ukuran porsi lauk dalam Program Makan Bergizi Gratis (MBG) saat menghadiri acara Building Indonesia's Future Generations Through Nutrition di Sentul International Convention Center (SICC), Bogor, Jawa Barat, Rabu (3/6/2026). Dalam kesempatan tersebut, Prabowo memperlihatkan dua wadah berisi ayam goreng dengan ukuran potongan yang berbeda.",negatif,0.9446
26a5cd3797c7,CNN Indonesia,2026-06-06,https://www.cnnindonesia.com/nasional/20260605192132-12-1365913/janji-sony-sonjaya-bakal-nyanyi-di-kasus-korupsi-mbg,Janji Sony Sonjaya Bakal 'Nyanyi' di Kasus Korupsi MBG,"Janji Sony Sonjaya Bakal 'Nyanyi' di Kasus Korupsi MBG. Janji Sony Sonjaya Bakal 'Nyanyi' di Kasus Korupsi MBG Mantan Wakil Kepala Badan Gizi Nasional (BGN) Sony Sonjaya mengaku bakal buka-bukaan dalam kasus dugaan korupsi tata kelola program Makan Bergizi Gratis (MBG) yang telah menyeret namanya sebagai tersangka. Pernyataan itu disampaikan pengacara Sony, Krisna Murti usai kliennya akan menjadi Justice Collaborator (JC) atau saksi yang bekerja sama dalam kasus tersebut.",negatif,0.9448
4c401cbb6001,Tempo,2026-06-04,https://www.tempo.co/politik/bgn-moratorium-dapur-baru-mbg-fokus-benahi-layanan-gizi-2236273,"BGN Moratorium Dapur Baru MBG, Fokus Benahi Layanan Gizi","BGN Moratorium Dapur Baru MBG, Fokus Benahi Layanan Gizi. KEPALA Badan Gizi Nasional Nanik Sudaryati Deyang mengatakan salah satu langkah utama setelah menjabat adalah melakukan moratorium pembangunan dapur baru untuk program makan bergizi gratis (MBG). Kebijakan ini disebut sejalan dengan arahan Kementerian Keuangan sehubungan dengan efisiensi anggaran program, yang mengalami penyesuaian dari Rp335 triliun menjadi Rp268 triliun.",positif,0.9452
fa8479d2cf67,Tempo,2026-06-05,https://www.tempo.co/politik/nanik-beberkan-4-langkah-prioritas-usai-ditunjuk-pimpin-bgn-2252944,Nanik Beberkan 4 Langkah Prioritas Usai Ditunjuk Pimpin BGN,"Nanik Beberkan 4 Langkah Prioritas Usai Ditunjuk Pimpin BGN. Kepala Badan Gizi Nasional (BGN) yang baru, Nanik S. Deyang, membeberkan empat langkah prioritas yang akan ditempuh untuk membenahi program makan berrgizi gratis (MBG).",positif,0.9457
9f89bb64c686,Antara,2026-06-02,https://www.antaranews.com/berita/5591632/mensesneg-sebut-pimpinan-baru-bgn-dapat-langsung-bertugas,Mensesneg sebut pimpinan baru BGN dapat langsung bertugas,"Mensesneg sebut pimpinan baru BGN dapat langsung bertugas. Jakarta (ANTARA) - Menteri Sekretaris Negara (Mensesneg) Prasetyo Hadi mengatakan pelantikan Nanik S. Deyang sebagai Kepala Badan Gizi Nasional (BGN) akan diumumkan dalam waktu dekat, sementara pejabat yang baru dapat langsung menjalankan tugas sejak pengumuman pergantian jabatan pada Selasa.",netral,0.9457
49e3964bb43f,Kompas,2026-06-07,https://nasional.kompas.com/read/2026/06/07/05522401/korupsi-mbg-membaca-kekecewaan-presiden-prabowo,Korupsi MBG: Membaca Kekecewaan Presiden Prabowo,"Korupsi MBG: Membaca Kekecewaan Presiden Prabowo. Baca berita tanpa iklan. Gabung Kompas.com+ Kompas.com, 7 Juni 2026, 05:52 WIB Artikel ini adalah kolom, seluruh isi dan opini merupakan pandangan pribadi penulis dan bukan cerminan sikap redaksi.",negatif,0.9459
4136814f7c16,Detik,2026-06-05,https://www.detik.com/jabar/hukum-dan-kriminal/d-8519277/eks-waka-bgn-sony-sanjaya-ajukan-jc-siap-buka-bukaan-soal-skandal-mbg,"Eks Waka BGN Sony Sanjaya Ajukan JC, Siap Buka-bukaan soal Skandal MBG","Eks Waka BGN Sony Sanjaya Ajukan JC, Siap Buka-bukaan soal Skandal MBG. Mantan Wakil Kepala Badan Gizi Nasional (BGN) Sony Sanjaya akan mengajukan permohonan menjadi justice collaborator (JC) atau bekerja sama dalam mengungkap skandal dugaan korupsi tata kelola program Makan Bergizi Gratis (MBG). Seperti diketahui, Sony merupakan salah satu dari tersangka dari kasus di Badan Gizi Nasional (BGN) tahun 2025-2026 itu.",negatif,0.9469
70e1ceddd1aa,CNN Indonesia,2026-06-06,https://www.cnnindonesia.com/nasional/20260606183712-25-1366170/kemenpu-rampungkan-222-sppg-di-seluruh-indonesia-termasuk-wilayah-3t,"KemenPU Rampungkan 222 SPPG di Seluruh Indonesia, Termasuk Wilayah 3T","KemenPU Rampungkan 222 SPPG di Seluruh Indonesia, Termasuk Wilayah 3T. KemenPU Rampungkan 222 SPPG di Seluruh Indonesia, Termasuk Wilayah 3T Kementerian Pekerjaan Umum (PU) telah merampungkan 222 gedung Satuan Pelayanan Pemenuhan Gizi (SPPG) yang tersebar di 30 provinsi seluruh Indonesia, yang juga mencakup wilayah Tertinggal, Terdepan, dan Terluar (3T). Di wilayah 3T, dibangun dua SPPG di kawasan Pos Lintas Batas Negara (PLBN) Wini dan PLBN Motamasin, Nusa Tenggara Timur (NTT) yang termasuk area perbatasan.",positif,0.9469
db77a80acf7e,Detik,2026-06-05,https://finance.detik.com/infrastruktur/d-8519447/kementerian-pu-bangun-222-dapur-mbg-ada-yang-di-daerah-terpencil,"Kementerian PU Bangun 222 Dapur MBG, Ada yang di Daerah Terpencil","Kementerian PU Bangun 222 Dapur MBG, Ada yang di Daerah Terpencil. Kementerian Pekerjaan Umum (PU) telah menyelesaikan pembangunan 222 Satuan Pelayanan Pemenuhan Gizi (SPPG) atau dapur untuk program Makan Bergizi Gratis (MBG). Dari total tersebut, sekitar 10-20 berlokasi di wilayah tertinggal, terdepan, dan terluar (3T).",positif,0.9471
b6c030790077,Detik,2026-06-04,https://finance.detik.com/berita-ekonomi-bisnis/d-8518428/2-alasan-nanik-diangkat-jadi-kepala-bgn-paham-kegiatan-disiplin-sop,2 Alasan Nanik Diangkat Jadi Kepala BGN: Paham Kegiatan-Disiplin SOP,"2 Alasan Nanik Diangkat Jadi Kepala BGN: Paham Kegiatan-Disiplin SOP. Menteri Sekretaris Negara (Mensesneg), Prasetyo Hadi, mengungkap sejumlah pertimbangan utama pengangkatan Nanik S. Deyang sebagai Kepala Badan Gizi Nasional (BGN).",netral,0.9472
05f209d94f53,Kompas,2026-06-07,https://nasional.kompas.com/read/2026/06/07/16203171/prabowo-santap-mbg-bareng-siswa-sekolah-rakyat-di-tabanan,Prabowo Santap MBG Bareng Siswa Sekolah Rakyat di Tabanan,"Prabowo Santap MBG Bareng Siswa Sekolah Rakyat di Tabanan. Baca berita tanpa iklan. Gabung Kompas.com+ Kompas.com, 7 Juni 2026, 16:20 WIB JAKARTA, KOMPAS.com - Presiden Prabowo Subianto sempat menyantap Makan Bergizi Gratis (MBG) saat menyambangi Sekolah Rakyat Menengah Pertama (SRMP) 17 Tabanan, Bali, Minggu (7/6/2026).",netral,0.948
0be8d754a770,Suara,2026-06-02,https://www.suara.com/video/2026/06/02/174113/ngaku-ke-raffi-ahmad-bahlil-sebut-ingin-bertemu-pembuat-lagu-mbg,"Ngaku ke Raffi Ahmad, Bahlil Sebut Ingin Bertemu Pembuat Lagu MBG","Ngaku ke Raffi Ahmad, Bahlil Sebut Ingin Bertemu Pembuat Lagu MBG. Suara.com - Lagu viral “MBG (Mas Bahlil Ganteng)” kembali jadi sorotan setelah namanya muncul dalam obrolan antara Raffi Ahmad dan Bahlil Lahadalia. Dalam video yang beredar, Raffi menanyakan langsung kepada Bahlil soal sosok di balik lagu yang ramai digunakan di media sosial tersebut.",netral,0.9481
f2636125a910,Antara,2026-06-02,https://www.antaranews.com/berita/5590709/presiden-tinjau-pelaksanaan-mbg-di-smpn-111-jakarta,Presiden tinjau pelaksanaan MBG di SMPN 111 Jakarta,"Presiden tinjau pelaksanaan MBG di SMPN 111 Jakarta. Jakarta (ANTARA) - Presiden Prabowo Subianto meninjau pelaksanaan program Makan Bergizi Gratis atau MBG di Sekolah Menengah Pertama Negeri (SMPN) 111 Jakarta, Selasa, untuk memastikan program prioritas nasional itu berjalan dengan baik. Menurut keterangan Sekretariat Presiden yang diterima di Jakarta, Selasa, Presiden Prabowo memasuki sejumlah ruang kelas untuk melihat secara langsung pelaksanaan program MBG.",netral,0.9481
75233cb01c38,Suara,2026-06-04,https://www.suara.com/news/2026/06/04/190211/bgn-akan-benahi-dapur-mbg-satu-kecamatan-ditargetkan-cukup-dilayani-enam-sppg,"BGN Akan Benahi Dapur MBG, Satu Kecamatan Ditargetkan Cukup Dilayani Enam SPPG","BGN Akan Benahi Dapur MBG, Satu Kecamatan Ditargetkan Cukup Dilayani Enam SPPG. - Kepala BGN Nanik S Deyang menghentikan sementara pendaftaran dapur Makan Bergizi Gratis guna membenahi 27.000 titik operasional saat ini. - Langkah ini dilakukan untuk mengatasi penumpukan dapur di perkotaan sekaligus mengalihkan fokus distribusi program ke wilayah 3T.",netral,0.9481
258df75faffb,Detik,2026-06-03,https://www.detik.com/kalimantan/hukum-dan-kriminal/d-8515692/kantor-bgn-digeledah-kejagung-usai-pergantian-pimpinan,Kantor BGN Digeledah Kejagung Usai Pergantian Pimpinan,Kantor BGN Digeledah Kejagung Usai Pergantian Pimpinan. Kantor Badan Gizi Nasional (BGN) digeledah penyidik Kejaksaan Agung (Kejagung) pada Rabu (3/6). Proses penggeledahan masih berlangsung dan belum diketahui kasus yang berkaitan dengan tindakan tersebut.,netral,0.9481
72a21b16d2d6,Republika,2026-05-26,https://news.republika.co.id/berita/tfmr77487/efisiensi-anggaran-bgn-bakal-lakukan-penyesuaian-belanja-operasional,"Efisiensi Anggaran, BGN Bakal Lakukan Penyesuaian Belanja Operasional |Republika Online","Efisiensi Anggaran, BGN Bakal Lakukan Penyesuaian Belanja Operasional |Republika Online. REPUBLIKA.CO.ID, JAKARTA -- Pemerintah menyatakan telah memangkas anggaran untuk program Makan Bergizi Gratis (MBG). Anggaran program MBG yang semula senilai Rp 335 triliun dipangkas Rp 67 triliun, menjadi Rp 268 triliun.",netral,0.9487
689a46a84440,Suara,2026-06-04,https://www.suara.com/lifestyle/2026/06/04/071257/dadan-hindayana-dulu-dilantik-siapa-eks-kepala-bgn-yang-kini-jadi-tersangka-korupsi-program-mbg,Dadan Hindayana Dulu Dilantik Siapa? Eks Kepala BGN yang Kini Jadi Tersangka Korupsi Program MBG,Dadan Hindayana Dulu Dilantik Siapa? Eks Kepala BGN yang Kini Jadi Tersangka Korupsi Program MBG. - Mantan Kepala BGN terseret kasus Dadan Hindayana setelah resmi dicopot Presiden. - Kejagung tetapkan tersangka kasus Dadan Hindayana terkait dugaan korupsi pengadaan barang.,netral,0.9497
314f8a72e2a7,Antara,2026-05-30,https://www.antaranews.com/berita/5588100/kejagung-abpednas-perkuat-kerja-sama-kawal-dana-desa-dan-mbg,Kejagung-Abpednas perkuat kerja sama kawal dana desa dan MBG,"Kejagung-Abpednas perkuat kerja sama kawal dana desa dan MBG. Jakarta (ANTARA) - Kejaksaan Agung (Kejagung) dan Asosiasi Badan Permusyawaratan Desa Nasional (Abpednas) menjalin kerja sama untuk memperkuat pengawasan terhadap penggunaan dana pembangunan desa dan program Makan Bergizi Gratis (MBG). Jaksa Agung Muda Bidang Intelijen (JAM-Intel) Reda Manthovani yang juga Ketua Dewan Pengawas Abpednas dalam keterangan di Jakarta, Sabtu, mengatakan kolaborasi ini bertujuan membantu kejaksaan mengawasi pengelolaan keuangan desa sekaligus memastikan berbagai program pemerintah berjalan tepat sasaran hingga masyarakat.",netral,0.9498
01097cf76897,Kumparan,2026-04-12,https://kumparan.com/kumparanoto/video/1776018585393193923,"Ternyata Begini Isi Mobil MBG, Muat Banyak Ompreng!","Ternyata Begini Isi Mobil MBG, Muat Banyak Ompreng!. kumparanOTO 13 Apr 2026 Ternyata Begini Isi Mobil MBG, Muat Banyak Ompreng! Suzuki dan Toyota majang mobil pengantaran Makan Bergizi Gratis (MBG) di pameran Gaikindo Commercial Vehicle (GIICOMVEC) 2026.",netral,0.95
3600efa6f4d6,Kompas,2026-06-05,https://surabaya.kompas.com/read/2026/06/05/145007978/84-siswa-di-bangkalan-keracunan-satgas-ambil-sampel-dan-dapur-mbg-ditutup,"84 Siswa di Bangkalan Keracunan, Satgas Ambil Sampel dan Dapur MBG Ditutup Sementara","84 Siswa di Bangkalan Keracunan, Satgas Ambil Sampel dan Dapur MBG Ditutup Sementara. Baca berita tanpa iklan. Gabung Kompas.com+ Kompas.com, 5 Juni 2026, 14:50 WIB BANGKALAN, KOMPAS.com - Kasus dugaan keracunan yang menimpa 84 siswa di sejumlah sekolah di Kecamatan Kokop, Kabupaten Bangkalan, Jawa Timur, terus didalami.",netral,0.95
91d4d2b51ecf,Suara,2026-06-03,https://www.suara.com/otomotif/2026/06/03/124601/mewahnya-koleksi-mobil-eks-kepala-bgn-dadan-hindayana-kini-dijemput-kejagung,"Mewahnya Koleksi Mobil Eks Kepala BGN Dadan Hindayana, Kini Dijemput Kejagung","Mewahnya Koleksi Mobil Eks Kepala BGN Dadan Hindayana, Kini Dijemput Kejagung. - Kejaksaan Agung menjemput paksa mantan Kepala BGN, Dadan Hindayana, di Jakarta Pusat pada 3 Juni 2026. - Penjemputan dilakukan atas dugaan praktik jual beli jabatan dalam program Makan Bergizi Gratis pasca pencopotan jabatan.",netral,0.9502
2971f1fb37ad,Liputan6,2026-06-04,https://www.liputan6.com/bisnis/read/7656437/program-mbg-butuh-48-miliar-kemasan-susu,"Program MBG Butuh 4,8 Miliar Kemasan Susu","Program MBG Butuh 4,8 Miliar Kemasan Susu. Liputan6.com, Jakarta - Pemerintah melalui Kementerian Perindustrian (Kemenperin) mendorong penguatan industri pengolahan susu kemasan untuk program Makan Bergizi Gratis (MBG). Direktur Industri Minuman, Hasil Tembakau dan Bahan Penyegar Kemenperin Merrijantij Punguan Pintaria melaporkan, dari kebutuhan susu MBG pada 2026 sebesar 4,8 miliar kemasan, kapasitas industri pengolahan susu nasional baru mampu memenuhi sekitar 49 persen.",netral,0.9504
95fa28bcdb30,Suara,2026-06-03,https://www.suara.com/foto/2026/06/03/193205/korupsi-mbg-eks-kepala-bgn-dadan-hindayana-ditahan-kejagung,"Korupsi MBG, Eks Kepala BGN Dadan Hindayana Ditahan Kejagung","Korupsi MBG, Eks Kepala BGN Dadan Hindayana Ditahan Kejagung. Suara.com - Tersangka dugaan tindak pidana korupsi tata kelola program Makan Bergizi Gratis (MBG) pada Badan Gizi Nasional (BGN) Dadan Hindayana berada di dalam mobil tahanan di Kejaksaan Agung, Jakarta, Rabu (3/6/2026). Kejaksaan Agung menetapkan mantan Kepala BGN Dadan Hindayana, dan dua mantan Wakil Kepala BGN yakni Sony Sanjaya dan Lodewyk Pusung sebagai tersangka dugaan tindak pidana korupsi tata kelola program MBG pada BGN tahun 2025-2026.",netral,0.9507
97287ef62029,Liputan6,2026-05-23,https://berita.liputan6.com/peristiwa/read/7100495/pemerintah-perkuat-tata-kelola-mbg-16046-sppg-kantongi-slhs,"Pemerintah Perkuat Tata Kelola MBG, 16.046 SPPG Kantongi SLHS","Pemerintah Perkuat Tata Kelola MBG, 16.046 SPPG Kantongi SLHS. Liputan6.com, Jakarta - Badan Gizi Nasional (BGN) terus memperkuat tata kelola program Makan Bergizi Gratis (MBG) melalui peningkatan standar keamanan pangan, Sertifikasi Laik Higiene Sanitasi (SLHS), hingga pengawasan operasional Satuan Pelayanan Pemenuhan Gizi (SPPG). Hal tersebut terungkap dalam laporan Progress Kinerja Badan Gizi Nasional (BGN) per Jumat (22/5/2026).",netral,0.9512
6a3cd27cdf60,Tempo,2026-06-07,https://www.tempo.co/hukum/kepala-bgn-nanik-deyang-loyalis-prabowo-2253341,"Siapa Nanik Deyang, Loyalis Prabowo yang Jadi Kepala BGN","Siapa Nanik Deyang, Loyalis Prabowo yang Jadi Kepala BGN. Iklan SETELAH menjabat Kepala Badan Gizi Nasional (BGN), Nanik Sudaryati Deyang sibuk mengadakan berbagai rapat bersama timnya. “Kami membahas efisiensi anggaran,” kata Nanik dalam konferensi pers pada Kamis, 4 Juni 2026.",netral,0.9516
7460b3197fce,Suara,2026-06-05,https://www.suara.com/news/2026/06/05/144733/jalani-pemeriksaan-sony-sonjaya-buka-bukaan-soal-jual-beli-titik-dapur-mbg,"Jalani Pemeriksaan, Sony Sonjaya Buka-bukaan Soal Jual Beli Titik Dapur MBG","Jalani Pemeriksaan, Sony Sonjaya Buka-bukaan Soal Jual Beli Titik Dapur MBG. - Sony Sonjaya menjalani pemeriksaan terkait dugaan korupsi dan penyalahgunaan titik satuan pelayanan Makan Bergizi Gratis di Kejagung. - Kuasa hukum Sony berencana mengajukan status Justice Collaborator serta meminta perlindungan kepada pihak LPSK untuk kliennya.",netral,0.9519
ab91dc4c5f3f,Tribunnews,2026-06-06,https://www.tribunnews.com/nasional/7838849/kuasa-hukum-sony-sonjaya-sebut-ada-26-orang-terlibat-korupsi-mbg-data-ada-di-ponselnya,"Kuasa Hukum: Sony Sonjaya Sebut Ada 26 Orang Terlibat Korupsi MBG, Data Ada di Ponselnya - Tribunnews.com","Kuasa Hukum: Sony Sonjaya Sebut Ada 26 Orang Terlibat Korupsi MBG, Data Ada di Ponselnya - Tribunnews.com. Kasus Korupsi di BGN Kuasa Hukum: Sony Sonjaya Sebut Ada 26 Orang Terlibat Korupsi MBG, Data Ada di Ponselnya Sony Sonjaya menyebut 26 orang diduga terlibat dalam kasus korupsi MBG. Semua data berada di ponsel miliknya yang disita penyidik Kejagung.",netral,0.9525
dde96931a24d,Kompas,2026-06-07,https://surabaya.kompas.com/read/2026/06/07/075500178/bem-unair-inisiasi-petisi-online-hentikan-mbg-ajak-seluruh-masyarakat,"BEM Unair Inisiasi Petisi Online Hentikan MBG, Ajak Seluruh Masyarakat Tandatangan","BEM Unair Inisiasi Petisi Online Hentikan MBG, Ajak Seluruh Masyarakat Tandatangan. Baca berita tanpa iklan. Gabung Kompas.com+ Kompas.com, 7 Juni 2026, 07:55 WIB SURABAYA, KOMPAS.com - Badan Eksekutif Mahasiswa (BEM) Universitas Airlangga (Unair) menginisiasi petisi daring di change.org untuk menghentikan program Makan Bergizi Gratis (MBG).",netral,0.953
0f9d1a63df30,Tempo,2026-06-07,https://www.tempo.co/ekonomi/dapur-mbg-jawa-timur-sepakat-beli-telur-ayam-dari-peternak-2253434,Dapur MBG Jawa Timur Sepakat Beli Telur Ayam dari Peternak,Dapur MBG Jawa Timur Sepakat Beli Telur Ayam dari Peternak. BADAN Pangan Nasional menyatakan Satuan Pelayanan Pemenuhan Gizi atau dapur program makan bergizi gratis (MBG) di Jawa Timur sepakat membeli telur ayam peternak untuk mengatasi harga komoditas tersebut yang sedang anjlok. Kesepakatan itu merupakan hasil rapat koordinasi stabilisasi pasokan dan harga telur ayam ras antara Badan Gizi Nasional dan koperasi atau asosiasi peternak di Jawa Timur.,netral,0.9532
805cc1eb3cea,Kumparan,2026-06-06,https://kumparan.com/kumparanbisnis/harga-telur-mulai-stabil-kementan-gandeng-mbg-serap-produksi-peternak-27XoZAapb50,"Harga Telur Mulai Stabil, Kementan Gandeng MBG Serap Produksi Peternak","Harga Telur Mulai Stabil, Kementan Gandeng MBG Serap Produksi Peternak. Harga Telur Mulai Stabil, Kementan Gandeng MBG Serap Produksi Peternak ·waktu baca 2 menit Harga telur ayam ras yang sempat tertekan dalam beberapa pekan terakhir mulai menunjukkan perbaikan di sejumlah sentra produksi. Direktur Jenderal Peternakan dan Kesehatan Hewan (PKH) Kementan, Agung Suganda, mengatakan tekanan harga sebelumnya dipicu oleh kombinasi peningkatan pasokan, perlambatan serapan pasar, serta distribusi yang belum optimal di sejumlah daerah sentra produksi.",netral,0.9536
0bd0142ce929,Detik,2026-05-30,https://www.detik.com/kalimantan/berita/d-8510339/transit-di-tarakan-ksau-resmikan-2-sppg-di-lanud-anang-busra,"Transit di Tarakan, KSAU Resmikan 2 SPPG di Lanud Anang Busra","Transit di Tarakan, KSAU Resmikan 2 SPPG di Lanud Anang Busra. Kepala Staf Angkatan Udara (KSAU) Marsekal Tonny Harjono melakukan transit di Lanud Anang Busra, Tarakan, Kalimantan Utara (Kaltara), Jumat (29/5/2026), sebelum menjalankan misi kenegaraan ke Brunei Darussalam. Salah satu kegiatannya adalah meresmikan dua Satuan Pelayanan Pemenuhan Gizi (SPPG).",netral,0.954
b8a3bfdfe339,Detik,2026-06-05,https://www.detik.com/jabar/berita/d-8519797/ajukan-jc-sony-sanjaya-siap-ungkap-nama-nama-terlibat-korupsi-bgn,"Ajukan JC, Sony Sanjaya Siap Ungkap Nama-nama Terlibat Korupsi BGN","Ajukan JC, Sony Sanjaya Siap Ungkap Nama-nama Terlibat Korupsi BGN. Mantan Wakil Kepala Badan Gizi Nasional (BGN) Sony Sanjaya akan mengajukan permohonan menjadi justice collaborator (JC) atau bekerja sama dalam mengungkap aliran duit panas dugaan korupsi tata kelola program MBG (Makan Bergizi Gratis). Seperti diketahui, Sony merupakan salah satu dari tersangka dari kasus di Badan Gizi Nasional (BGN) tahun 2025-2026 itu.",netral,0.954
29d0c63e3947,Tempo,2026-06-04,https://www.tempo.co/arsip/perkenalan-nanik-s-deyang-sebagai-kepala-bgn-2249548,Perkenalan Nanik S. Deyang Sebagai Kepala BGN | tempo.co,"Perkenalan Nanik S. Deyang Sebagai Kepala BGN | tempo.co. Foto 1 dari 4Ketua Badan Gizi Nasional (BGN) Nanik Sudaryati Deyang (kiri) bersama Wakil Kepala BGN Agustina Arumsari (tengah) dan Mayjen TNI Trenggono ketika konferensi pers perdana di Kantor Badan Gizi Nasional, Jakarta, 4 Juni 2026. Nanik Sudaryati Deyang memperkenalkan diri setelah ditunjuk Presiden Prabowo Subianto sebagai Kepala Badan Gizi Nasional menggantikan Dadan Hindayana dan Wakil Kepala BGN kini diisi Agustina Arumsari dan Mayjen TNI Trenggono.",netral,0.9541
ecebf7eba2af,Detik,2026-06-03,https://www.detik.com/jogja/berita/d-8516462/tangan-diborgol-eks-kepala-bgn-dadan-hindayana-ditahan-kejagung,"Tangan Diborgol, Eks Kepala BGN Dadan Hindayana Ditahan Kejagung","Tangan Diborgol, Eks Kepala BGN Dadan Hindayana Ditahan Kejagung. Mantan Kepala Badan Gizi Nasional (BGN) Dadan Hindayana ditahan Kejaksaan Agung (Kejagung), Dadan tampak memakai rompi tahanan berwarna merah muda. Dilansir detikNews, Dadan tampak dibawa keluar dari gedung Jampidsus Kejagung, Jakarta Selatan, Rabu (3/6/2026) pukul 17.12 WIB.",netral,0.9543
e15fe96650a3,Antara,2026-05-25,https://www.antaranews.com/berita/5582327/bgn-tegaskan-komitmen-keterbukaan-dan-perbaikan-program-mbg,BGN tegaskan komitmen keterbukaan dan perbaikan Program MBG,"BGN tegaskan komitmen keterbukaan dan perbaikan Program MBG. Jakarta (ANTARA) - Badan Gizi Nasional (BGN) menegaskan komitmen keterbukaan dan perbaikan Program Makan Bergizi Gratis (MBG) saat menerima audiensi dari Jaringan Muda Indonesia (JMI) di Kantor BGN, Jakarta Pusat, Senin. Wakil Kepala BGN Sony Sonjaya menerima audiensi JMI sebagai ruang dialog terbuka untuk membahas berbagai masukan, aspirasi, serta dinamika pelaksanaan MBG di berbagai daerah.",netral,0.9543
4d78a088f397,Suara,2026-06-03,https://www.suara.com/video/2026/06/03/101328/kepala-bgn-dadan-hindayana-dicopot-prabowo-tunjuk-nanik-deyang,"Kepala BGN Dadan Hindayana Dicopot, Prabowo Tunjuk Nanik Deyang","Kepala BGN Dadan Hindayana Dicopot, Prabowo Tunjuk Nanik Deyang. Suara.com - Presiden Prabowo Subianto mencopot Dadan Hindayana sebagai Kepala Badan Gizi Nasional (BGN), digantikan oleh Nanik Sudaryati Deyang. Pencopotan Dadan diumumkan langsung oleh Menteri Sekretaris Negara Prasetyo Hadi di Istana Negara, Selasa (2/5/2026) malam.",netral,0.9545
879250afa1e0,Antara,2026-05-29,https://www.antaranews.com/berita/5586148/168-sppg-di-lombok-tengah-kantongi-sertifikat-laik-higiene-sanitasi,168 SPPG di Lombok Tengah kantongi sertifikat laik higiene sanitasi,"168 SPPG di Lombok Tengah kantongi sertifikat laik higiene sanitasi. Lombok Tengah (ANTARA) - Pemerintah Kabupaten Lombok Tengah, Provinsi Nusa Tenggara Barat (NTB) mencatat sebanyak 168 Satuan Pelayanan Pemenuhan Gizi (SPPG) yang beroperasi di 12 kecamatan di kabupaten setempat telah memiliki sertifikat laik higiene sanitasi (SLHS). ""Sampai saat ini ada 168 SPPG yang beroperasi dan memiliki SLHS.",netral,0.9552
f40ee9c5ca3b,Tempo,2026-06-04,https://www.tempo.co/arsip/prabowo-menanggapi-penangkapan-kepala-bgn-dadan-hindayana-2217974,Prabowo Menanggapi Penangkapan Kepala BGN Dadan Hindayana | tempo.co,"Prabowo Menanggapi Penangkapan Kepala BGN Dadan Hindayana | tempo.co. Presiden Prabowo Subianto menanggapi penangkapan mantan Kepala Badan Gizi Nasional (BGN) Dadan Hindayana dalam kasus korupsi. Selain Dadan, dua mantan Wakil Kepala BGN, yaitu Sony Sonjaya dan Lodewyk Pusung juga turut ditangkap Kejagung, Rabu, 3 Juni 2026.",netral,0.9554
4d31fca2465b,Detik,2026-06-01,https://www.detik.com/jabar/cirebon-raya/d-8512997/sppg-di-talaga-majalengka-disetop-sementara-usai-22-siswa-dirawat-rs,SPPG di Talaga Majalengka Disetop Sementara Usai 22 Siswa Dirawat RS,"SPPG di Talaga Majalengka Disetop Sementara Usai 22 Siswa Dirawat RS. Salah satu dapur penyedia program Makan Bergizi Gratis (MBG) di wilayah Kecamatan Talaga, Kabupaten Majalengka dihentikan sementara operasionalnya. Langkah itu diambil setelah 22 penerima manfaat dilaporkan mengalami gangguan pencernaan setelah diduga usai menyantap menu MBG.",negatif,0.9557
dc95a9c90cf5,Suara,2026-06-04,https://www.suara.com/lifestyle/2026/06/04/063500/terpopuler-kontroversi-dadan-hindayana-eks-kepala-bgn-rekomendasi-sepatu-lari-underrated,"Terpopuler: Kontroversi Dadan Hindayana Eks Kepala BGN, Rekomendasi Sepatu Lari Underrated","Terpopuler: Kontroversi Dadan Hindayana Eks Kepala BGN, Rekomendasi Sepatu Lari Underrated. Suara.com - Perubahan susunan jabatan di Badan Gizi Nasional (BGN) menuai perhatian publik. Pada Senin (2/6/2026) Dadan Hindayana resmi dicopot dari jabatan Kepala BGN dan digantikan oleh Nanik S Deyang.",negatif,0.9559
c29c895d6313,Kompas,2026-06-07,https://surabaya.kompas.com/read/2026/06/07/212225878/puluhan-siswa-diduga-keracunan-mbg-di-bangkalan-sppg-pastikan-sudah-sembuh,"Puluhan Siswa Diduga Keracunan MBG di Bangkalan, SPPG Pastikan Sudah Sembuh","Puluhan Siswa Diduga Keracunan MBG di Bangkalan, SPPG Pastikan Sudah Sembuh. Baca berita tanpa iklan. Gabung Kompas.com+ Kompas.com, 7 Juni 2026, 21:22 WIB BANGKALAN, KOMPAS.com - Puluhan siswa di Kecamatan Kokop, Kabupaten Bangkalan, Jawa Timur yang sebelumnya mengalami keracunan diduga karena mengonsumsi Makan Bergizi Gratis (MBG) telah dipulangkan dari puskesmas setempat.",negatif,0.956
b8fce9b9fa51,Kompas,2026-06-07,https://www.kompas.com/properti/read/2026/06/07/144929621/222-dapur-mbg-siap-beroperasi-tinggal-tunggu-pemeriksaan-bgn,"222 Dapur MBG Siap Beroperasi, Tinggal Tunggu Pemeriksaan BGN","222 Dapur MBG Siap Beroperasi, Tinggal Tunggu Pemeriksaan BGN. Baca berita tanpa iklan. Gabung Kompas.com+ Kompas.com, 7 Juni 2026, 14:49 WIB JAKARTA, KOMPAS.com - Kementerian Pekerjaan Umum (PU) telah merampungkan pembangunan 222 gedung Satuan Pelayanan Pemenuhan Gizi (SPPG) atau dapur Makan Bergizi Gratis (MBG) di seluruh Indonesia.",positif,0.9566
5245f3a5334f,Suara,2026-06-03,https://www.suara.com/lifestyle/2026/06/03/152500/nanik-s-deyang-lulusan-mana-ini-pendidikan-kepala-bgn-yang-baru,Nanik S Deyang Lulusan Mana? Ini Pendidikan Kepala BGN yang Baru,Nanik S Deyang Lulusan Mana? Ini Pendidikan Kepala BGN yang Baru. - Presiden Prabowo Subianto resmi melantik Nanik S Deyang sebagai Kepala Badan Gizi Nasional. - Nanik S Deyang menggantikan Dadan Hindayana mulai 2 Juni 2026.,netral,0.9567
7ca0edcab990,Detik,2026-06-05,https://www.detik.com/jatim/berita/d-8519103/84-siswa-bangkalan-keracunan-mbg-satgas-ungkap-hasil-investigasi,"84 Siswa Bangkalan Keracunan MBG, Satgas Ungkap Hasil Investigasi","84 Siswa Bangkalan Keracunan MBG, Satgas Ungkap Hasil Investigasi. Insiden keracunan massal menimpa 84 siswa SMAN 1 Kokop, Kecamatan Kokop, Bangkalan. Satgas MBG Bangkalan yang telah melakukan investigasi secara mendalam dengan cara meminta keterangan dari korban dan mengamankan sampel makanan.",negatif,0.9572
61bebe10f26c,Detik,2026-06-05,https://www.detik.com/sumut/berita/d-8517943/ucapan-selamat-eks-waka-bgn-sony-sanjaya-ke-nanik-usai-ditangkap-kejagung,Ucapan Selamat Eks Waka BGN Sony Sanjaya ke Nanik usai Ditangkap Kejagung,"Ucapan Selamat Eks Waka BGN Sony Sanjaya ke Nanik usai Ditangkap Kejagung. Ucapan Selamat Eks Waka BGN Sony Sanjaya ke Nanik usai Ditangkap Kejagung Jumat, 05 Jun 2026 02:00 WIB Jakarta - Mantan Wakil Kepala BGN, Sony Sonjaya, ditetapkan sebagai tersangka korupsi program MBG. Namun ia mengunggah ucapan selamat untuk Kepala BGN yang baru, Nanik S Deyang di Instagram.",negatif,0.9574
19cb6e196f5a,Detik,2026-06-05,https://finance.detik.com/berita-ekonomi-bisnis/d-8518465/4-gebrakan-bos-baru-bgn,4 Gebrakan Bos Baru BGN,4 Gebrakan Bos Baru BGN. Kepala Badan Gizi Nasional (BGN) Nanik Sudarti Deyang telah menyiapkan sejumlah rencana kerja yang berfokus pada efisiensi anggaran. Hal ini telah dikonsolidasikan secara internal di BGN usai dirinya diangkat sebagai Kepala Badan baru menggantikan Dadan Hindayana yang ditahan Kejagung akibat kasus korupsi.,netral,0.9575
0c3a61fcd803,Liputan6,2026-06-04,https://www.liputan6.com/news/read/7663245/prabowo-lantik-nanik-s-deyang-jadi-kepala-bgn-8-juni,Prabowo Lantik Nanik S Deyang Jadi Kepala BGN 8 Juni,"Prabowo Lantik Nanik S Deyang Jadi Kepala BGN 8 Juni. Liputan6.com, Jakarta - Presiden Prabowo Subianto akan melantik Nanik S Deyang sebagai Kepala Badan Gizi Nasional (BGN) pada Senin, 8 Juni 2026. Nanik menggantikan Dadan Hindayana yang menjadi tersangka kasus dugaan korupsi tata kelola Makan Bergizi Gratis (MBG).",netral,0.9583
7a593a557636,Suara,2026-06-04,https://www.suara.com/news/2026/06/04/164517/usut-korupsi-mbg-kejagung-buka-peluang-periksa-kepala-bgn-nanik-s-deyang,"Usut Korupsi MBG, Kejagung Buka Peluang Periksa Kepala BGN Nanik S Deyang","Usut Korupsi MBG, Kejagung Buka Peluang Periksa Kepala BGN Nanik S Deyang. - Kejagung menjadwalkan pemeriksaan saksi terkait dugaan korupsi tata kelola program Makan Bergizi Gratis di Badan Gizi Nasional. - Penyidik menetapkan Dadan Hindayana, Lodewyk Pusung, dan Sony Sonjaya sebagai tersangka korupsi yang merugikan keuangan negara melalui yayasan.",negatif,0.9585
49f52c681c63,Detik,2026-04-08,https://oto.detik.com/kendaraan-niaga/d-8435161/toyota-hilux-rangga-dikonversi-jadi-mobil-mbg-bisa-angkut-1-050-ompreng,"Toyota Hilux Rangga Dikonversi Jadi Mobil MBG, Bisa Angkut 1.050 Ompreng","Toyota Hilux Rangga Dikonversi Jadi Mobil MBG, Bisa Angkut 1.050 Ompreng. PT Toyota-Astra Motor (TAM) berpartisipasi dalam pameran kendaraan niaga Gaikindo Indonesia International Commercial Vehicle Expo (GIICOMVEC) pada 8-11 April 2026 di Hall B1-6 JIExpo Kemayoran, Jakarta. Toyota memamerkan salah satu model Hilux Rangga yang sudah dikonversi menjadi kendaraan pengangkut MBG (makan bergizi gratis).",positif,0.9586
4bea8c6d7b41,Suara,2026-06-04,https://www.suara.com/news/2026/06/04/180314/dpr-akan-perketat-pengawasan-bgn-usai-eks-pimpinan-jadi-tersangka-korupsi-mbg,DPR Akan Perketat Pengawasan BGN Usai Eks Pimpinan Jadi Tersangka Korupsi MBG.,DPR Akan Perketat Pengawasan BGN Usai Eks Pimpinan Jadi Tersangka Korupsi MBG.. - Kejaksaan Agung menetapkan tiga mantan pimpinan Badan Gizi Nasional sebagai tersangka korupsi pengadaan barang program Makan Bergizi Gratis. - Tiga tersangka diduga melakukan penggelembungan harga proyek yang merugikan keuangan negara selama periode tahun anggaran 2025 hingga 2026.,negatif,0.9587
95628d38f1cc,Tempo,2026-06-04,https://www.tempo.co/hukum/jaksa-belum-telusuri-dugaan-tppu-kasus-jual-beli-dapur-mbg-2242154,Jaksa Belum Telusuri Dugaan TPPU Kasus Jual Beli Dapur MBG,"Jaksa Belum Telusuri Dugaan TPPU Kasus Jual Beli Dapur MBG. PENYIDIK Kejaksaan Agung atau Kejagung menyatakan belum menelusuri dugaan tindak pidana pencucian uang (TPPU) dalam kasus dugaan korupsi program Makan Bergizi Gratis (MBG). Di perkara ini, jaksa baru menggali dugaan keterlibatan tiga mantan petinggi Badan Gizi Nasional (BGN) dalam sejumlah yayasan pengelola dapur MBG.",negatif,0.9588
bc79c73108a7,Detik,2026-06-03,https://inet.detik.com/law-and-policy/d-8516693/nanik-pimpin-bgn-meutya-soroti-peran-perempuan-di-level-strategis,"Nanik Pimpin BGN, Meutya Soroti Peran Perempuan di Level Strategis","Nanik Pimpin BGN, Meutya Soroti Peran Perempuan di Level Strategis. Menteri Komunikasi dan Digital (Menkomdigi) Meutya Hafid turut merespon terkait pergantian Kepala Badan Gizi Nasional (BGN) yang kini dipegang oleh Nanik S. Deyang.",positif,0.9588
2f3923b3618b,Detik,2026-05-07,https://www.detik.com/sumut/bisnis/d-8478329/ekonomi-aceh-tumbuh-4-09-mbg-rehab-pasca-bencana-jadi-pemicu,"Ekonomi Aceh Tumbuh 4,09%, MBG-Rehab Pasca Bencana Jadi Pemicu","Ekonomi Aceh Tumbuh 4,09%, MBG-Rehab Pasca Bencana Jadi Pemicu. Ekonomi Aceh pada triwulan I Tahun 2026 tumbuh 4,09 persen dibandingkan periode yang sama tahun lalu. Badan Pusat Statistik (BPS) mencatat ada sejumlah faktor pendorong pertumbuhan ekonomi di antaranya makan bergizi gratis (MBG) serta program rehabilitasi pasca bencana.",positif,0.9589
57f60a2033af,Detik,2026-06-01,https://www.detik.com/jabar/cirebon-raya/d-8513664/penjelasan-sppg-gunungmanik-majalangka-soal-dugaan-keracunan-mbg,Penjelasan SPPG Gunungmanik Majalangka soal Dugaan Keracunan MBG,"Penjelasan SPPG Gunungmanik Majalangka soal Dugaan Keracunan MBG. Pihak Satuan Pelayanan Pemenuhan Gizi (SPPG) di Desa Gunungmanik, Kecamatan Talaga, Kabupaten Majalengka, buka suara terkait puluhan penerima manfaat yang dilarikan ke fasilitas kesehatan usai menyantap menu Makan Bergizi Gratis (MBG) pada Jumat (29/5). Kepala SPPG Gunungmanik Dewi Andayani menilai, peristiwa tersebut diduga dipicu oleh waktu konsumsi makanan yang tidak sesuai dengan anjuran.",negatif,0.9592
95827bf4b034,Antara,2026-05-29,https://www.antaranews.com/berita/5586008/menkes-dijadwalkan-hadir-di-sorong-bahas-eliminasi-tbc-se-tanah-papua,"Menkes dijadwalkan hadir di Sorong, bahas eliminasi TBC se-Tanah Papua","Menkes dijadwalkan hadir di Sorong, bahas eliminasi TBC se-Tanah Papua. Semua kepala daerah akan membuat kesepakatan bersama untuk menghilangkan penyakit TBC yang selama ini masih dialami masyarakat di Papua, khususnya Papua Barat Daya Sorong (ANTARA) - Kota Sorong, Papua Barat Daya, menjadi tuan rumah kegiatan nasional pembahasan pemberantasan tuberkulosis (TBC) se-Tanah Papua yang diagendakan berlangsung pada 29-30 Mei 2026. Wali Kota Sorong Septinus Lobat di Sorong, Kamis, mengatakan kegiatan tersebut akan dihadiri sebanyak 42 kepala daerah dari seluruh wilayah Papua bersama perwakilan Kementerian dan Lembaga (K/l) terkait.",negatif,0.9593
05c7e928aabe,Suara,2026-06-05,https://www.suara.com/news/2026/06/05/074248/siap-buka-bukaan-sony-sanjaya-ajukan-jc-seret-nama-nama-besar-di-pusaran-korupsi-mbg,"Siap Buka-bukaan! Sony Sanjaya Ajukan JC, Seret Nama-nama Besar di Pusaran Korupsi MBG","Siap Buka-bukaan! Sony Sanjaya Ajukan JC, Seret Nama-nama Besar di Pusaran Korupsi MBG. - Mantan Wakil Kepala BGN Sony Sanjaya bersedia menjadi justice collaborator dalam kasus korupsi Program Makan Bergizi Gratis. - Keputusan ini disampaikan melalui kuasa hukum kepada Kejaksaan Agung guna mengungkap keterlibatan pihak eksekutif dan legislatif terkait.",negatif,0.9594
a8849b15008c,Antara,2026-05-29,https://www.antaranews.com/berita/5586785/mbg-komunikasi-pemerintah-dan-pertaruhan-kepercayaan-publik,"MBG, komunikasi Pemerintah, dan pertaruhan kepercayaan publik","MBG, komunikasi Pemerintah, dan pertaruhan kepercayaan publik. Salah satu yang banyak disorot warga adalah Program Makan Bergizi Gratis (MBG) Jakarta (ANTARA) - Dua dekade lalu, warga mengetahui program sosial pemerintah dari pengumuman di balai desa, papan informasi kelurahan, atau media massa. Pesan mengalir satu arah.",netral,0.9603
c631c8165bb9,Suara,2026-06-05,https://www.suara.com/news/2026/06/05/220927/presiden-punya-mata-dan-telinga-prabowo-pantau-terus-kasus-korupsi-imigrasi-dan-bgn,"'Presiden Punya Mata dan Telinga', Prabowo Pantau Terus Kasus Korupsi Imigrasi dan BGN","'Presiden Punya Mata dan Telinga', Prabowo Pantau Terus Kasus Korupsi Imigrasi dan BGN. - Presiden Prabowo memantau kasus korupsi di Direktorat Jenderal Imigrasi yang sedang ditangani oleh pihak Komisi Pemberantasan Korupsi. - KPK menetapkan Wakil Menteri Imigrasi Silmy Karim dan tujuh orang lainnya sebagai tersangka dugaan korupsi pengurusan izin tinggal.",negatif,0.9603
b2f8a5dbc7c2,Antara,2026-06-03,https://www.antaranews.com/berita/5593004/menkomdigi-kepala-bgn-tegaskan-peran-perempuan-di-program-nasional,Menkomdigi: Kepala BGN tegaskan peran perempuan di program nasional,Menkomdigi: Kepala BGN tegaskan peran perempuan di program nasional. Jakarta (ANTARA) - Menteri Komunikasi dan Digital (Menkomdigi) Meutya Hafid menilai penunjukan Nanik S. Deyang sebagai Kepala Kepala Badan Gizi Nasional (BGN) yang baru menegaskan peran perempuan dalam program strategis nasional untuk pemenuhan gizi anak-anak Indonesia.,positif,0.9608
10a253e458b9,Suara,2026-06-04,https://www.suara.com/video/2026/06/04/103105/detik-detik-eks-kepala-bgn-dadan-hindayana-diborgol-saat-penangkapan-di-rumahnya,Detik-detik Eks Kepala BGN Dadan Hindayana Diborgol saat Penangkapan di Rumahnya,"Detik-detik Eks Kepala BGN Dadan Hindayana Diborgol saat Penangkapan di Rumahnya. Suara.com - Mantan Kepala Badan Gizi Nasional (BGN) Dadan Hindayana ditahan dan ditetapkan sebagai tersangka kasus korupsi oleh Kejaksaan Agung. Dadan diduga sudah melakukan mark up pengadaan motor listrik, televisi, sepatu di lingkungan BGN serta pengadaan SPPG atau dapur MBG.",negatif,0.9608
c20a4e1d6327,Tempo,2026-06-03,https://www.tempo.co/arsip/carut-marut-badan-gizi-nasional-2217792,Carut-Marut Badan Gizi Nasional | tempo.co,"Carut-Marut Badan Gizi Nasional | tempo.co. Foto 1 dari 6Dadan Hindayana pertama kali dilantik menjadi Kepala Badan Gizi Nasional (BGN) oleh Presiden Joko Widodo di Istana Negara, Jakarta, 19 Agustus 2024. Namun, pada 2 Juni 2026, Presiden Prabowo Subianto resmi mencopot Dadan Hindayana dan menunjuk Wakil Kepala BGN, Nanik S.",negatif,0.9609
a2d22c8f21da,Tempo,2026-01-17,https://www.tempo.co/foto/menu-mbg-2107737,Menu MBG | tempo.co,"Menu MBG | tempo.co. Foto 1 dari 1Menu makan bergizi gratis (MBG) di Sekolah Dasar Negeri Kalibaru 01 Pagi Cilincing, Jakarta Utara, pada 8 Januari 2026. Badan Gizi Nasional berencana melibatkan guru dan mahasiswa untuk mengajarkan materi tentang gizi dalam makan bergizi di sekolah-sekolah penerima program ini untuk meningkatkan pemahaman akan nilai gizi dalam menu MBG.",netral,0.9611
e953b2070497,Antara,2026-05-24,https://www.antaranews.com/berita/5580181/kemarin-program-mbg-serap-128-juta-pekerja-hingga-antisipasi-kemarau,"Kemarin, Program MBG serap 1,28 juta pekerja hingga antisipasi kemarau","Kemarin, Program MBG serap 1,28 juta pekerja hingga antisipasi kemarau. Jakarta (ANTARA) - Beberapa peristiwa humaniora terjadi di Tanah Air di sepanjang hari Sabtu (23/5). Di antaranya, Program MBG serap 1,28 juta pekerja gerakkan perekonomian nasional hingga BPBD Lombok Tengah siapkan 300 tangki air hadapi musim kemarau Berikut rangkuman berita selengkapnya yang masih menarik untuk dibaca.",positif,0.9613
cb5c9c05615f,Suara,2026-06-05,https://www.suara.com/lifestyle/2026/06/05/133500/dadan-hindayana-apakah-tni-ini-rekam-jejak-eks-kepala-bgn,Dadan Hindayana Apakah TNI? Ini Rekam Jejak Eks Kepala BGN,Dadan Hindayana Apakah TNI? Ini Rekam Jejak Eks Kepala BGN. - Dadan Hindayana menjabat sebagai Kepala Badan Gizi Nasional pertama sejak 19 Agustus 2024. - Presiden Prabowo Subianto mencopot jabatan Dadan Hindayana.,netral,0.9613
d19f909e7c06,Tempo,2026-04-21,https://www.tempo.co/data/belanja-aneh-badan-gizi-nasional-2130779,Belanja Aneh Badan Gizi Nasional | tempo.co,"Belanja Aneh Badan Gizi Nasional | tempo.co. DI tengah wacana penghematan anggaran akibat kenaikan harga minyak dunia, pengadaan barang dan jasa Badan Gizi Nasional (BGN) menuai sorotan. Bau korupsi tercium lantaran barang yang dibeli BGN di atas harga pasar, perusahaan penyedia pernah tersangkut kasus rasuah, dan lainnya.",negatif,0.9617
a1cbe8f44b3c,Detik,2026-06-03,https://news.detik.com/foto-news/d-8516574/2-eks-wakil-kepala-bgn-juga-ditahan-kasus-korupsi-mbg,2 Eks Wakil Kepala BGN Juga Ditahan Kasus Korupsi MBG,2 Eks Wakil Kepala BGN Juga Ditahan Kasus Korupsi MBG. Jakarta - Kejagung menahan dua mantan Wakil Kepala BGN terkait kasus MBG. Keduanya telah ditetapkan sebagai tersangka dugaan korupsi.,negatif,0.9623
238917fbeea0,Suara,2026-06-04,https://www.suara.com/news/2026/06/04/184714/kejagung-sebut-aliran-dana-dadan-cs-berasal-dari-insentif-sppg-rp6-juta-per-hari,Kejagung Sebut Aliran Dana Dadan Cs Berasal dari Insentif SPPG Rp6 Juta Per Hari,Kejagung Sebut Aliran Dana Dadan Cs Berasal dari Insentif SPPG Rp6 Juta Per Hari. - Kejaksaan Agung menetapkan tiga mantan petinggi Badan Gizi Nasional sebagai tersangka kasus korupsi tata kelola Program Makan Bergizi. - Tersangka diduga menyalahgunakan insentif miliaran rupiah per hari melalui yayasan terafiliasi serta melakukan intervensi pengadaan barang dan jasa.,negatif,0.9626
c6253266b970,Tempo,2026-06-04,https://www.tempo.co/hukum/isu-ott-pimpinan-bgn-yang-disebut-hoaks-berujung-penahanan-2217835,Isu OTT Pimpinan BGN yang Disebut Hoaks Berujung Penahanan,"Isu OTT Pimpinan BGN yang Disebut Hoaks Berujung Penahanan. ISU operasi tangkap tangan (OTT) terhadap pimpinan Badan Gizi Nasional (BGN) yang sempat disebut hoaks kini berujung pada penetapan tersangka kasus korupsi oleh Kejaksaan Agung. Direktur Penyidikan Jaksa Agung Muda Tindak Pidana Khusus Kejaksaan Agung Syarief Sulaiman Nahdi pada Rabu, 3 Juni 2026, mengumumkan penetapan tiga tersangka dalam perkara dugaan korupsi tata kelola program Makan Bergizi Gratis (MBG) di BGN.",negatif,0.9627
a778dc3fcb6e,Suara,2026-06-04,https://www.suara.com/lifestyle/2026/06/04/141500/apa-itu-entomologi-ilmu-yang-digeluti-dadan-hindayana-sebelum-jadi-kepala-bgn,Apa itu Entomologi? Ilmu yang Digeluti Dadan Hindayana sebelum Jadi Kepala BGN,Apa itu Entomologi? Ilmu yang Digeluti Dadan Hindayana sebelum Jadi Kepala BGN. - Dadan Hindayana adalah pakar entomologi lulusan Jerman yang dilantik sebagai Kepala Badan Gizi Nasional pada 19 Agustus 2024. - Ilmu entomologi yang dikuasai Dadan berfokus pada studi serangga untuk mendukung ketahanan pangan serta pengelolaan ekosistem pertanian nasional.,netral,0.9627
16ccfcd08866,Tempo,2026-06-03,https://www.tempo.co/hukum/tiga-eks-pimpinan-bgn-ditahan-di-rutan-berbeda-2217848,Tiga Eks Pimpinan BGN Ditahan di Rutan Berbeda,"Tiga Eks Pimpinan BGN Ditahan di Rutan Berbeda. JAKSA menahan tiga mantan pejabat Badan Gizi Nasional (BGN) setelah menetapkan mereka sebagai tersangka kasus dugaan korupsi tata kelola program Makan Bergizi Gratis (MBG) periode 2025–2026. Ketiga tersangka tersebut ialah mantan Kepala BGN Dadan Hindayana serta dua mantan wakilnya, Inspektur Jenderal Polisi (Purnawirawan) Sony Sonjaya dan Letnan Jenderal TNI (Purnawirawan) Lodewyk Pusung.",negatif,0.9629
46ad8a2e813b,Liputan6,2026-05-23,https://berita.liputan6.com/peristiwa/read/7100294/program-mbg-serap-128-juta-pekerja-ekonomi-rakyat-bergerak,"Program MBG Serap 1,28 Juta Pekerja, Ekonomi Rakyat Bergerak","Program MBG Serap 1,28 Juta Pekerja, Ekonomi Rakyat Bergerak. Liputan6.com, Jakarta - Program Makan Bergizi Gratis (MBG) terus memberikan dampak signifikan terhadap penyerapan tenaga kerja dan perputaran ekonomi nasional. Hal tersebut disampaikan Badan Gizi Nasional (BGN) dalam statistik terbaru yang dirilis Jumat (22/5).",positif,0.9634
4afad1d5ad4f,Antara,2026-05-25,https://www.antaranews.com/berita/5581249/bgn-polri-koordinasi-tindak-lanjuti-kasus-jual-beli-titik-sppg,BGN-Polri koordinasi tindak lanjuti kasus jual beli titik SPPG,BGN-Polri koordinasi tindak lanjuti kasus jual beli titik SPPG. Jakarta (ANTARA) - Badan Gizi Nasional (BGN) berkoordinasi dengan Satgas Makan Bergizi Gratis (MBG) Polri guna menindaklanjuti maraknya kasus dugaan penipuan jual beli titik Satuan Pelayanan Pemenuhan Gizi (SPPG). Wakil Kepala BGN Irjen Pol.,negatif,0.9638
e32a95857830,Detik,2026-06-07,https://www.detik.com/jabar/berita/d-8522207/map-bupati-karawang-di-rumah-eks-kepala-bgn-aep-buka-suara,"Map 'Bupati Karawang' di Rumah Eks Kepala BGN, Aep Buka Suara","Map 'Bupati Karawang' di Rumah Eks Kepala BGN, Aep Buka Suara. Media sosial sempat dihebohkan dengan penampakan map bertuliskan ""Bupati Karawang"" yang tersorot kamera saat tim Kejaksaan Agung melakukan penggeledahan di kediaman eks Kepala Badan Gizi Nasional (BGN), Dadan Hindayana, beberapa waktu lalu. Menanggapi hal tersebut, Bupati Karawang Aep Syaepuloh buka suara.",netral,0.9641
12f5829759c5,Antara,2026-06-03,https://www.antaranews.com/berita/5591808/politik-kemarin-kepala-bgn-diganti-hingga-prabowo-santap-mbg,"Politik kemarin, Kepala BGN diganti hingga Prabowo santap MBG","Politik kemarin, Kepala BGN diganti hingga Prabowo santap MBG. Jakarta (ANTARA) - Beragam peristiwa politik telah terjadi pada Selasa (2/6) dan berikut lima berita pilihan yang dapat Anda baca kembali pada pagi ini, yakni mulai dari Kepala Badan Gizi Nasional (BGN) diganti hingga Presiden Prabowo Subianto menyantap Makan Bergizi Gratis (MBG). 1.",netral,0.9644
8021e49bff74,Suara,2026-06-04,https://www.suara.com/bisnis/2026/06/04/084220/purbaya-klaim-kemenkeu-ikut-laporkan-kasus-korupsi-eks-kepala-bgn-dadan-hindayana,Purbaya Klaim Kemenkeu Ikut Laporkan Kasus Korupsi Eks Kepala BGN Dadan Hindayana,Purbaya Klaim Kemenkeu Ikut Laporkan Kasus Korupsi Eks Kepala BGN Dadan Hindayana. - Kementerian Keuangan bersama BPKP berkontribusi mengungkap kasus korupsi tata kelola program Makan Bergizi Gratis di Jakarta. - Kejagung menetapkan mantan pimpinan BGN sebagai tersangka atas tindak pidana korupsi dan mark up pengadaan proyek.,negatif,0.9648
ae614a278269,Liputan6,2026-06-03,https://berita.liputan6.com/peristiwa/read/7623496/barang-disita-dari-penggeledahan-kantor-bgn-dan-rumah-dadan-hindayana-cs,Barang Disita dari Penggeledahan Kantor BGN dan Rumah Dadan Hindayana Cs,"Barang Disita dari Penggeledahan Kantor BGN dan Rumah Dadan Hindayana Cs. Liputan6.com, Jakarta - Kejaksaan Agung menggeledah kantor Badan Gizi Nasional (BGN) terkait dugaan korupsi tata kelola program Makan Bergizi Gratis (MBG). Penggeledahan juga dilakukan di rumah para tersangka Dadan Hindayana, Sony Sonjaya, dan Lodewyk Pusung.",negatif,0.9648
c925e6d5a792,Liputan6,2026-06-07,https://www.liputan6.com/cek-fakta/read/7755447/kumpulan-artikel-palsu-seputar-mbg-simak-faktanya,"Kumpulan Artikel Palsu Seputar MBG, Simak Faktanya","Kumpulan Artikel Palsu Seputar MBG, Simak Faktanya. Liputan6.com, Jakarta - Hoaks terkait Makan Bergizi Gratis (MBG) banyak beredar di masyarakat. Hoaks ini menyebar melalui media sosial maupun aplikasi percakapan.",negatif,0.9649
0628c8cc847f,Detik,2026-06-04,https://www.detik.com/jabar/berita/d-8517566/motor-listrik-tablet-belum-dibagikan-sppg-cianjur-pinjam-ke-mitra,"Motor Listrik-Tablet Belum Dibagikan, SPPG Cianjur Pinjam ke Mitra","Motor Listrik-Tablet Belum Dibagikan, SPPG Cianjur Pinjam ke Mitra. Polemik sepeda motor listrik dan tablet Badan Gizi Nasional (BGN) terus bergulir. Bahkan ternyata kedua fasilitas yang habiskan anggaran triliunan rupiah tersebut hingga saat ini belum didistribusikan.",negatif,0.9649
0fc19224386f,Liputan6,2026-01-13,https://www.liputan6.com/disabilitas/read/6255371/kemensos-kaji-integrasi-program-makan-lansia-dan-disabilitas-dengan-mbg,Kemensos Kaji Integrasi Program Makan Lansia dan Disabilitas dengan MBG,"Kemensos Kaji Integrasi Program Makan Lansia dan Disabilitas dengan MBG. Liputan6.com, Jakarta - Kementerian Sosial (Kemensos RI) mengkaji transformasi program permakanan bagi kelompok lanjut usia dan penyandang disabilitas. Rencananya, program permakanan ini akan diintegrasikan dengan program Makan Bergizi Gratis (MBG).",positif,0.9652
845cdbf4ac37,Liputan6,2026-06-04,https://www.liputan6.com/news/read/7654234/nasib-21801-motor-listrik-bgn-yang-dikorupsi-dadan-hindayana-cs,Nasib 21.801 Motor Listrik BGN yang Dikorupsi Dadan Hindayana Cs,"Nasib 21.801 Motor Listrik BGN yang Dikorupsi Dadan Hindayana Cs. Liputan6.com, Jakarta - Kejaksaan Agung menemukan indikasi pengadaan barang yang dilakukan Badan Gizi Nasional (BGN) dikorupsi. Mulai dari motor listrik, Sepatu, televisi hingga tablet.",negatif,0.9661
f9a9c6ef18c4,Suara,2026-05-12,https://www.suara.com/video/2026/05/12/110209/loloskan-motor-listrik-mbg-purbaya-copot-dirjen-anggaran-luky-alfirman,"Loloskan Motor Listrik MBG, Purbaya Copot Dirjen Anggaran Luky Alfirman","Loloskan Motor Listrik MBG, Purbaya Copot Dirjen Anggaran Luky Alfirman. Suara.com - Menteri Keuangan Purbaya Yudhi Sadewa mencopot Direktur Jenderal Anggaran Luky Alfirman. Langkah ini diambil setelah adanya pengesahan anggaran pengadaan 25 ribu unit motor listrik untuk program Makan Bergizi Gratis.",negatif,0.9663
9e751914881f,Tribunnews,2026-06-07,https://www.tribunnews.com/nasional/7839000/nasib-ribuan-motor-listrik-mbg-rp1-t-tak-beroperasi-dan-masih-tersimpan-di-gudang,"Nasib Ribuan Motor Listrik MBG Rp1 T, Tak Beroperasi dan Masih Tersimpan di Gudang - Tribunnews.com","Nasib Ribuan Motor Listrik MBG Rp1 T, Tak Beroperasi dan Masih Tersimpan di Gudang - Tribunnews.com. Kasus Korupsi di BGN Nasib Ribuan Motor Listrik MBG Rp1 T, Tak Beroperasi dan Masih Tersimpan di Gudang Kejagung tetapkan tiga eks pimpinan BGN tersangka dugaan korupsi pengadaan 21.801 motor listrik MBG senilai Rp1 triliun. Ringkasan Berita: - Kasus dugaan korupsi Program MBG kian melebar.",negatif,0.967
e2208159eb1a,Antara,2026-06-02,https://www.antaranews.com/berita/5591463/prabowo-copot-kepala-bgn-dadan-hindayana,Prabowo copot Kepala BGN Dadan Hindayana,"Prabowo copot Kepala BGN Dadan Hindayana. Jakarta (ANTARA) - Presiden Prabowo Subianto mencopot Dadan Hindayana sebagai Kepala Badan Gizi Nasional (BGN) terhitung sejak 2 Juni 2026. Menteri Sekretaris Negara (Mensesneg) Prasetyo Hadi, yang juga Juru Bicara Presiden RI, dalam jumpa pers di Kantor Presiden RI, Kompleks Istana Kepresidenan RI, Jakarta, Selasa malam, mengumumkan pencopotan tersebut.",negatif,0.9676
3b8590e5f743,Detik,2026-06-03,https://www.detik.com/edu/edutainment/d-8515527/profil-nanik-s-deyang-kepala-bgn-baru-alumnus-biologi-unsoed,"Profil Nanik S Deyang, Kepala BGN Baru Alumnus Biologi Unsoed","Profil Nanik S Deyang, Kepala BGN Baru Alumnus Biologi Unsoed. Sosok Nanik S Deyang kini tengah jadi sorotan publik setelah resmi ditunjuk Presiden Prabowo Subianto sebagai Kepala Badan Gizi Nasional (BGN) yang baru. Ia menggantikan Dadan Hindayana.",netral,0.9686
71a995a0c6ca,Detik,2026-05-17,https://www.detik.com/jatim/jogo-jatim/d-8491788/kapolri-target-1-500-sppg-beroperasi-tahun-ini-serap-68-ribu-tenaga-kerja,"Kapolri Target 1.500 SPPG Beroperasi Tahun Ini, Serap 68 Ribu Tenaga Kerja","Kapolri Target 1.500 SPPG Beroperasi Tahun Ini, Serap 68 Ribu Tenaga Kerja. Kepolisian Negara Republik Indonesia (Polri) terus tancap gas mendukung program prioritas pemerintah di bidang ketahanan pangan dan perbaikan gizi nasional. Korps Bhayangkara menargetkan pembangunan hingga 1.500 Satuan Pelayanan Pemenuhan Gizi (SPPG) di seluruh Indonesia sepanjang 2026 guna memperluas jangkauan pemenuhan gizi masyarakat.",positif,0.9691
d8150e9d4520,Tempo,2026-06-05,https://www.tempo.co/ekonomi/anggaran-mbg-per-mei-tembus-rp-88-15-triliun-2253118,"Anggaran MBG Per Mei Tembus Rp 88,15 Triliun","Anggaran MBG Per Mei Tembus Rp 88,15 Triliun. KEMENTERIAN Keuangan melaporkan bahwa sampai dengan 31 Mei 2026, realisasi penggunaan anggaran untuk program makan bergizi gratis (MBG) telah mencapai Rp 88,15 triliun. Angka tersebut meningkat 17,5 persen dari realisasi bulan sebelumnya yang mencapai Rp 75 triliun.",negatif,0.9693
7ccaee625419,Suara,2026-06-03,https://www.suara.com/entertainment/2026/06/03/085000/diduga-sindir-pencopotan-kepala-bgn-cuitan-kunto-aji-ramai-dibahas-jangan-senang-dulu,"Diduga Sindir Pencopotan Kepala BGN, Cuitan Kunto Aji Ramai Dibahas: Jangan Senang Dulu","Diduga Sindir Pencopotan Kepala BGN, Cuitan Kunto Aji Ramai Dibahas: Jangan Senang Dulu. - Musisi Kunto Aji mengunggah pernyataan di Threads pada Selasa malam terkait dinamika politik nasional yang sedang berlangsung. - Publik mengaitkan unggahan tersebut dengan kabar pencopotan Dadan Hindayana dari jabatannya sebagai Kepala Badan Gizi Nasional.",negatif,0.9697
e6ea2eb686cc,Detik,2026-05-26,https://www.detik.com/edu/sekolah/d-8505757/sekarang-kualitas-menu-mbg-bisa-dicek-guru-via-aplikasi-ini,Sekarang Kualitas Menu MBG Bisa Dicek Guru via Aplikasi Ini,Sekarang Kualitas Menu MBG Bisa Dicek Guru via Aplikasi Ini. Badan Gizi Nasional (BGN) meluncurkan aplikasi Reviu Menu MBG. Aplikasi ini diperuntukkan bagi pihak penanggung jawab MBG di lapangan untuk melihat statistik dan update terkini soal program Makan Bergizi Gratis (MBG).,positif,0.9697
06ab01367bd0,Tempo,2026-06-03,https://www.tempo.co/politik/bgn-digeledah-jaksa-dasco-serahkan-ke-aparat-hukum-2217741,"BGN Digeledah Jaksa, Dasco: Serahkan ke Aparat Hukum","BGN Digeledah Jaksa, Dasco: Serahkan ke Aparat Hukum. WAKIL Ketua Dewan Perwakilan Rakyat (DPR) Sufmi Dasco Ahmad mengatakan telah mendengar informasi penggeledahan oleh penyidik Kejaksaan di kantor Badan Gizi Nasional (BGN). Namun, ia belum memperoleh informasi lebih lanjut perihal kemungkinan adanya penangkapan dalam operasi tersebut.",negatif,0.9697
cb9c8e32578b,Tempo,2026-06-03,https://www.tempo.co/arsip/suasana-kantor-badan-gizi-nasional-ketika-digeledah-kejagung-2217723,Suasana Kantor Badan Gizi Nasional Ketika Digeledah Kejagung | tempo.co,"Suasana Kantor Badan Gizi Nasional Ketika Digeledah Kejagung | tempo.co. Foto 1 dari 6Papan karangan bunga di depan gedung ketika penggeledehan Kejaksaan Agung di kantor Badan Gizi Nasional, Kebon Sirih, Jakarta Pusat, 3 Juni 2026. Jampidsus Kejaksaan Agung (Kejagung) mulai melakukan pemeriksaan Kantor Badan Gizi Nasional (BGN) sejak pukul dua dini hari.",negatif,0.9697
e2ba708375b6,Suara,2026-06-04,https://www.suara.com/lifestyle/2026/06/04/071742/dadan-hindayana-dulu-kerja-apa-sebelum-jadi-kepala-bgn-kini-tersangka-korupsi-mbg,Dadan Hindayana Dulu Kerja Apa Sebelum Jadi Kepala BGN? Kini Tersangka Korupsi MBG,Dadan Hindayana Dulu Kerja Apa Sebelum Jadi Kepala BGN? Kini Tersangka Korupsi MBG. - Kejaksaan Agung menjemput Dadan Hindayana di kantor BGN pada Rabu (3/6/2026) terkait dugaan kasus tindak pidana korupsi. - Dadan dan dua mantan wakilnya ditetapkan sebagai tersangka atas markup pengadaan barang serta pelolosan unit layanan tidak layak.,negatif,0.9698
d8fccb078e30,Suara,2026-06-03,https://www.suara.com/video/2026/06/03/150051/kejagung-geledah-kantor-bgn-saat-pencopotan-dadan-dugaan-jual-beli-titik-mbg,Kejagung Geledah Kantor BGN Saat Pencopotan Dadan: Dugaan Jual Beli Titik MBG,"Kejagung Geledah Kantor BGN Saat Pencopotan Dadan: Dugaan Jual Beli Titik MBG. Suara.com - Kejaksaan Agung (Kejagung) membenarkan adanya penggeledahan di kantor Badan Gizi Nasional (BGN), lembaga yang mengelola program Makan Bergizi Gratis (MBG). Pelaksana Harian (Plh) Kepala Pusat Penerangan Hukum Kejagung, Mochamad Jeffry, mengonfirmasi langkah tersebut saat dikonfirmasi wartawan.",negatif,0.9702
f8e4b50ef388,Detik,2026-06-04,https://oto.detik.com/motor-listrik/d-8517993/kontroversi-motor-listrik-mbg-mirip-motor-china-ketahuan-di-markup,"Kontroversi Motor Listrik MBG: Mirip Motor China, Ketahuan Di-markup","Kontroversi Motor Listrik MBG: Mirip Motor China, Ketahuan Di-markup. Kejaksaan Agung (Kejagung) mengungkapkan Mantan Kepala Badan Gizi Nasional (BGN) Dadan Hindayana cs melakukan markup pada anggaran terkait program makan bergisi gratis (MBG). Salah satu markup yang dilakukan adalah pengadaan motor listrik untuk SPPG.",negatif,0.9711
a4c217772b16,Republika,2026-05-23,https://news.republika.co.id/berita/tfhb35368/libatkan-pemasok-lokal-program-mbg-buka-128-juta-lapangan-kerja,"Libatkan Pemasok Lokal, Program MBG Buka 1,28 Juta Lapangan Kerja |Republika Online","Libatkan Pemasok Lokal, Program MBG Buka 1,28 Juta Lapangan Kerja |Republika Online. REPUBLIKA.CO.ID, JAKARTA - Program Makan Bergizi Gratis (MBG) memberikan dampak signifikan terhadap penyerapan tenaga kerja dan perputaran ekonomi nasional. Hal tersebut disampaikan Badan Gizi Nasional (BGN) dalam statistik terbaru yang dirilis Jumat (22/5/2026).",positif,0.9712
16a07f2e6261,Liputan6,2026-06-03,https://berita.liputan6.com/politik/read/7617695/respons-wakil-ketua-dpr-dasco-soal-penggeledahan-bgn,Respons Wakil Ketua DPR Dasco soal Penggeledahan BGN,"Respons Wakil Ketua DPR Dasco soal Penggeledahan BGN. Liputan6.com, Jakarta - Wakil Ketua DPR Sufmi Dasco Ahmad menyerahkan sepenuhnya kepada Kejaksaan Agung (Kejagung) terkait penggeledahan kantor Badan Gizi Nasional (BGN) yang tengah dilakukan. Meski demikian, ia menegaskan belum menerima informasi terkait kabar penangkapan sejumlah pihak sebagai tindak lanjut dari penggeledahan tersebut.",negatif,0.9713
dfc5e46babbc,Detik,2026-06-04,https://www.detik.com/jabar/berita/d-8517421/sppg-pangandaran-ungkap-barang-pengadaan-yang-baru-diterima,SPPG Pangandaran Ungkap Barang Pengadaan yang Baru Diterima,"SPPG Pangandaran Ungkap Barang Pengadaan yang Baru Diterima. Para kepala Satuan Pelayanan Program Gizi (SPPG) di Pangandaran masih mengandalkan kendaraan pribadi dan mitra untuk operasional. Padahal, sebelumnya Kepala BGN era Dadan Handayana disebut telah melakukan pengadaan kendaraan listrik bagi para mitra.",negatif,0.9714
9d56ea074032,Liputan6,2026-06-04,https://berita.liputan6.com/peristiwa/read/7658161/alasan-kejagung-tak-sita-21801-motor-listrik-di-kasus-korupsi-bgn,Alasan Kejagung Tak Sita 21.801 Motor Listrik di Kasus Korupsi BGN,"Alasan Kejagung Tak Sita 21.801 Motor Listrik di Kasus Korupsi BGN. Liputan6.com, Jakarta - Kejaksaan Agung tidak melakukan penyitaan terhadap 21.801 unit motor listrik yang diduga terkait dengan kasus dugaan korupsi tata kelola Makan Bergizi Gratis (MBG) di Badan Gizi Nasional (BGN). Kejagung fokus pada proses mark up di balik pengadaan.",negatif,0.9721
58ef7aaaa196,Detik,2026-06-02,https://www.detik.com/bali/nusra/d-8515325/dapur-mbg-pertama-di-mataram-rampung-pemkot-tunggu-serah-terima-aset,"Dapur MBG Pertama di Mataram Rampung, Pemkot Tunggu Serah Terima Aset","Dapur MBG Pertama di Mataram Rampung, Pemkot Tunggu Serah Terima Aset. Kementerian Pekerjaan Umum (PU) telah merampungkan pembangunan dapur program Makan Bergizi Gratis (MBG) pertama di Kota Mataram, Nusa Tenggara Barat (NTB). Dapur yang dibangun di atas lahan milik Pemerintah Kota (Pemkot) Mataram itu kini tinggal menunggu kejelasan mekanisme penyerahan aset sebelum mulai beroperasi.",netral,0.9723
422bb973ab03,Liputan6,2026-06-04,https://www.liputan6.com/news/read/7659691/nanik-janji-bgn-lebih-hemat-anggaran-moratorium-dapur-mbg,"Nanik Janji BGN Lebih Hemat Anggaran, Moratorium Dapur MBG","Nanik Janji BGN Lebih Hemat Anggaran, Moratorium Dapur MBG. Liputan6.com, Jakarta - Kepala Badan Gizi Nasional (BGN) Nanik S. Deyang mengungkapkan arah kebijakan baru lembaganya usai ditunjuk Presiden Prabowo Subianto untuk menggantikan Dadan Hindayana.",positif,0.9725
d0b52c81dc3a,Liputan6,2026-06-04,https://www.liputan6.com/news/read/7656338/kejagung-geledah-sejumlah-lokasi-di-jakarta-kumpulkan-bukti-korupsi-mbg,"Kejagung Geledah Sejumlah Lokasi di Jakarta, Kumpulkan Bukti Korupsi MBG","Kejagung Geledah Sejumlah Lokasi di Jakarta, Kumpulkan Bukti Korupsi MBG. Liputan6.com, Jakarta - Penyidik Kejaksaan Agung terus mengumpulkan barang bukti dalam kasus dugaan korupsi tata kelola Program Makan Bergizi Gratis (MBG) yang menjerat mantan Kepala Badan Gizi Nasional (BGN) Dadan Hindayana bersama dua mantan wakilnya, Sony Sanjaya dan Lodewyk Pusung. Sejumlah lokasi kembali digeledah tim Jaksa Agung Muda Tindak Pidana Khusus (Jampidsus), Kamis (4/6/2026).",negatif,0.9726
97fb68a13060,Republika,2026-06-03,https://news.republika.co.id/berita/tg19ml409/alasan-dadan-hindayana-dicopot-dari-jabatan-kepala-bgn-menurut-dasco,Alasan Dadan Hindayana Dicopot dari Jabatan Kepala BGN Menurut Dasco |Republika Online,"Alasan Dadan Hindayana Dicopot dari Jabatan Kepala BGN Menurut Dasco |Republika Online. REPUBLIKA.CO.ID, JAKARTA -- Presiden Prabowo Subianto mencopot Dadan Hindayana sebagai Kepala Badan Gizi Nasional (BGN) terhitung sejak 2 Juni 2026. Wakil Ketua DPR RI Sufmi Dasco Ahmad mengatakan parlemen akan segera berkoordinasi dengan pimpinan Badan Gizi Nasional (BGN) yang baru untuk membicarakan perencanaan ke depan.",negatif,0.9728
64ad598bb1a9,Suara,2026-05-18,https://www.suara.com/video/2026/05/18/165000/pastikan-mbg-berlanjut-prabowo-ini-program-strategis-untuk-rakyat,"Pastikan MBG Berlanjut, Prabowo: Ini Program Strategis untuk Rakyat!","Pastikan MBG Berlanjut, Prabowo: Ini Program Strategis untuk Rakyat!. Suara.com - Prabowo Subianto menegaskan program Makan Bergizi Gratis (MBG) akan terus dilanjutkan sebagai bagian dari program strategis pemerintah untuk rakyat. Pernyataan tersebut disampaikan saat menghadiri agenda ketahanan pangan di Jawa Timur.",positif,0.9728
6ab8d33953be,Antara,2026-05-26,https://www.antaranews.com/berita/5582583/hukum-kemarin-polri-soal-blackout-sumatera-hingga-penipuan-titik-sppg,"Hukum kemarin, Polri soal blackout Sumatera hingga penipuan titik SPPG","Hukum kemarin, Polri soal blackout Sumatera hingga penipuan titik SPPG. Jakarta (ANTARA) - Beragam peristiwa hukum telah kami beritakan pada Senin (25/5), dan berikut lima berita pilihan untuk Anda baca pada pagi ini, seperti Polri berbicara soal pemadaman listrik massal atau blackout di Sumatera hingga dugaan penipuan jual beli titik SPPG. 1.",negatif,0.9732
c4fea44db720,Liputan6,2026-06-03,https://www.liputan6.com/news/read/7622530/korupsi-mbg-seret-eks-3-pimpinan-bgn-berapa-kerugian-negara,"Korupsi MBG Seret Eks 3 Pimpinan BGN, Berapa Kerugian Negara?","Korupsi MBG Seret Eks 3 Pimpinan BGN, Berapa Kerugian Negara?. Liputan6.com, Jakarta - Kejaksaan Agung (Kejagung) menetapkan tiga mantan pimpinan Badan Gizi Nasional (BGN), yakni Dadan Hindayana, Sony Sonjaya, dan Lodewyk Pusung, sebagai tersangka dalam kasus dugaan korupsi jual beli titik Satuan Pelayanan Program Gizi (SPPG). Penetapan tersangka tersebut diumumkan Kejagung pada Rabu (3/6/2026).",negatif,0.9734
d785220c119b,Liputan6,2026-02-26,https://www.liputan6.com/opini/read/6286703/disetujui-pdip-kini-disebut-maling-membaca-polemik-anggaran-mbg-secara-jernih,"Disetujui PDIP, Kini Disebut Maling: Membaca Polemik Anggaran MBG Secara Jernih","Disetujui PDIP, Kini Disebut Maling: Membaca Polemik Anggaran MBG Secara Jernih. Liputan6.com, Jakarta - Polemik mengenai Program Makan Bergizi Gratis (MBG) kembali memanas. Ada yang menyebutnya sebagai ""maling berkedok gizi"" karena ditempatkan dalam fungsi anggaran pendidikan.",negatif,0.9737
692362236698,Liputan6,2026-06-04,https://www.liputan6.com/news/read/7642465/surat-sony-sonjaya-ke-kepala-bgn-baru-usai-jadi-tersangka-terima-kasih-atas-hadiah-indah,Surat Sony Sonjaya ke Kepala BGN Baru Usai Jadi Tersangka: Terima Kasih Atas Hadiah Indah,"Surat Sony Sonjaya ke Kepala BGN Baru Usai Jadi Tersangka: Terima Kasih Atas Hadiah Indah. Liputan6.com, Jakarta - Mantan Wakil Kepala Badan Gizi Nasional (BGN), Sony Sonjaya, menuliskan surat untuk kepala BGN baru, Nanik S Deyang. Surat tersebut diunggah oleh akun instagram @sonysonjayabd pada Rabu (3/6/2026) sekira pukul 22.30 WIB, atau setelah Sony ditetapkan sebagai salah satu tersangka dalam kasus dugaan korupsi program Makan Bergizi Gratis (MBG).",negatif,0.9739
0efa4c034a22,Tempo,2026-06-03,https://www.tempo.co/hukum/jaksa-boyong-boks-dan-dokumen-dari-kantor-bgn-2217801,Jaksa Boyong Boks dan Dokumen dari Kantor BGN,"Jaksa Boyong Boks dan Dokumen dari Kantor BGN. TIM Jaksa Agung Muda Tindak Pidana Khusus (Jampidsus) Kejaksaan Agung membawa sejumlah barang dari kantor Badan Gizi Nasional (BGN) di Jalan Kebon Sirih, Jakarta Pusat, seusai penggeledahan pada Rabu, 3 Juni 2026. Pantauan Tempo, jaksa membawa satu boks kontainer berkelir biru-putih dan beberapa map cokelat ke dalam mobil Toyota Kijang Innova bernomor polisi B 1615 SQP sekitar pukul 17.18 WIB.",negatif,0.9739
f72f3a8c02b1,Tempo,2026-06-03,https://www.tempo.co/hukum/mantan-kepala-bgn-dadan-hindayana-tersangka-korupsi-2217797,Mantan Kepala BGN Dadan Hindayana Tersangka Korupsi,Mantan Kepala BGN Dadan Hindayana Tersangka Korupsi. JAKSA menetapkan tiga tersangka dalam kasus dugaan korupsi penyimpangan tata kelola program Makan Bergizi Gratis (MBG) di Badan Gizi Nasional (BGN) pada periode 2025–2026. Direktur Penyidikan Jaksa Agung Muda Tindak Pidana Khusus Kejaksaan Agung Syarief Sulaiman Nahdi mengatakan penyidik menetapkan ketiga tersangka setelah mengantongi dua alat bukti yang cukup.,negatif,0.9743
0f8f9f57f676,Detik,2026-06-04,https://news.detik.com/foto-news/d-8517659/mbg-tetap-jalan-di-tengah-bayang-bayang-korupsi,MBG Tetap Jalan di Tengah Bayang-bayang Korupsi,"MBG Tetap Jalan di Tengah Bayang-bayang Korupsi. Jakarta - Program MBG tetap dibagikan kepada siswa di berbagai sekolah. Di saat bersamaan, dugaan korupsi pengelolaan anggarannya tengah diusut.",negatif,0.9747
ff2f26ecf700,Tempo,2026-06-03,https://www.tempo.co/politik/cerita-pegawai-bgn-kantornya-digeledah-jaksa-2217707,Cerita Pegawai BGN Kantornya Digeledah Jaksa,"Cerita Pegawai BGN Kantornya Digeledah Jaksa. SALAH satu pegawai Badan Gizi Nasional (BGN) mengatakan sampai pukul 11.00 WIB, kantornya masih digeledah oleh Jaksa Agung. Saat ini, ruangan yang masih digeledah berada di lantai 2.",negatif,0.9749
1b024daa211f,Antara,2026-06-05,https://www.antaranews.com/berita/5595041/politik-kemarin-isu-menkeu-mundur-hingga-kerja-sama-pertahanan,"Politik kemarin, isu Menkeu mundur hingga kerja sama pertahanan","Politik kemarin, isu Menkeu mundur hingga kerja sama pertahanan. Jakarta (ANTARA) - Berbagai peristiwa politik kemarin (4/6) menjadi sorotan, mulai dari Istana bantah isu pengunduran diri Menteri Keuangan hingga TNI dan SAF perkuat kerja sama pertahanan melalui TSASM ke-22. Berikut rangkuman ANTARA untuk berita politik kemarin yang menarik untuk kembali dibaca: 1.",negatif,0.9752
644b3854a799,Tempo,2026-06-03,https://www.tempo.co/politik/istana-soal-dugaan-jual-beli-titik-dapur-mbg-sedang-diaudit-2217711,Istana soal Dugaan Jual-Beli Titik Dapur MBG: Sedang Diaudit,"Istana soal Dugaan Jual-Beli Titik Dapur MBG: Sedang Diaudit. MENTERI Sekretaris Negara Prasetyo Hadi menyatakan dugaan praktik jual-beli titik satuan pelayanan pemenuhan gizi (SPPG) atau dapur makan bergizi gratis alias MBG dalam proses audit di lingkup internal. Prasetyo menyampaikan hal ini saat menjawab pertanyaan ihwal keterkaitan dugaan praktik jual-beli dapur MBG dengan pencopotan tiga petinggi Badan Gizi Nasional, Selasa malam, 2 Juni 2026.",negatif,0.9754
ba9d42fcc24c,Tempo,2026-03-09,https://www.tempo.co/cekfakta/keliru-jurnalis-cnn-diana-valencia-ditahan-polisi-setelah-meliput-mbg-2120600,Keliru: Jurnalis CNN Diana Valencia Ditahan Polisi setelah Meliput MBG,Keliru: Jurnalis CNN Diana Valencia Ditahan Polisi setelah Meliput MBG. UNGGAHAN kolase foto di akun X [arsip] dan Facebook mengklaim penangkapan jurnalis CNN Diana Valencia pada 5 Maret 2026. Narasi yang menyertainya menyebut Valencia ditahan setelah membongkar kasus keracunan program Makan Bergizi Gratis (MBG) di hadapan presiden.,negatif,0.9768
3416c0438665,Liputan6,2026-06-03,https://www.liputan6.com/news/read/7621313/kejagung-tetapkan-dadan-hindayana-sony-dan-lodewyk-tersangka-tata-kelola-mbg,"Kejagung Tetapkan Dadan Hindayana, Sony, dan Lodewyk Tersangka Tata Kelola MBG","Kejagung Tetapkan Dadan Hindayana, Sony, dan Lodewyk Tersangka Tata Kelola MBG. Liputan6.com, Jakarta - Kejaksaan Agung (Kejagung) menetapkan tiga mantan pimpinan Badan Gizi Nasional (BGN), yakni Dadan Hindayana, Sony Sonjaya, dan Lodewyk Pusung, sebagai tersangka dalam kasus dugaan korupsi tata kelola Makan Bergizi Gratis (MBG). Penetapan tersangka tersebut diumumkan langsung Kejagung pada Rabu (3/6/2026).",negatif,0.9772
55deae7d7aa8,Liputan6,2026-06-03,https://berita.liputan6.com/peristiwa/read/7621568/dadan-hindayana-sony-dan-lodewyk-jadi-tersangka-kasus-tata-kelola-mbg,"Dadan Hindayana, Sony, dan Lodewyk Jadi Tersangka Kasus Tata Kelola MBG","Dadan Hindayana, Sony, dan Lodewyk Jadi Tersangka Kasus Tata Kelola MBG. Liputan6.com, Jakarta - Kejaksaan Agung (Kejagung) menetapkan tiga mantan pimpinan Badan Gizi Nasional (BGN), yakni Dadan Hindayana, Sony Sonjaya, dan Lodewyk Pusung, sebagai tersangka dalam kasus dugaan korupsi tata kelola program makan bergizi gratis (MBG). Penetapan tersebut diumumkan langsung oleh Kejagung pada Rabu (3/6/2026).",negatif,0.9773
7d2bfef45825,Detik,2026-06-05,https://www.detik.com/jatim/berita/d-8518917/total-84-siswa-sman-1-kokop-bangkalan-keracunan-mbg-12-masih-dirawat,"Total 84 Siswa SMAN 1 Kokop Bangkalan Keracunan MBG, 12 Masih Dirawat","Total 84 Siswa SMAN 1 Kokop Bangkalan Keracunan MBG, 12 Masih Dirawat. Sebanyak 12 dari 84 siswa SMAN 1 Kokop, Kecamatan Kokop, Bangkalan yang diduga keracunan Makan Bergizi Gratis (MBG) pada Kamis (4/6) masih harus menjalani perawatan intensif di Puskesmas setempat. Puluhan siswa lainnya telah diizinkan pulang ke rumah masing-masing setelah kondisi mereka membaik usai mendapatkan penanganan medis.",negatif,0.9773
fb8d1dc758f1,Detik,2026-06-03,https://www.detik.com/edu/perguruan-tinggi/d-8516209/kemdiktisaintek-izinkan-kampus-dirikan-sppg-tapi,"Kemdiktisaintek Izinkan Kampus Dirikan SPPG, Tapi..","Kemdiktisaintek Izinkan Kampus Dirikan SPPG, Tapi... Mantan Kepala Badan Gizi Nasional (BGN) Dadan Hindayana sempat menyebut kampus bisa mulai mempertimbangkan untuk memiliki setidaknya satu Satuan Pelayanan Pemenuhan Gizi (SPPG). Menurutnya, ini untuk membantu peningkatan gizi nasional.",positif,0.9774
d49e382dbe4f,Liputan6,2026-06-02,https://www.liputan6.com/regional/read/7594235/babak-baru-penanganan-kasus-jual-beli-titik-sppg-di-batam,Babak Baru Penanganan Kasus Jual Beli Titik SPPG di Batam,"Babak Baru Penanganan Kasus Jual Beli Titik SPPG di Batam. Liputan6.com, Jakarta - Penanganan kasus jual beli titik Satuan Pelayanan Pemenuhan Gizi (SPPG) senilai Rp 400 juta di Kota Batam memasuki babak baru. Status perkara telah ditingkatkan ke tahap penyidikan.",negatif,0.9776
2ce02e2fb396,Suara,2026-06-05,https://www.suara.com/news/2026/06/05/155016/tersangka-korupsi-mbg-sony-sonjaya-ajukan-diri-jadi-justice-collaborator-siap-ungkap-pihak-lain,"Tersangka Korupsi MBG Sony Sonjaya Ajukan Diri Jadi Justice Collaborator, Siap Ungkap Pihak Lain","Tersangka Korupsi MBG Sony Sonjaya Ajukan Diri Jadi Justice Collaborator, Siap Ungkap Pihak Lain. - Tersangka Sony Sonjaya mengajukan diri sebagai justice collaborator dalam kasus dugaan korupsi tata kelola program Makan Bergizi Gratis. - Permohonan status tersebut disampaikan secara resmi kepada Kejaksaan Agung usai pemeriksaan tersangka pada Kamis, 4 Juni lalu.",negatif,0.9777
1cf7da34a24f,Suara,2026-06-05,https://www.suara.com/news/2026/06/05/132432/sony-sanjaya-ajukan-jc-klaim-ditekan-nama-besar-bukan-otak-di-balik-korupsi-mbg,"Sony Sanjaya Ajukan JC: Klaim Ditekan Nama Besar, Bukan Otak di Balik Korupsi MBG!","Sony Sanjaya Ajukan JC: Klaim Ditekan Nama Besar, Bukan Otak di Balik Korupsi MBG!. - Mantan Wakil Kepala Badan Gizi Nasional, Sony Sanjaya, berencana mengajukan diri sebagai justice collaborator dalam kasus korupsi MBG. - Permohonan JC akan disampaikan kepada Jampidsus Kejaksaan Agung pada Senin, 8 Juni 2026, untuk mengungkap tekanan pihak tertentu.",negatif,0.9778
9beee78b3298,Detik,2026-06-03,https://www.detik.com/bali/hukum-dan-kriminal/d-8516532/dadan-cs-langsung-ditetapkan-jadi-tersangka-korupsi-mbg,Dadan Cs Langsung Ditetapkan Jadi Tersangka Korupsi MBG,"Dadan Cs Langsung Ditetapkan Jadi Tersangka Korupsi MBG. Kejaksaan Agung (Kejagung) resmi menahan mantan Kepala Badan Gizi Nasional (BGN) Dadan Hindayana bersama dua mantan wakilnya, Sony Sonjaya dan Lodewyk Pusung. Ketiganya ditetapkan sebagai tersangka dalam kasus dugaan korupsi tata kelola program Makan Bergizi Gratis (MBG) tahun anggaran 2025-2026.",negatif,0.9781
4ded4b5f538c,Kompas,2026-06-06,https://www.kompas.com/properti/read/2026/06/06/192342821/dikejar-target-mbg-kementerian-pu-selesaikan-222-sppg-di-30-provinsi,"Dikejar Target MBG, Kementerian PU Selesaikan 222 SPPG di 30 Provinsi","Dikejar Target MBG, Kementerian PU Selesaikan 222 SPPG di 30 Provinsi. Baca berita tanpa iklan. Gabung Kompas.com+ Kompas.com, 6 Juni 2026, 19:23 WIB JAKARTA, KOMPAS.com - Kementerian Pekerjaan Umum (PU) telah menyelesaikan pembangunan 222 gedung Satuan Pelayanan Pemenuhan Gizi (SPPG) yang tersebar di 30 provinsi di Indonesia.",netral,0.9788
7f964a0f0b79,Tempo,2026-06-03,https://www.tempo.co/hukum/jaksa-jemput-eks-pimpinan-bgn-di-rumah-dan-hotel-2217845,Jaksa Jemput Eks Pimpinan BGN di Rumah dan Hotel,"Jaksa Jemput Eks Pimpinan BGN di Rumah dan Hotel. JAKSA merilis proses penjemputan tiga tersangka kasus dugaan korupsi penyimpangan tata kelola program Makan Bergizi Gratis (MBG) di Badan Gizi Nasional (BGN) periode 2025–2026. Dalam video yang dirilis Kejaksaan Agung, penyidik menjemput mantan Kepala BGN Dadan Hindayana di kediamannya di kawasan Bogor.",negatif,0.9789
d05acc36049b,Liputan6,2026-06-04,https://www.liputan6.com/news/read/7648320/kondisi-terkini-kantor-bgn-sehari-setelah-digeledah-kejagung,Kondisi Terkini Kantor BGN Sehari Setelah Digeledah Kejagung,"Kondisi Terkini Kantor BGN Sehari Setelah Digeledah Kejagung. Liputan6.com, Jakarta - Aktivitas di kantor Badan Gizi Nasional (BGN) di Kebon Sirih, Jakarta Pusat, kembali berjalan normal pada Kamis (4/6/2026) setelah sebelumnya digeledah oleh penyidik Kejaksaan Agung (Kejagung). Tak terlihat ada penjagaan oleh personel TNI seperti hari sebelumnya.",negatif,0.979
8733a1edbdc2,Antara,2026-06-06,https://www.antaranews.com/berita/5596511/purbaya-sebut-belanja-negara-capai-rp13654-triliun-hingga-mei-2026,"Purbaya sebut belanja negara capai Rp1.365,4 triliun hingga Mei 2026","Purbaya sebut belanja negara capai Rp1.365,4 triliun hingga Mei 2026. Jakarta (ANTARA) - Menteri Keuangan (Menkeu) Purbaya Yudhi Sadewa melaporkan realisasi belanja negara hingga Mei 2026 mencapai Rp1.365,4 triliun atau 35,5 persen dari target APBN 2026 sebesar Rp3.842,7 triliun. Realisasi tersebut tumbuh 34,4 persen dibandingkan periode yang sama tahun sebelumnya.",negatif,0.979
797b9e57037e,Antara,2026-06-03,https://www.antaranews.com/berita/5593209/presiden-prabowo-copot-pejabat-bgn-saya-tak-mau-uang-rakyat-dicuri,"Presiden Prabowo copot pejabat BGN: ""Saya tak mau uang rakyat dicuri""","Presiden Prabowo copot pejabat BGN: ""Saya tak mau uang rakyat dicuri"". Saya tidak mau uang rakyat dicuri dan tidak ada pengecualian. Saya katakan, berat bagi saya waktu saya tanda tangan, berat.",negatif,0.9795
a0d44d7b4185,Tempo,2026-06-03,https://www.tempo.co/arsip/kejaksaan-agung-tahan-tiga-eks-pimpinan-bgn-2217816,Kejaksaan Agung Tahan Tiga Eks Pimpinan BGN | tempo.co,"Kejaksaan Agung Tahan Tiga Eks Pimpinan BGN | tempo.co. Foto 1 dari 6Mantan Kepala Badan Gizi Nasional Dadan Hindayana resmi mengenakan rompi tahanan setelah menjalani pemeriksaan di Gedung Jampidsus Kejaksaan Agung, Jakarta, 3 Juni 2026. Kejaksaan Agung resmi meningkatkan status perkara ke tahap penyidikan dengan menetapkan Dadan sebagai tersangka serta melakukan penahanan selama 20 hari pertama terkait kasus dugaan korupsi tata kelola Satuan Pelayanan Program Gizi (SPPG) pada program Makan Bergizi Gratis.",negatif,0.98
277ff0488a0c,Suara,2026-06-05,https://www.suara.com/news/2026/06/05/120613/sony-sonjaya-ajukan-jc-siap-ungkap-nama-nama-besar-di-balik-korupsi-mbg,"Sony Sonjaya Ajukan JC, Siap Ungkap Nama-nama Besar di Balik Korupsi MBG","Sony Sonjaya Ajukan JC, Siap Ungkap Nama-nama Besar di Balik Korupsi MBG. - Mantan Wakil Kepala BGN Sony Sonjaya mengajukan diri sebagai Justice Collaborator kepada Kejaksaan Agung terkait korupsi program MBG. - Sony berencana membuka keterlibatan tokoh eksekutif dan legislatif dalam dugaan korupsi pengadaan barang program MBG periode 2025-2026.",negatif,0.9802
7a1b20197b2f,CNN Indonesia,2026-06-05,https://www.cnnindonesia.com/tv/20260605164404-400-1365826/video-kejagung-masih-hitung-kerugian-negara-dalam-kasus-korupsi-mbg,VIDEO: Kejagung Masih Hitung Kerugian Negara dalam Kasus Korupsi MBG,"VIDEO: Kejagung Masih Hitung Kerugian Negara dalam Kasus Korupsi MBG. VIDEO: Kejagung Masih Hitung Kerugian Negara dalam Kasus Korupsi MBG CNN Indonesia TV | CNN Indonesia Jumat, 05 Jun 2026 17:00 WIB Jakarta, CNN Indonesia -- Sejak 3 Juni, sejumlah lokasi di Jakarta digeledah Kejaksaan Agung terkait dugaan kasus korupsi Program Makan Bergizi Gratis (MBG). Hingga kini, tim penyidik masih menghitung besaran kerugian negara serta nominal dugaan penggelembungan dana yang dilakukan para tersangka.",negatif,0.9804
7e3d5b0ea160,Detik,2026-06-06,https://news.detik.com/foto-news/d-8519811/bingkai-sepekan-eks-kepala-bgn-dadan-tersangka-hingga-dolar-as-tembus-rp18-000,Bingkai Sepekan: Eks Kepala BGN Dadan Tersangka hingga Dolar AS Tembus Rp18.000,"Bingkai Sepekan: Eks Kepala BGN Dadan Tersangka hingga Dolar AS Tembus Rp18.000. Jakarta - Peristiwa politik, hukum dan ekonomi mewarnai jagat berita sepekan. Mulai dari eks Kepala BGN Dadan ditahan Kejagung hingga Dolar AS tembus Rp 18.000.",negatif,0.9808
96456dd013d4,Suara,2026-06-04,https://www.suara.com/entertainment/2026/06/04/092000/bikin-syok-jerome-polin-pakai-logika-matematika-hitung-duit-yang-dikorupsi-dadan-hindayana-dari-mbg,Bikin Syok! Jerome Polin Pakai Logika Matematika Hitung Duit yang Dikorupsi Dadan Hindayana dari MBG,"Bikin Syok! Jerome Polin Pakai Logika Matematika Hitung Duit yang Dikorupsi Dadan Hindayana dari MBG. - Kepala Badan Gizi Nasional, Dadan Hindayana, diduga menerima insentif miliaran rupiah setiap hari dari program Makan Bergizi Gratis. - Jerome Polin memaparkan ilustrasi matematis nominal tersebut yang mencapai sebelas ribu rupiah per detik melalui platform Threads.",negatif,0.981
3faa54866f0a,Republika,2026-06-04,https://ekonomi.republika.co.id/berita/tg3ea5416/pemerintah-sepakati-kenaikan-het-minyakita,Pemerintah Sepakati Kenaikan HET Minyakita |Republika Online,"Pemerintah Sepakati Kenaikan HET Minyakita |Republika Online. REPUBLIKA.CO.ID, JAKARTA -- Pemerintah menyepakati penyesuaian harga eceran tertinggi (HET) Minyakita menyusul kenaikan harga crude palm oil (CPO) dalam beberapa waktu terakhir. Besaran HET baru masih menunggu hasil pemantauan harga CPO sebelum ditetapkan secara resmi.",netral,0.9819
105adf698982,Liputan6,2026-06-05,https://www.liputan6.com/bisnis/read/7699889/222-dapur-mbg-siap-diserahkan-ke-badan-gizi-nasional,222 Dapur MBG Siap Diserahkan ke Badan Gizi Nasional,"222 Dapur MBG Siap Diserahkan ke Badan Gizi Nasional. Liputan6.com, Jakarta - Menteri Pekerjaan Umum (Menteri PU), Dody Hanggodo mengungkap telah menyelesaikan pembangunan 222 bangunan satuan pelayanan pemenuhan gizi (SPPG). Seluruhnya akan segera diserahkan kepada Badan Gizi Nasional (BGN).",netral,0.9823
42f8df4cf0bd,Suara,2026-02-27,https://www.suara.com/health/2026/02/27/115800/5-fakta-keracunan-mbg-cimahi-pengelola-minta-maaf-menu-ini-diduga-jadi-penyebab,"5 Fakta Keracunan MBG Cimahi: Pengelola Minta Maaf, Menu Ini Diduga Jadi Penyebab","5 Fakta Keracunan MBG Cimahi: Pengelola Minta Maaf, Menu Ini Diduga Jadi Penyebab. - Sebanyak 43 penerima Program Makan Bergizi Gratis di Cimahi keracunan massal pada Rabu (25/2/2026) sore. - Korban yang terdampak meliputi siswa, guru, bayi, dan balita dari lima institusi pendidikan di Cimahi Tengah.",negatif,0.9823
97d8b7317d18,Liputan6,2026-01-07,https://www.liputan6.com/disabilitas/read/6252040/istana-tampung-usulan-mbg-untuk-penyandang-disabilitas-dan-anak-jalanan,Istana Tampung Usulan MBG untuk Penyandang Disabilitas dan Anak Jalanan,"Istana Tampung Usulan MBG untuk Penyandang Disabilitas dan Anak Jalanan. Liputan6.com, Jakarta - Istana memberi respons terkait usulan program Makan Bergizi Gratis (MBG) untuk penyandang disabilitas dan anak jalanan. Usulan ini ditampung oleh Menteri Sekretaris Negara (Mensesneg) Prasetyo Hadi.",positif,0.9827
d92fac31fe66,Detik,2026-06-05,https://www.detik.com/sumut/hukum-dan-kriminal/d-8518983/ajukan-jadi-justice-collaborator-eks-waka-bgn-sony-mau-buka-kasus-mbg,"Ajukan jadi Justice Collaborator, Eks Waka BGN Sony Mau Buka Kasus MBG","Ajukan jadi Justice Collaborator, Eks Waka BGN Sony Mau Buka Kasus MBG. Mantan Wakil Kepala Badan Gizi Nasional (BGN) Sony Sonjaya berencana mengajukan diri sebagai justice collaborator (JC) atau saksi pelaku yang bekerja sama dalam pengungkapan kasus dugaan korupsi tata kelola program Makan Bergizi Gratis (MBG) di BGN periode 2025-2026. Sony diketahui menjadi salah satu dari tiga tersangka yang telah ditetapkan dalam perkara tersebut.",negatif,0.9831
c7516dd612df,Tempo,2026-04-16,https://www.tempo.co/kolom/hambur-anggaran-mbg-badan-gizi-nasional-2129303,Hambur Anggaran Badan Gizi,Hambur Anggaran Badan Gizi. Ringkasan Berita - Sejumlah proyek di BGN terindikasi bermasalah karena tanpa proses tender. - Proyek penyewaan jasa EO dan pembelian sepeda motor listrik merupakan dua proyek yang diduga bermasalah.,negatif,0.9836
6179e9462f87,Tempo,2026-06-04,https://www.tempo.co/politik/survei-poltracking-tingkat-kepuasan-ke-mbg-55-6-persen-2236731,"Survei Poltracking: Tingkat Kepuasan ke MBG 55,6 Persen","Survei Poltracking: Tingkat Kepuasan ke MBG 55,6 Persen. LEMBAGA survei Poltracking merilis hasil survei terbaru. Dalam sigi tersebut, Poltracking salah satunya menanyakan tingkat kepuasan responden untuk program makan bergizi gratis (MBG).",positif,0.9838
be2cad9de98b,Liputan6,2026-06-03,https://berita.liputan6.com/peristiwa/read/7612344/begini-situasi-penggeledahan-ruang-pimpinan-bgn,Begini Situasi Penggeledahan Ruang Pimpinan BGN,"Begini Situasi Penggeledahan Ruang Pimpinan BGN. Liputan6.com, Jakarta - Penyidik Kejaksaan Agung menggeledah kantor Badan Gizi Nasional (BGN) di Jalan Kebon Sirih, Jakarta Pusat (Jakpus), Rabu (3/6/2026). Penggeledahan dikabarkan dilakukan sejak pukul dua dini hari.",negatif,0.9847
b301701a8cd1,Suara,2026-06-03,https://www.suara.com/tekno/2026/06/03/145540/5-momen-viral-dadan-pimpin-bgn-sempat-tak-sejalan-dengan-purbaya-kini-dijemput-kejagung,"5 Momen Viral Dadan Pimpin BGN: Sempat Tak Sejalan dengan Purbaya, Kini Dijemput Kejagung","5 Momen Viral Dadan Pimpin BGN: Sempat Tak Sejalan dengan Purbaya, Kini Dijemput Kejagung. - Dadan Hindayana resmi dicopot dari jabatannya sebagai Kepala BGN. - Dadan Hindayana terlibat lima momen viral dan kontroversial selama memimpin.",negatif,0.9849
4e2fbf9fe572,Tempo,2026-04-07,https://www.tempo.co/cekfakta/keliru-ekonomi-indonesia-tumbuh-8-persen-di-tengah-perang-berkat-mbg-2127150,Keliru: Ekonomi Indonesia Tumbuh 8 Persen di Tengah Perang Berkat MBG,Keliru: Ekonomi Indonesia Tumbuh 8 Persen di Tengah Perang Berkat MBG. AKUN Prabgemoy di TikTok [arsip] mengunggah klaim bahwa pertumbuhan ekonomi Indonesia menembus delapan persen di tengah perang Iran melawan Israel dan Amerika Serikat pada 15 Maret 2026. Video berdurasi 29 detik itu menyebut Program Makan Bergizi Gratis (MBG) menjadi motor penggerak utama lonjakan ekonomi tersebut.,positif,0.985
33c3cef06a8b,Suara,2026-05-23,https://www.suara.com/video/2026/05/23/200000/idai-peringatkan-bgn-terkait-risiko-susu-formula-di-program-mbg,IDAI Peringatkan BGN terkait Risiko Susu Formula di Program MBG,"IDAI Peringatkan BGN terkait Risiko Susu Formula di Program MBG. Suara.com - Ikatan Dokter Anak Indonesia atau IDAI menyoroti risiko distribusi susu formula dalam Program Makan Bergizi Gratis atau MBG. Peringatan itu disampaikan IDAI melalui siaran pers resmi pada Kamis, 21 Mei 2026.",negatif,0.9853
be89ac22893b,Tempo,2026-06-04,https://www.tempo.co/politik/sony-sanjaya-tulis-surat-untuk-nanik-bgn-terima-kasih-hadiah-indahnya-2217978,Sony Sanjaya Tulis Surat untuk Nanik BGN: Terima Kasih Hadiah Indahnya,"Sony Sanjaya Tulis Surat untuk Nanik BGN: Terima Kasih Hadiah Indahnya. MANTAN Wakil Kepala Badan Gizi Nasional yang kini jadi tersangka kasus tata kelola program Makan Bergizi Gratis (MBG), Sony Sonjaya, menulis surat untuk Kepala Badan Gizi Nasional yang baru, Nanik Sudaryati Deyang. Tulisan tangan tersebut diunggah melalui akun Instagram pribadinya, @sonysonjaya, pada Rabu, 3 Juni 2026.",netral,0.9853
d0eaea76f7c0,Liputan6,2026-06-04,https://www.liputan6.com/news/read/7644733/prabowo-undang-pengusaha-as-di-acara-mbg-dulu-miskin-kini-kaya,"Prabowo Undang Pengusaha AS di Acara MBG: Dulu Miskin, Kini Kaya","Prabowo Undang Pengusaha AS di Acara MBG: Dulu Miskin, Kini Kaya. Liputan6.com, Jakarta - Presiden Prabowo Subianto mengundang seorang motivator sekaligus pengusaha Amerika Serikat (AS), Tony Robbins untuk berbicara di hadapan 12.173 penggerak dan mitra Makan Bergizi Gratis (MBG), Rabu 4 Juni 2026. Sosok tersebut bernama Tony Robbins.",positif,0.9854
085fe0d1203d,Detik,2026-06-07,https://www.detik.com/bali/berita/d-8521685/prabowo-tiba-di-renon-denpasar-pakai-helikopter-siswa-teriakkan-mbg,"Prabowo Tiba di Renon Denpasar Pakai Helikopter, Siswa Teriakkan 'MBG'","Prabowo Tiba di Renon Denpasar Pakai Helikopter, Siswa Teriakkan 'MBG'. Presiden Prabowo Subianto tiba di Lapangan Puputan Margarana Niti Mandala, Renon, Denpasar, Bali. Prabowo terbang menggunakan helikopter setelah sebelumnya mengunjungi Sekolah Rakyat Menengah Pertama (SRMP) 17 Tabanan di Sentra Mahatmiya, Tabanan, Bali.",positif,0.9876
1e8bd0e35356,Antara,2026-05-29,https://www.antaranews.com/berita/5586188/rupiah-menguat-seiring-laporan-kesepakatan-gencatan-senjata-as-iran,Rupiah menguat seiring laporan kesepakatan gencatan senjata AS-Iran,"Rupiah menguat seiring laporan kesepakatan gencatan senjata AS-Iran. Jakarta (ANTARA) - Nilai tukar rupiah pada Jumat pagi bergerak menguat 32 poin atau 0,18 persen menjadi Rp17.814 dolar AS dibandingkan penutupan sebelumnya di level Rp17.846 per dolar AS. Analis Bank Woori Saudara, Rully Nova mengatakan penguatan rupiah karena adanya kesepakatan gencatan senjata baru selama 60 hari antara AS dengan Iran.",positif,0.9876
0311e212d0d5,Suara,2026-06-03,https://www.suara.com/video/2026/06/03/181203/detik-detik-eks-kepala-bgn-dadan-hindayana-jadi-tersangka-masuk-mobil-tahanan,"Detik-detik Eks Kepala BGN Dadan Hindayana Jadi Tersangka, Masuk Mobil Tahanan","Detik-detik Eks Kepala BGN Dadan Hindayana Jadi Tersangka, Masuk Mobil Tahanan. Suara.com - Kejaksaan Agung resmi menahan mantan Kepala BGN Dadan Hindayana serta dua wakilnya pada Rabu, 4 Juni 2026. Penahanan dilakukan setelah Presiden Prabowo Subianto mencopot jabatan ketiga orang tersebut akibat adanya proses penyelidikan hukum.",negatif,0.989
17325689140b,Detik,2026-04-09,https://oto.detik.com/motor/d-8436121/terungkap-harga-beli-motor-listrik-buat-mbg-rp-42-juta,Terungkap Harga Beli Motor Listrik Buat MBG: Rp 42 Juta,Terungkap Harga Beli Motor Listrik Buat MBG: Rp 42 Juta. Kepala BGN mengungkap harga beli motor listrik yang diperuntukkan operasional MBG. Satu unitnya dibanderol Rp 42 juta.,netral,0.9891
49fc38c1c7f2,Tempo,2026-06-03,https://www.tempo.co/arsip/nanik-s-deyang-relawan-prabowo-sejak-2019-dilantik-jadi-kepala-bgn-2217670,"Nanik S. Deyang, Relawan Prabowo Sejak 2019 Dilantik Jadi Kepala BGN | tempo.co","Nanik S. Deyang, Relawan Prabowo Sejak 2019 Dilantik Jadi Kepala BGN | tempo.co. Nanik Sudaryati Deyang resmi ditunjuk sebagai Kepala Badan Gizi Nasional (BGN) menggantikan Dadan Hindayana. Pergantian jabatan tersebut disampaikan Mensesneg Prasetyo Hadi dalam konferensi pers, Selasa 2 Juni 2026.",netral,0.9893
488b97f0e3fd,Detik,2026-06-04,https://finance.detik.com/berita-ekonomi-bisnis/d-8517343/tunjuk-hidung-mitra-mbg-yang-curang-prabowo-kembalilah-ke-jalan-yang-benar,"Tunjuk Hidung Mitra MBG yang Curang, Prabowo: Kembalilah ke Jalan yang Benar!","Tunjuk Hidung Mitra MBG yang Curang, Prabowo: Kembalilah ke Jalan yang Benar!. Presiden Prabowo Subianto menyinggung mitra pelaksana program Makan Bergizi Gratis (MBG) yang telah berbuat curang untuk segera mengaku. Saking kesalnya, Prabowo menyebut mitra SPPG tersebut dengan kata kasar, brengsek.",negatif,0.9896
b442028b6c33,Antara,2026-06-07,https://www.antaranews.com/berita/5597431/kementerian-pu-rampungkan-222-gedung-sppg,Kementerian PU rampungkan 222 gedung SPPG,"Kementerian PU rampungkan 222 gedung SPPG. Jakarta (ANTARA) - Menteri Pekerjaan Umum (PU) Dody Hanggodo mengungkapkan pihaknya telah merampungkan 222 gedung Satuan Pelayanan Pemenuhan Gizi (SPPG) yang tersebar di 30 provinsi seluruh Indonesia. Menurut dia, jumlah tersebut mencakup gedung SPPG di wilayah tertinggal, terdepan, dan terluar (3T).",positif,0.9897
a8abfd6e4e3d,Tempo,2026-06-07,https://www.tempo.co/politik/prabowo-dikabarkan-akan-melantik-kepala-bgn-besok-2253478,Prabowo Dikabarkan Akan Melantik Kepala BGN Besok,"Prabowo Dikabarkan Akan Melantik Kepala BGN Besok. PRESIDEN Prabowo Subianto akan melantik tiga pejabat baru Badan Gizi Nasional pada Senin, 8 Juni 2026. Mereka yang bakal dilantik adalah Kepala BGN Nanik Sudaryati Deyang, beserta dua wakilnya, Agustina Arumsari dan Mayor Jenderal TNI Trenggono.",netral,0.9898
ff2f2b6ee4f8,Detik,2026-04-07,https://oto.detik.com/motor/d-8432736/spesifikasi-motor-listrik-buat-operasional-mbg-harga-mulai-rp-49-jutaan,"Spesifikasi Motor Listrik Buat Operasional MBG, Harga Mulai Rp 49 Jutaan","Spesifikasi Motor Listrik Buat Operasional MBG, Harga Mulai Rp 49 Jutaan. Puluhan motor listrik bakal digunakan buat operasional program MBG (Makan Bergizi Gratis). Begini spek motor listrik yang diketahui harganya Rp 49 jutaan itu.",netral,0.9901
9bc8c006e383,CNN Indonesia,2026-06-06,https://www.cnnindonesia.com/nasional/20260606165607-12-1366153/maki-sebut-modus-korupsi-mbg-amatiran-mainkan-harga-dan-atur-tender,MAKI Sebut Modus Korupsi MBG Amatiran: Mainkan Harga dan Atur Tender,"MAKI Sebut Modus Korupsi MBG Amatiran: Mainkan Harga dan Atur Tender. MAKI Sebut Modus Korupsi MBG Amatiran: Mainkan Harga dan Atur Tender Koordinator Masyarakat Anti Korupsi Indonesia (MAKI) Boyamin Saiman menyebut modus korupsi tata kelola program Makan Bergizi Gratis (MBG) yang dilakukan eks Kepala Badan Gizi Nasional (BGN) Dadan Hindayana cs amatiran. ""Kita prihatin sebenarnya kok masih ada aja pejabat yang korupsi, dan cara korupsinya pun itu menurut versi saya itu adalah cara yang sangat amatiran.",negatif,0.9903
d1cc805aed24,Antara,2026-06-05,https://www.antaranews.com/berita/5595137/ihsg-berpotensi-volatil-seiring-pasar-cermati-sentimen-domestik-global,IHSG berpotensi volatil seiring pasar cermati sentimen domestik-global,"IHSG berpotensi volatil seiring pasar cermati sentimen domestik-global. Jakarta (ANTARA) - Indeks Harga Saham Gabungan (IHSG) Bursa Efek Indonesia (BEI) pada Jumat berpotensi bergerak volatil seiring pelaku pasar mencermati sentimen dari domestik maupun global. IHSG pada Jumat pagi dibuka menguat 6,71 poin atau 0,11 persen ke posisi 5.846,49.",netral,0.9917
f8c62d5ef773,Suara,2026-06-04,https://www.suara.com/news/2026/06/04/222750/istana-jadwalkan-pelantikan-pimpinan-bgn-nanik-s-deyang-dkk-pekan-depan,Istana Jadwalkan Pelantikan Pimpinan BGN Nanik S Deyang Dkk Pekan Depan,Istana Jadwalkan Pelantikan Pimpinan BGN Nanik S Deyang Dkk Pekan Depan. - Presiden Prabowo Subianto resmi melantik pimpinan baru Badan Gizi Nasional yang dijadwalkan berlangsung pada pekan depan di Jakarta. - Nanik S.,netral,0.9937
